path,flood_prob,is_hard_negative
/Users/aanyasingh/Projects/imagevalidation2/data/FloodingDataset2/processed_data/binary/train/non_flood/river/river_000191.jpg,0.7733484953641891,True
/Users/aanyasingh/Projects/imagevalidation2/data/FloodingDataset2/processed_data/binary/train/non_flood/street_clear/street_clear_000291.jpg,0.5291744768619537,True
/Users/aanyasingh/Projects/imagevalidation2/data/FloodingDataset2/processed_data/binary/train/non_flood/street_clear/street_clear_000287.jpg,0.4290199875831604,True
/Users/aanyasingh/Projects/imagevalidation2/data/FloodingDataset2/processed_data/binary/train/non_flood/river/river_000098.jpg,0.4004794955253601,True
/Users/aanyasingh/Projects/imagevalidation2/data/FloodingDataset2/processed_data/binary/train/non_flood/river/river_000365.jpg,0.37715303897857666,True
/Users/aanyasingh/Projects/imagevalidation2/data/FloodingDataset2/processed_data/binary/train/non_flood/street_clear/street_clear_000473.jpg,0.28842586278915405,True
/Users/aanyasingh/Projects/imagevalidation2/data/FloodingDataset2/processed_data/binary/train/non_flood/building/building_000163.jpg,0.28811347484588623,True
/Users/aanyasingh/Projects/imagevalidation2/data/FloodingDataset2/processed_data/binary/train/non_flood/river/river_000038.jpg,0.2681259512901306,True
/Users/aanyasingh/Projects/imagevalidation2/data/FloodingDataset2/processed_data/binary/train/non_flood/river/river_000034.jpg,0.249656081199646,True
/Users/aanyasingh/Projects/imagevalidation2/data/FloodingDataset2/processed_data/binary/train/non_flood/river/river_000273.jpg,0.24211537837982178,True
/Users/aanyasingh/Projects/imagevalidation2/data/FloodingDataset2/processed_data/binary/train/non_flood/river/river_000152.jpg,0.24129927158355713,True
/Users/aanyasingh/Projects/imagevalidation2/data/FloodingDataset2/processed_data/binary/train/non_flood/plant/plant_000144.jpg,0.21571075916290283,True
/Users/aanyasingh/Projects/imagevalidation2/data/FloodingDataset2/processed_data/binary/train/non_flood/swimming_pool/swimming_pool_000046.jpg,0.19820350408554077,True
/Users/aanyasingh/Projects/imagevalidation2/data/FloodingDataset2/processed_data/binary/train/non_flood/building/building_000169.jpg,0.1974407434463501,True
/Users/aanyasingh/Projects/imagevalidation2/data/FloodingDataset2/processed_data/binary/train/non_flood/building/building_000175.jpg,0.1955699324607849,True
/Users/aanyasingh/Projects/imagevalidation2/data/FloodingDataset2/processed_data/binary/train/non_flood/river/river_000310.jpg,0.18719184398651123,True
/Users/aanyasingh/Projects/imagevalidation2/data/FloodingDataset2/processed_data/binary/train/non_flood/swimming_pool/swimming_pool_000091.jpg,0.1868649125099182,True
/Users/aanyasingh/Projects/imagevalidation2/data/FloodingDataset2/processed_data/binary/train/non_flood/street_clear/street_clear_000267.jpg,0.17548012733459473,True
/Users/aanyasingh/Projects/imagevalidation2/data/FloodingDataset2/processed_data/binary/train/non_flood/park_walkway/park_walkway_000189.jpg,0.17359250783920288,True
/Users/aanyasingh/Projects/imagevalidation2/data/FloodingDataset2/processed_data/binary/train/non_flood/plant/plant_000126.jpg,0.16704535484313965,True
/Users/aanyasingh/Projects/imagevalidation2/data/FloodingDataset2/processed_data/binary/train/non_flood/street_clear/street_clear_000509.jpg,0.1626264452934265,True
/Users/aanyasingh/Projects/imagevalidation2/data/FloodingDataset2/processed_data/binary/train/non_flood/street_clear/street_clear_000285.jpg,0.15829837322235107,True
/Users/aanyasingh/Projects/imagevalidation2/data/FloodingDataset2/processed_data/binary/train/non_flood/street_clear/street_clear_000567.jpg,0.15798288583755493,True
/Users/aanyasingh/Projects/imagevalidation2/data/FloodingDataset2/processed_data/binary/train/non_flood/street_clear/street_clear_000469.jpg,0.15275108814239502,True
/Users/aanyasingh/Projects/imagevalidation2/data/FloodingDataset2/processed_data/binary/train/non_flood/river/river_000183.jpg,0.14724880456924438,True
/Users/aanyasingh/Projects/imagevalidation2/data/FloodingDataset2/processed_data/binary/train/non_flood/street_clear/street_clear_000357.jpg,0.14694541692733765,True
/Users/aanyasingh/Projects/imagevalidation2/data/FloodingDataset2/processed_data/binary/train/non_flood/river/river_000044.jpg,0.13985580205917358,True
/Users/aanyasingh/Projects/imagevalidation2/data/FloodingDataset2/processed_data/binary/train/non_flood/vehicle/vehicle_000137.jpg,0.1368722915649414,True
/Users/aanyasingh/Projects/imagevalidation2/data/FloodingDataset2/processed_data/binary/train/non_flood/building/building_000173.jpg,0.13514924049377441,True
/Users/aanyasingh/Projects/imagevalidation2/data/FloodingDataset2/processed_data/binary/train/non_flood/street_clear/street_clear_000177.jpg,0.12916666269302368,True
/Users/aanyasingh/Projects/imagevalidation2/data/FloodingDataset2/processed_data/binary/train/non_flood/street_clear/street_clear_000277.jpg,0.12794142961502075,True
/Users/aanyasingh/Projects/imagevalidation2/data/FloodingDataset2/processed_data/binary/train/non_flood/plant/plant_000120.jpg,0.12571948766708374,True
/Users/aanyasingh/Projects/imagevalidation2/data/FloodingDataset2/processed_data/binary/train/non_flood/river/river_000286.jpg,0.12527251243591309,True
/Users/aanyasingh/Projects/imagevalidation2/data/FloodingDataset2/processed_data/binary/train/non_flood/building/building_000039.jpg,0.12387216091156006,True
/Users/aanyasingh/Projects/imagevalidation2/data/FloodingDataset2/processed_data/binary/train/non_flood/swimming_pool/swimming_pool_000072.jpg,0.12212514877319336,True
/Users/aanyasingh/Projects/imagevalidation2/data/FloodingDataset2/processed_data/binary/train/non_flood/street_clear/street_clear_000000.jpg,0.12190943956375122,True
/Users/aanyasingh/Projects/imagevalidation2/data/FloodingDataset2/processed_data/binary/train/non_flood/street_clear/street_clear_000555.jpg,0.11983084678649902,True
/Users/aanyasingh/Projects/imagevalidation2/data/FloodingDataset2/processed_data/binary/train/non_flood/park_walkway/park_walkway_000258.jpg,0.11804485321044922,True
/Users/aanyasingh/Projects/imagevalidation2/data/FloodingDataset2/processed_data/binary/train/non_flood/river/river_000030.jpg,0.11564993858337402,True
/Users/aanyasingh/Projects/imagevalidation2/data/FloodingDataset2/processed_data/binary/train/non_flood/river/river_000128.jpg,0.10577207803726196,True
/Users/aanyasingh/Projects/imagevalidation2/data/FloodingDataset2/processed_data/binary/train/non_flood/river/river_000151.jpg,0.10464614629745483,True
/Users/aanyasingh/Projects/imagevalidation2/data/FloodingDataset2/processed_data/binary/train/non_flood/river/river_000320.jpg,0.10278475284576416,True
/Users/aanyasingh/Projects/imagevalidation2/data/FloodingDataset2/processed_data/binary/train/non_flood/street_clear/street_clear_000422.jpg,0.10181689262390137,True
/Users/aanyasingh/Projects/imagevalidation2/data/FloodingDataset2/processed_data/binary/train/non_flood/street_clear/street_clear_000071.jpg,0.10053068399429321,True
/Users/aanyasingh/Projects/imagevalidation2/data/FloodingDataset2/processed_data/binary/train/non_flood/street_clear/street_clear_000225.jpg,0.10009247064590454,True
/Users/aanyasingh/Projects/imagevalidation2/data/FloodingDataset2/processed_data/binary/train/non_flood/river/river_000136.jpg,0.09901696443557739,True
/Users/aanyasingh/Projects/imagevalidation2/data/FloodingDataset2/processed_data/binary/train/non_flood/building/building_000026.jpg,0.0973207950592041,True
/Users/aanyasingh/Projects/imagevalidation2/data/FloodingDataset2/processed_data/binary/train/non_flood/river/river_000036.jpg,0.09660780429840088,True
/Users/aanyasingh/Projects/imagevalidation2/data/FloodingDataset2/processed_data/binary/train/non_flood/street_clear/street_clear_000575.jpg,0.09332007169723511,True
/Users/aanyasingh/Projects/imagevalidation2/data/FloodingDataset2/processed_data/binary/train/non_flood/river/river_000134.jpg,0.09320110082626343,True
/Users/aanyasingh/Projects/imagevalidation2/data/FloodingDataset2/processed_data/binary/train/non_flood/park_walkway/park_walkway_000393.jpg,0.09125548601150513,True
/Users/aanyasingh/Projects/imagevalidation2/data/FloodingDataset2/processed_data/binary/train/non_flood/building/building_000222.jpg,0.09052956104278564,True
/Users/aanyasingh/Projects/imagevalidation2/data/FloodingDataset2/processed_data/binary/train/non_flood/plant/plant_000149.jpg,0.09047257900238037,True
/Users/aanyasingh/Projects/imagevalidation2/data/FloodingDataset2/processed_data/binary/train/non_flood/plant/plant_000135.jpg,0.09025907516479492,True
/Users/aanyasingh/Projects/imagevalidation2/data/FloodingDataset2/processed_data/binary/train/non_flood/street_clear/street_clear_000508.jpg,0.09017395973205566,True
/Users/aanyasingh/Projects/imagevalidation2/data/FloodingDataset2/processed_data/binary/train/non_flood/river/river_000206.jpg,0.08999848365783691,True
/Users/aanyasingh/Projects/imagevalidation2/data/FloodingDataset2/processed_data/binary/train/non_flood/street_clear/street_clear_000477.jpg,0.08982229232788086,True
/Users/aanyasingh/Projects/imagevalidation2/data/FloodingDataset2/processed_data/binary/train/non_flood/river/river_000251.jpg,0.08914041519165039,True
/Users/aanyasingh/Projects/imagevalidation2/data/FloodingDataset2/processed_data/binary/train/non_flood/park_walkway/park_walkway_000102.jpg,0.08824294805526733,True
/Users/aanyasingh/Projects/imagevalidation2/data/FloodingDataset2/processed_data/binary/train/non_flood/building/building_000231.jpg,0.08773815631866455,True
/Users/aanyasingh/Projects/imagevalidation2/data/FloodingDataset2/processed_data/binary/train/non_flood/river/river_000016.jpg,0.08592188358306885,True
/Users/aanyasingh/Projects/imagevalidation2/data/FloodingDataset2/processed_data/binary/train/non_flood/river/river_000012.jpg,0.08534574508666992,True
/Users/aanyasingh/Projects/imagevalidation2/data/FloodingDataset2/processed_data/binary/train/non_flood/river/river_000222.jpg,0.08445006608963013,True
/Users/aanyasingh/Projects/imagevalidation2/data/FloodingDataset2/processed_data/binary/train/non_flood/river/river_000017.jpg,0.08308917284011841,True
/Users/aanyasingh/Projects/imagevalidation2/data/FloodingDataset2/processed_data/binary/train/non_flood/river/river_000087.jpg,0.08284759521484375,True
/Users/aanyasingh/Projects/imagevalidation2/data/FloodingDataset2/processed_data/binary/train/non_flood/river/river_000001.jpg,0.08275330066680908,True
/Users/aanyasingh/Projects/imagevalidation2/data/FloodingDataset2/processed_data/binary/train/non_flood/park_walkway/park_walkway_000119.jpg,0.08114969730377197,True
/Users/aanyasingh/Projects/imagevalidation2/data/FloodingDataset2/processed_data/binary/train/non_flood/street_clear/street_clear_000465.jpg,0.08086800575256348,True
/Users/aanyasingh/Projects/imagevalidation2/data/FloodingDataset2/processed_data/binary/train/non_flood/vehicle/vehicle_000076.jpg,0.08069920539855957,True
/Users/aanyasingh/Projects/imagevalidation2/data/FloodingDataset2/processed_data/binary/train/non_flood/building/building_000059.jpg,0.07940864562988281,True
/Users/aanyasingh/Projects/imagevalidation2/data/FloodingDataset2/processed_data/binary/train/non_flood/street_clear/street_clear_000069.jpg,0.07900112867355347,True
/Users/aanyasingh/Projects/imagevalidation2/data/FloodingDataset2/processed_data/binary/train/non_flood/street_clear/street_clear_000332.jpg,0.07887834310531616,True
/Users/aanyasingh/Projects/imagevalidation2/data/FloodingDataset2/processed_data/binary/train/non_flood/park_walkway/park_walkway_000401.jpg,0.07839947938919067,True
/Users/aanyasingh/Projects/imagevalidation2/data/FloodingDataset2/processed_data/binary/train/non_flood/vehicle/vehicle_000112.jpg,0.07752668857574463,True
/Users/aanyasingh/Projects/imagevalidation2/data/FloodingDataset2/processed_data/binary/train/non_flood/park_walkway/park_walkway_000323.jpg,0.07624661922454834,True
/Users/aanyasingh/Projects/imagevalidation2/data/FloodingDataset2/processed_data/binary/train/non_flood/river/river_000068.jpg,0.07515698671340942,True
/Users/aanyasingh/Projects/imagevalidation2/data/FloodingDataset2/processed_data/binary/train/non_flood/river/river_000063.jpg,0.07464015483856201,True
/Users/aanyasingh/Projects/imagevalidation2/data/FloodingDataset2/processed_data/binary/train/non_flood/plant/plant_000056.jpg,0.0745348334312439,True
/Users/aanyasingh/Projects/imagevalidation2/data/FloodingDataset2/processed_data/binary/train/non_flood/river/river_000186.jpg,0.07444822788238525,True
/Users/aanyasingh/Projects/imagevalidation2/data/FloodingDataset2/processed_data/binary/train/non_flood/street_clear/street_clear_000571.jpg,0.0737830400466919,True
/Users/aanyasingh/Projects/imagevalidation2/data/FloodingDataset2/processed_data/binary/train/non_flood/vehicle/vehicle_000024.jpg,0.07220947742462158,True
/Users/aanyasingh/Projects/imagevalidation2/data/FloodingDataset2/processed_data/binary/train/non_flood/river/river_000373.jpg,0.07194596529006958,True
/Users/aanyasingh/Projects/imagevalidation2/data/FloodingDataset2/processed_data/binary/train/non_flood/building/building_000171.jpg,0.07158011198043823,True
/Users/aanyasingh/Projects/imagevalidation2/data/FloodingDataset2/processed_data/binary/train/non_flood/swimming_pool/swimming_pool_000014.jpg,0.07144796848297119,True
/Users/aanyasingh/Projects/imagevalidation2/data/FloodingDataset2/processed_data/binary/train/non_flood/river/river_000031.jpg,0.07139283418655396,True
/Users/aanyasingh/Projects/imagevalidation2/data/FloodingDataset2/processed_data/binary/train/non_flood/street_clear/street_clear_000313.jpg,0.07069796323776245,True
/Users/aanyasingh/Projects/imagevalidation2/data/FloodingDataset2/processed_data/binary/train/non_flood/river/river_000397.jpg,0.07060360908508301,True
/Users/aanyasingh/Projects/imagevalidation2/data/FloodingDataset2/processed_data/binary/train/non_flood/animal/animal_000189.jpg,0.0696876049041748,True
/Users/aanyasingh/Projects/imagevalidation2/data/FloodingDataset2/processed_data/binary/train/non_flood/river/river_000067.jpg,0.06842327117919922,True
/Users/aanyasingh/Projects/imagevalidation2/data/FloodingDataset2/processed_data/binary/train/non_flood/vehicle/vehicle_000048.jpg,0.06797736883163452,True
/Users/aanyasingh/Projects/imagevalidation2/data/FloodingDataset2/processed_data/binary/train/non_flood/river/river_000110.jpg,0.06757771968841553,True
/Users/aanyasingh/Projects/imagevalidation2/data/FloodingDataset2/processed_data/binary/train/non_flood/plant/plant_000073.jpg,0.0675506591796875,True
/Users/aanyasingh/Projects/imagevalidation2/data/FloodingDataset2/processed_data/binary/train/non_flood/building/building_000161.jpg,0.06712549924850464,True
/Users/aanyasingh/Projects/imagevalidation2/data/FloodingDataset2/processed_data/binary/train/non_flood/river/river_000350.jpg,0.06625419855117798,True
/Users/aanyasingh/Projects/imagevalidation2/data/FloodingDataset2/processed_data/binary/train/non_flood/plant/plant_000029.jpg,0.06576722860336304,True
/Users/aanyasingh/Projects/imagevalidation2/data/FloodingDataset2/processed_data/binary/train/non_flood/river/river_000026.jpg,0.06525260210037231,True
/Users/aanyasingh/Projects/imagevalidation2/data/FloodingDataset2/processed_data/binary/train/non_flood/river/river_000195.jpg,0.06459522247314453,True
/Users/aanyasingh/Projects/imagevalidation2/data/FloodingDataset2/processed_data/binary/train/non_flood/plant/plant_000072.jpg,0.06449037790298462,True
/Users/aanyasingh/Projects/imagevalidation2/data/FloodingDataset2/processed_data/binary/train/non_flood/street_clear/street_clear_000457.jpg,0.06447607278823853,True
/Users/aanyasingh/Projects/imagevalidation2/data/FloodingDataset2/processed_data/binary/train/non_flood/plant/plant_000152.jpg,0.06409323215484619,True
/Users/aanyasingh/Projects/imagevalidation2/data/FloodingDataset2/processed_data/binary/train/non_flood/river/river_000071.jpg,0.06330424547195435,True
/Users/aanyasingh/Projects/imagevalidation2/data/FloodingDataset2/processed_data/binary/train/non_flood/river/river_000315.jpg,0.06319773197174072,True
/Users/aanyasingh/Projects/imagevalidation2/data/FloodingDataset2/processed_data/binary/train/non_flood/river/river_000366.jpg,0.06317126750946045,True
/Users/aanyasingh/Projects/imagevalidation2/data/FloodingDataset2/processed_data/binary/train/non_flood/river/river_000212.jpg,0.06258314847946167,True
/Users/aanyasingh/Projects/imagevalidation2/data/FloodingDataset2/processed_data/binary/train/non_flood/river/river_000187.jpg,0.0621950626373291,True
/Users/aanyasingh/Projects/imagevalidation2/data/FloodingDataset2/processed_data/binary/train/non_flood/river/river_000146.jpg,0.06208467483520508,True
/Users/aanyasingh/Projects/imagevalidation2/data/FloodingDataset2/processed_data/binary/train/non_flood/animal/animal_000000.jpg,0.06202876567840576,True
/Users/aanyasingh/Projects/imagevalidation2/data/FloodingDataset2/processed_data/binary/train/non_flood/river/river_000052.jpg,0.06167590618133545,True
/Users/aanyasingh/Projects/imagevalidation2/data/FloodingDataset2/processed_data/binary/train/non_flood/river/river_000209.jpg,0.06157428026199341,True
/Users/aanyasingh/Projects/imagevalidation2/data/FloodingDataset2/processed_data/binary/train/non_flood/vehicle/vehicle_000080.jpg,0.061425626277923584,True
/Users/aanyasingh/Projects/imagevalidation2/data/FloodingDataset2/processed_data/binary/train/non_flood/river/river_000385.jpg,0.06140565872192383,True
/Users/aanyasingh/Projects/imagevalidation2/data/FloodingDataset2/processed_data/binary/train/non_flood/river/river_000331.jpg,0.06131386756896973,True
/Users/aanyasingh/Projects/imagevalidation2/data/FloodingDataset2/processed_data/binary/train/non_flood/building/building_000080.jpg,0.061104774475097656,True
/Users/aanyasingh/Projects/imagevalidation2/data/FloodingDataset2/processed_data/binary/train/non_flood/building/building_000036.jpg,0.060866713523864746,True
/Users/aanyasingh/Projects/imagevalidation2/data/FloodingDataset2/processed_data/binary/train/non_flood/animal/animal_000135.jpg,0.06024432182312012,True
/Users/aanyasingh/Projects/imagevalidation2/data/FloodingDataset2/processed_data/binary/train/non_flood/street_clear/street_clear_000327.jpg,0.06008625030517578,True
/Users/aanyasingh/Projects/imagevalidation2/data/FloodingDataset2/processed_data/binary/train/non_flood/river/river_000122.jpg,0.05989706516265869,True
/Users/aanyasingh/Projects/imagevalidation2/data/FloodingDataset2/processed_data/binary/train/non_flood/street_clear/street_clear_000343.jpg,0.05979841947555542,True
/Users/aanyasingh/Projects/imagevalidation2/data/FloodingDataset2/processed_data/binary/train/non_flood/street_clear/street_clear_000043.jpg,0.05972623825073242,True
/Users/aanyasingh/Projects/imagevalidation2/data/FloodingDataset2/processed_data/binary/train/non_flood/river/river_000229.jpg,0.05931049585342407,True
/Users/aanyasingh/Projects/imagevalidation2/data/FloodingDataset2/processed_data/binary/train/non_flood/river/river_000387.jpg,0.05909496545791626,True
/Users/aanyasingh/Projects/imagevalidation2/data/FloodingDataset2/processed_data/binary/train/non_flood/building/building_000176.jpg,0.05862802267074585,True
/Users/aanyasingh/Projects/imagevalidation2/data/FloodingDataset2/processed_data/binary/train/non_flood/street_clear/street_clear_000392.jpg,0.058426737785339355,True
/Users/aanyasingh/Projects/imagevalidation2/data/FloodingDataset2/processed_data/binary/train/non_flood/river/river_000302.jpg,0.058390915393829346,True
/Users/aanyasingh/Projects/imagevalidation2/data/FloodingDataset2/processed_data/binary/train/non_flood/street_clear/street_clear_000100.jpg,0.05775737762451172,True
/Users/aanyasingh/Projects/imagevalidation2/data/FloodingDataset2/processed_data/binary/train/non_flood/swimming_pool/swimming_pool_000053.jpg,0.057724058628082275,True
/Users/aanyasingh/Projects/imagevalidation2/data/FloodingDataset2/processed_data/binary/train/non_flood/plant/plant_000102.jpg,0.057620108127593994,True
/Users/aanyasingh/Projects/imagevalidation2/data/FloodingDataset2/processed_data/binary/train/non_flood/building/building_000170.jpg,0.05743288993835449,True
/Users/aanyasingh/Projects/imagevalidation2/data/FloodingDataset2/processed_data/binary/train/non_flood/river/river_000164.jpg,0.05663192272186279,True
/Users/aanyasingh/Projects/imagevalidation2/data/FloodingDataset2/processed_data/binary/train/non_flood/swimming_pool/swimming_pool_000060.jpg,0.05640822649002075,True
/Users/aanyasingh/Projects/imagevalidation2/data/FloodingDataset2/processed_data/binary/train/non_flood/swimming_pool/swimming_pool_000097.jpg,0.056041598320007324,True
/Users/aanyasingh/Projects/imagevalidation2/data/FloodingDataset2/processed_data/binary/train/non_flood/river/river_000297.jpg,0.05580246448516846,True
/Users/aanyasingh/Projects/imagevalidation2/data/FloodingDataset2/processed_data/binary/train/non_flood/building/building_000165.jpg,0.05524832010269165,True
/Users/aanyasingh/Projects/imagevalidation2/data/FloodingDataset2/processed_data/binary/train/non_flood/river/river_000025.jpg,0.05520659685134888,True
/Users/aanyasingh/Projects/imagevalidation2/data/FloodingDataset2/processed_data/binary/train/non_flood/swimming_pool/swimming_pool_000067.jpg,0.05491715669631958,True
/Users/aanyasingh/Projects/imagevalidation2/data/FloodingDataset2/processed_data/binary/train/non_flood/street_clear/street_clear_000292.jpg,0.05470091104507446,True
/Users/aanyasingh/Projects/imagevalidation2/data/FloodingDataset2/processed_data/binary/train/non_flood/street_clear/street_clear_000386.jpg,0.05405533313751221,True
/Users/aanyasingh/Projects/imagevalidation2/data/FloodingDataset2/processed_data/binary/train/non_flood/street_clear/street_clear_000186.jpg,0.05369025468826294,True
/Users/aanyasingh/Projects/imagevalidation2/data/FloodingDataset2/processed_data/binary/train/non_flood/river/river_000337.jpg,0.053679466247558594,True
/Users/aanyasingh/Projects/imagevalidation2/data/FloodingDataset2/processed_data/binary/train/non_flood/building/building_000164.jpg,0.053581178188323975,True
/Users/aanyasingh/Projects/imagevalidation2/data/FloodingDataset2/processed_data/binary/train/non_flood/park_walkway/park_walkway_000254.jpg,0.05334329605102539,True
/Users/aanyasingh/Projects/imagevalidation2/data/FloodingDataset2/processed_data/binary/train/non_flood/building/building_000178.jpg,0.05310779809951782,True
/Users/aanyasingh/Projects/imagevalidation2/data/FloodingDataset2/processed_data/binary/train/non_flood/river/river_000008.jpg,0.05282855033874512,True
/Users/aanyasingh/Projects/imagevalidation2/data/FloodingDataset2/processed_data/binary/train/non_flood/vehicle/vehicle_000158.jpg,0.052455902099609375,True
/Users/aanyasingh/Projects/imagevalidation2/data/FloodingDataset2/processed_data/binary/train/non_flood/street_clear/street_clear_000566.jpg,0.05188113451004028,True
/Users/aanyasingh/Projects/imagevalidation2/data/FloodingDataset2/processed_data/binary/train/non_flood/plant/plant_000133.jpg,0.05154329538345337,True
/Users/aanyasingh/Projects/imagevalidation2/data/FloodingDataset2/processed_data/binary/train/non_flood/river/river_000079.jpg,0.05138939619064331,True
/Users/aanyasingh/Projects/imagevalidation2/data/FloodingDataset2/processed_data/binary/train/non_flood/street_clear/street_clear_000467.jpg,0.051353394985198975,True
/Users/aanyasingh/Projects/imagevalidation2/data/FloodingDataset2/processed_data/binary/train/non_flood/street_clear/street_clear_000007.jpg,0.05125415325164795,True
/Users/aanyasingh/Projects/imagevalidation2/data/FloodingDataset2/processed_data/binary/train/non_flood/building/building_000198.jpg,0.0509762167930603,True
/Users/aanyasingh/Projects/imagevalidation2/data/FloodingDataset2/processed_data/binary/train/non_flood/swimming_pool/swimming_pool_000057.jpg,0.05082517862319946,True
/Users/aanyasingh/Projects/imagevalidation2/data/FloodingDataset2/processed_data/binary/train/non_flood/river/river_000051.jpg,0.05076223611831665,True
/Users/aanyasingh/Projects/imagevalidation2/data/FloodingDataset2/processed_data/binary/train/non_flood/street_clear/street_clear_000492.jpg,0.05039912462234497,True
/Users/aanyasingh/Projects/imagevalidation2/data/FloodingDataset2/processed_data/binary/train/non_flood/street_clear/street_clear_000519.jpg,0.05005437135696411,True
/Users/aanyasingh/Projects/ima/Users/aanyasingh/Projects/imagevalidation2/data/FloodingDataset2/processed_data/binary/train/non_flood/river/river_000002.jpg,0.006154239177703857,True
/Users/aanyasingh/Projects/imagevalidation2/data/FloodingDataset2/processed_data/binary/train/non_flood/building/building_000026.jpg,0.006152093410491943,True
/Users/aanyasingh/Projects/imagevalidation2/data/FloodingDataset2/processed_data/binary/train/non_flood/river/river_000370.jpg,0.006098031997680664,True
/Users/aanyasingh/Projects/imagevalidation2/data/FloodingDataset2/processed_data/binary/train/non_flood/river/river_000299.jpg,0.0060141682624816895,True
/Users/aanyasingh/Projects/imagevalidation2/data/FloodingDataset2/processed_data/binary/train/non_flood/river/river_000285.jpg,0.006003618240356445,True
/Users/aanyasingh/Projects/imagevalidation2/data/FloodingDataset2/processed_data/binary/train/non_flood/street_clear/street_clear_000418.jpg,0.005900084972381592,True
/Users/aanyasingh/Projects/imagevalidation2/data/FloodingDataset2/processed_data/binary/train/non_flood/street_clear/street_clear_000422.jpg,0.005859971046447754,True
/Users/aanyasingh/Projects/imagevalidation2/data/FloodingDataset2/processed_data/binary/train/non_flood/street_clear/street_clear_000100.jpg,0.005850791931152344,True
/Users/aanyasingh/Projects/imagevalidation2/data/FloodingDataset2/processed_data/binary/train/non_flood/street_clear/street_clear_000477.jpg,0.005825936794281006,True
/Users/aanyasingh/Projects/imagevalidation2/data/FloodingDataset2/processed_data/binary/train/non_flood/plant/plant_000079.jpg,0.005818665027618408,True
/Users/aanyasingh/Projects/imagevalidation2/data/FloodingDataset2/processed_data/binary/train/non_flood/building/building_000156.jpg,0.00577467679977417,True
/Users/aanyasingh/Projects/imagevalidation2/data/FloodingDataset2/processed_data/binary/train/non_flood/river/river_000087.jpg,0.005678534507751465,True
/Users/aanyasingh/Projects/imagevalidation2/data/FloodingDataset2/processed_data/binary/train/non_flood/park_walkway/park_walkway_000353.jpg,0.005604743957519531,True
/Users/aanyasingh/Projects/imagevalidation2/data/FloodingDataset2/processed_data/binary/train/non_flood/river/river_000018.jpg,0.005541443824768066,True
/Users/aanyasingh/Projects/imagevalidation2/data/FloodingDataset2/processed_data/binary/train/non_flood/river/river_000253.jpg,0.005498528480529785,True
/Users/aanyasingh/Projects/imagevalidation2/data/FloodingDataset2/processed_data/binary/train/non_flood/street_clear/street_clear_000147.jpg,0.005465149879455566,True
/Users/aanyasingh/Projects/imagevalidation2/data/FloodingDataset2/processed_data/binary/train/non_flood/street_clear/street_clear_000295.jpg,0.00540006160736084,True
/Users/aanyasingh/Projects/imagevalidation2/data/FloodingDataset2/processed_data/binary/train/non_flood/park_walkway/park_walkway_000254.jpg,0.005370795726776123,True
/Users/aanyasingh/Projects/imagevalidation2/data/FloodingDataset2/processed_data/binary/train/non_flood/animal/animal_000166.jpg,0.005338132381439209,True
/Users/aanyasingh/Projects/imagevalidation2/data/FloodingDataset2/processed_data/binary/train/non_flood/street_clear/street_clear_000395.jpg,0.005274355411529541,True
/Users/aanyasingh/Projects/imagevalidation2/data/FloodingDataset2/processed_data/binary/train/non_flood/animal/animal_000025.jpg,0.0052037835121154785,True
/Users/aanyasingh/Projects/imagevalidation2/data/FloodingDataset2/processed_data/binary/train/non_flood/street_clear/street_clear_000173.jpg,0.005172073841094971,True
/Users/aanyasingh/Projects/imagevalidation2/data/FloodingDataset2/processed_data/binary/train/non_flood/building/building_000249.jpg,0.005145847797393799,True
/Users/aanyasingh/Projects/imagevalidation2/data/FloodingDataset2/processed_data/binary/train/non_flood/river/river_000344.jpg,0.005144596099853516,True
/Users/aanyasingh/Projects/imagevalidation2/data/FloodingDataset2/processed_data/binary/train/non_flood/river/river_000350.jpg,0.005071878433227539,True
/Users/aanyasingh/Projects/imagevalidation2/data/FloodingDataset2/processed_data/binary/train/non_flood/building/building_000173.jpg,0.005035996437072754,True
/Users/aanyasingh/Projects/imagevalidation2/data/FloodingDataset2/processed_data/binary/train/non_flood/street_clear/street_clear_000469.jpg,0.004978060722351074,True
/Users/aanyasingh/Projects/imagevalidation2/data/FloodingDataset2/processed_data/binary/train/non_flood/park_walkway/park_walkway_000384.jpg,0.004943370819091797,True
/Users/aanyasingh/Projects/imagevalidation2/data/FloodingDataset2/processed_data/binary/train/non_flood/river/river_000315.jpg,0.004889190196990967,True
/Users/aanyasingh/Projects/imagevalidation2/data/FloodingDataset2/processed_data/binary/train/non_flood/park_walkway/park_walkway_000401.jpg,0.00487905740737915,True
/Users/aanyasingh/Projects/imagevalidation2/data/FloodingDataset2/processed_data/binary/train/non_flood/park_walkway/park_walkway_000149.jpg,0.0047876834869384766,True
/Users/aanyasingh/Projects/imagevalidation2/data/FloodingDataset2/processed_data/binary/train/non_flood/animal/animal_000220.jpg,0.004751384258270264,True
/Users/aanyasingh/Projects/imagevalidation2/data/FloodingDataset2/processed_data/binary/train/non_flood/street_clear/street_clear_000566.jpg,0.00470346212387085,True
/Users/aanyasingh/Projects/imagevalidation2/data/FloodingDataset2/processed_data/binary/train/non_flood/street_clear/street_clear_000457.jpg,0.004688918590545654,True
/Users/aanyasingh/Projects/imagevalidation2/data/FloodingDataset2/processed_data/binary/train/non_flood/street_clear/street_clear_000110.jpg,0.004684805870056152,True
/Users/aanyasingh/Projects/imagevalidation2/data/FloodingDataset2/processed_data/binary/train/non_flood/street_clear/street_clear_000517.jpg,0.00468069314956665,True
/Users/aanyasingh/Projects/imagevalidation2/data/FloodingDataset2/processed_data/binary/train/non_flood/street_clear/street_clear_000582.jpg,0.004671454429626465,True
/Users/aanyasingh/Projects/imagevalidation2/data/FloodingDataset2/processed_data/binary/train/non_flood/river/river_000169.jpg,0.004604995250701904,True
/Users/aanyasingh/Projects/imagevalidation2/data/FloodingDataset2/processed_data/binary/train/non_flood/river/river_000153.jpg,0.004594326019287109,True
/Users/aanyasingh/Projects/imagevalidation2/data/FloodingDataset2/processed_data/binary/train/non_flood/river/river_000255.jpg,0.004471242427825928,True
/Users/aanyasingh/Projects/imagevalidation2/data/FloodingDataset2/processed_data/binary/train/non_flood/river/river_000377.jpg,0.004435420036315918,True
/Users/aanyasingh/Projects/imagevalidation2/data/FloodingDataset2/processed_data/binary/train/non_flood/street_clear/street_clear_000103.jpg,0.004410266876220703,True
/Users/aanyasingh/Projects/imagevalidation2/data/FloodingDataset2/processed_data/binary/train/non_flood/swimming_pool/swimming_pool_000067.jpg,0.004395604133605957,True
/Users/aanyasingh/Projects/imagevalidation2/data/FloodingDataset2/processed_data/binary/train/non_flood/vehicle/vehicle_000095.jpg,0.0043599605560302734,True
/Users/aanyasingh/Projects/imagevalidation2/data/FloodingDataset2/processed_data/binary/train/non_flood/river/river_000277.jpg,0.0043566226959228516,False
/Users/aanyasingh/Projects/imagevalidation2/data/FloodingDataset2/processed_data/binary/train/non_flood/river/river_000387.jpg,0.004351794719696045,False
/Users/aanyasingh/Projects/imagevalidation2/data/FloodingDataset2/processed_data/binary/train/non_flood/river/river_000042.jpg,0.004280507564544678,False
/Users/aanyasingh/Projects/imagevalidation2/data/FloodingDataset2/processed_data/binary/train/non_flood/street_clear/street_clear_000191.jpg,0.004236698150634766,False
/Users/aanyasingh/Projects/imagevalidation2/data/FloodingDataset2/processed_data/binary/train/non_flood/plant/plant_000165.jpg,0.004232287406921387,False
/Users/aanyasingh/Projects/imagevalidation2/data/FloodingDataset2/processed_data/binary/train/non_flood/river/river_000385.jpg,0.004212796688079834,False
/Users/aanyasingh/Projects/imagevalidation2/data/Flooding/Users/aanyasingh/Projects/imagevalidation2/data/FloodingDataset2/processed_data/binary/train/non_flood/animal/animal_000138.jpg,0.04044604301452637,False
/Users/aanyasingh/Projects/imagevalidation2/data/FloodingDataset2/processed_data/binary/train/non_flood/street_clear/street_clear_000110.jpg,0.04014003276824951,False
/Users/aanyasingh/Projects/imagevalidation2/data/FloodingDataset2/processed_data/binary/train/non_flood/street_clear/street_clear_000436.jpg,0.0401381254196167,False
/Users/aanyasingh/Projects/imagevalidation2/data/FloodingDataset2/processed_data/binary/train/non_flood/river/river_000255.jpg,0.040052831172943115,False
/Users/aanyasingh/Projects/imagevalidation2/data/FloodingDataset2/processed_data/binary/train/non_flood/river/river_000198.jpg,0.04000842571258545,False
/Users/aanyasingh/Projects/imagevalidation2/data/FloodingDataset2/processed_data/binary/train/non_flood/street_clear/street_clear_000491.jpg,0.03991413116455078,False
/Users/aanyasingh/Projects/imagevalidation2/data/FloodingDataset2/processed_data/binary/train/non_flood/street_clear/street_clear_000484.jpg,0.03982281684875488,False
/Users/aanyasingh/Projects/imagevalidation2/data/FloodingDataset2/processed_data/binary/train/non_flood/street_clear/street_clear_000105.jpg,0.03978776931762695,False
/Users/aanyasingh/Projects/imagevalidation2/data/FloodingDataset2/processed_data/binary/train/non_flood/building/building_000255.jpg,0.03969508409500122,False
/Users/aanyasingh/Projects/imagevalidation2/data/FloodingDataset2/processed_data/binary/train/non_flood/river/river_000042.jpg,0.03965795040130615,False
/Users/aanyasingh/Projects/imagevalidation2/data/FloodingDataset2/processed_data/binary/train/non_flood/vehicle/vehicle_000058.jpg,0.03960365056991577,False
/Users/aanyasingh/Projects/imagevalidation2/data/FloodingDataset2/processed_data/binary/train/non_flood/river/river_000005.jpg,0.03928518295288086,False
/Users/aanyasingh/Projects/imagevalidation2/data/FloodingDataset2/processed_data/binary/train/non_flood/river/river_000060.jpg,0.0388752818107605,False
/Users/aanyasingh/Projects/imagevalidation2/data/FloodingDataset2/processed_data/binary/train/non_flood/street_clear/street_clear_000245.jpg,0.038469552993774414,False
/Users/aanyasingh/Projects/imagevalidation2/data/FloodingDataset2/processed_data/binary/train/non_flood/park_walkway/park_walkway_000085.jpg,0.03837639093399048,False
/Users/aanyasingh/Projects/imagevalidation2/data/FloodingDataset2/processed_data/binary/train/non_flood/park_walkway/park_walkway_000222.jpg,0.03823882341384888,False
/Users/aanyasingh/Projects/imagevalidation2/data/FloodingDataset2/processed_data/binary/train/non_flood/park_walkway/park_walkway_000134.jpg,0.03818267583847046,False
/Users/aanyasingh/Projects/imagevalidation2/data/FloodingDataset2/processed_data/binary/train/non_flood/river/river_000018.jpg,0.038120925426483154,False
/Users/aanyasingh/Projects/imagevalidation2/data/FloodingDataset2/processed_data/binary/train/non_flood/plant/plant_000106.jpg,0.0379907488822937,False
/Users/aanyasingh/Projects/imagevalidation2/data/FloodingDataset2/processed_data/binary/train/non_flood/street_clear/street_clear_000282.jpg,0.037529945373535156,False
/Users/aanyasingh/Projects/imagevalidation2/data/FloodingDataset2/processed_data/binary/train/non_flood/river/river_000050.jpg,0.03751593828201294,False
/Users/aanyasingh/Projects/imagevalidation2/data/FloodingDataset2/processed_data/binary/train/non_flood/river/river_000009.jpg,0.03746896982192993,False
/Users/aanyasingh/Projects/imagevalidation2/data/FloodingDataset2/processed_data/binary/train/non_flood/plant/plant_000121.jpg,0.03737199306488037,False
/Users/aanyasingh/Projects/imagevalidation2/data/FloodingDataset2/processed_data/binary/train/non_flood/building/building_000235.jpg,0.03735971450805664,False
/Users/aanyasingh/Projects/imagevalidation2/data/FloodingDataset2/processed_data/binary/train/non_flood/street_clear/street_clear_000397.jpg,0.03711068630218506,False
/Users/aanyasingh/Projects/imagevalidation2/data/FloodingDataset2/processed_data/binary/train/non_flood/river/river_000142.jpg,0.03701770305633545,False
/Users/aanyasingh/Projects/imagevalidation2/data/FloodingDataset2/processed_data/binary/train/non_flood/street_clear/street_clear_000321.jpg,0.03692871332168579,False
/Users/aanyasingh/Projects/imagevalidation2/data/FloodingDataset2/processed_data/binary/train/non_flood/street_clear/street_clear_000178.jpg,0.03683817386627197,False
/Users/aanyasingh/Projects/imagevalidation2/data/FloodingDataset2/processed_data/binary/train/non_flood/building/building_000066.jpg,0.03653186559677124,False
/Users/aanyasingh/Projects/imagevalidation2/data/FloodingDataset2/processed_data/binary/train/non_flood/river/river_000039.jpg,0.03638428449630737,False
/Users/aanyasingh/Projects/imagevalidation2/data/FloodingDataset2/processed_data/binary/train/non_flood/building/building_000172.jpg,0.036292433738708496,False
/Users/aanyasingh/Projects/imagevalidation2/data/FloodingDataset2/processed_data/binary/train/non_flood/building/building_000159.jpg,0.03618824481964111,False
/Users/aanyasingh/Projects/imagevalidation2/data/FloodingDataset2/processed_data/binary/train/non_flood/street_clear/street_clear_000191.jpg,0.036059439182281494,False
/Users/aanyasingh/Projects/imagevalidation2/data/FloodingDataset2/processed_data/binary/train/non_flood/street_clear/street_clear_000317.jpg,0.036012887954711914,False
/Users/aanyasingh/Projects/imagevalidation2/data/FloodingDataset2/processed_data/binary/train/non_flood/swimming_pool/swimming_pool_000081.jpg,0.0359269380569458,False
/Users/aanyasingh/Projects/imagevalidation2/data/FloodingDataset2/processed_data/binary/train/non_flood/plant/plant_000094.jpg,0.03572821617126465,False
/Users/aanyasingh/Projects/imagevalidation2/data/FloodingDataset2/processed_data/binary/train/non_flood/river/river_000344.jpg,0.035662174224853516,False
/Users/aanyasingh/Projects/imagevalidation2/data/FloodingDataset2/processed_data/binary/train/non_flood/river/river_000304.jpg,0.0356442928314209,False
/Users/aanyasingh/Projects/imagevalidation2/data/FloodingDataset2/processed_data/binary/train/non_flood/street_clear/street_clear_000166.jpg,0.03563934564590454,False
/Users/aanyasingh/Projects/imagevalidation2/data/FloodingDataset2/processed_data/binary/train/non_flood/river/river_000033.jpg,0.03558945655822754,False
/Users/aanyasingh/Projects/imagevalidation2/data/FloodingDataset2/processed_data/binary/train/non_flood/street_clear/street_clear_000099.jpg,0.03537338972091675,False
/Users/aanyasingh/Projects/imagevalidation2/data/FloodingDataset2/processed_data/binary/train/non_flood/street_clear/street_clear_000101.jpg,0.03518491983413696,False
/Users/aanyasingh/Projects/imagevalidation2/data/FloodingDataset2/processed_data/binary/train/non_flood/river/river_000269.jpg,0.035163164138793945,False
/Users/aanyasingh/Projects/imagevalidation2/data/FloodingDataset2/processed_data/binary/train/non_flood/animal/animal_000161.jpg,0.03514206409454346,False
/Users/aanyasingh/Projects/imagevalidation2/data/FloodingDataset2/processed_data/binary/train/non_flood/building/building_000156.jpg,0.03511840105056763,False
/Users/aanyasingh/Projects/imagevalidation2/data/FloodingDataset2/processed_data/binary/train/non_flood/park_walkway/park_walkway_000000.jpg,0.03505426645278931,False
/Users/aanyasingh/Projects/imagevalidation2/data/FloodingDataset2/processed_data/binary/train/non_flood/street_clear/street_clear_000582.jpg,0.0348973274230957,False
/Users/aanyasingh/Projects/imagevalidation2/data/FloodingDataset2/processed_data/binary/train/non_flood/plant/plant_000068.jpg,0.03475773334503174,False
/Users/aanyasingh/Projects/imagevalidation2/data/FloodingDataset2/processed_data/binary/train/non_flood/building/building_000113.jpg,0.034638941287994385,False
/Users/aanyasingh/Projects/imagevalidation2/data/FloodingDataset2/processed_data/binary/train/non_flood/plant/plant_000054.jpg,0.034512996673583984,False
/Users/aanyasingh/Projects/imagevalidation2/data/FloodingDataset2/processed_data/binary/train/non_flood/street_clear/street_clear_000079.jpg,0.03427231311798096,/Users/Users/aanyasingh/Projects/imagevalidation2/data/FloodingDataset2/processed_data/binary/train/non_flood/river/river_000073.jpg,0.03413969278335571,False
/Users/aanyasingh/Projects/imagevalidation2/data/FloodingDataset2/processed_data/binary/train/non_flood/plant/plant_000074.jpg,0.03411245346069336,False
/Users/aanyasingh/Projects/imagevalidation2/data/FloodingDataset2/processed_data/binary/train/non_flood/building/building_000229.jpg,0.03403735160827637,False
/Users/aanyasingh/Projects/imagevalidation2/data/FloodingDataset2/processed_data/binary/train/non_flood/park_walkway/park_walkway_000204.jpg,0.03400832414627075,False
/Users/aanyasingh/Projects/imagevalidation2/data/FloodingDataset2/processed_data/binary/train/non_flood/street_clear/street_clear_000226.jpg,0.033974528312683105,False
/Users/aanyasingh/Projects/imagevalidation2/data/FloodingDataset2/processed_data/binary/train/non_flood/animal/animal_000093.jpg,0.03387260437011719,False
/Users/aanyasingh/Projects/imagevalidation2/data/FloodingDataset2/processed_data/binary/train/non_flood/swimming_pool/swimming_pool_000024.jpg,0.03376173973083496,False
/Users/aanyasingh/Projects/imagevalidation2/data/FloodingDataset2/processed_data/binary/train/non_flood/park_walkway/park_walkway_000322.jpg,0.03363466262817383,False
/Users/aanyasingh/Projects/imagevalidation2/data/FloodingDataset2/processed_data/binary/train/non_flood/street_clear/street_clear_000175.jpg,0.03360855579376221,False
/Users/aanyasingh/Projects/imagevalidation2/data/FloodingDataset2/processed_data/binary/train/non_flood/river/river_000396.jpg,0.03329765796661377,False
/Users/aanyasingh/Projects/imagevalidation2/data/FloodingDataset2/processed_data/binary/train/non_flood/animal/animal_000130.jpg,0.033262670040130615,False
/Users/aanyasingh/Projects/imagevalidation2/data/FloodingDataset2/processed_data/binary/train/non_flood/river/river_000194.jpg,0.033130645751953125,False
/Users/aanyasingh/Projects/imagevalidation2/data/FloodingDataset2/processed_data/binary/train/non_flood/building/building_000251.jpg,0.0330890417098999,False
/Users/aanyasingh/Projects/imagevalidation2/data/FloodingDataset2/processed_data/binary/train/non_flood/street_clear/street_clear_000288.jpg,0.03297281265258789,False
/Users/aanyasingh/Projects/imagevalidation2/data/FloodingDataset2/processed_data/binary/train/non_flood/park_walkway/park_walkway_000399.jpg,0.03290301561355591,False
/Users/aanyasingh/Projects/imagevalidation2/data/FloodingDataset2/processed_data/binary/train/non_flood/park_walkway/park_walkway_000395.jpg,0.03278160095214844,False
/Users/aanyasingh/Projects/imagevalidation2/data/FloodingDataset2/processed_data/binary/train/non_flood/animal/animal_000127.jpg,0.03272014856338501,False
/Users/aanyasingh/Projects/imagevalidation2/data/FloodingDataset2/processed_data/binary/train/non_flood/street_clear/street_clear_000295.jpg,0.032715797424316406,False
/Users/aanyasingh/Projects/imagevalidation2/data/FloodingDataset2/processed_data/binary/train/non_flood/street_clear/street_clear_000431.jpg,0.03266322612762451,False
/Users/aanyasingh/Projects/imagevalidation2/data/FloodingDataset2/processed_data/binary/train/non_flood/vehicle/vehicle_000090.jpg,0.032454848289489746,False
/Users/aanyasingh/Projects/imagevalidation2/data/FloodingDataset2/processed_data/binary/train/non_flood/plant/plant_000020.jpg,0.03230917453765869,False
/Users/aanyasingh/Projects/imagevalidation2/data/FloodingDataset2/processed_data/binary/train/non_flood/building/building_000160.jpg,0.03224819898605347,False
/Users/aanyasingh/Projects/imagevalidation2/data/FloodingDataset2/processed_data/binary/train/non_flood/animal/animal_000123.jpg,0.03205746412277222,False
/Users/aanyasingh/Projects/imagevalidation2/data/FloodingDataset2/processed_data/binary/train/non_flood/plant/plant_000138.jpg,0.03205287456512451,False
/Users/aanyasingh/Projects/imagevalidation2/data/FloodingDataset2/processed_data/binary/train/non_flood/vehicle/vehicle_000073.jpg,0.031987905502319336,False
/Users/aanyasingh/Projects/imagevalidation2/data/FloodingDataset2/processed_data/binary/train/non_flood/swimming_pool/swimming_pool_000055.jpg,0.03197759389877319,False
/Users/aanyasingh/Projects/imagevalidation2/data/FloodingDataset2/processed_data/binary/train/non_flood/river/river_000281.jpg,0.031956613063812256,False
/Users/aanyasingh/Projects/imagevalidation2/data/FloodingDataset2/processed_data/binary/train/non_flood/street_clear/street_clear_000370.jpg,0.03192836046218872,False
/Users/aanyasingh/Projects/imagevalidation2/data/FloodingDataset2/processed_data/binary/train/non_flood/river/river_000124.jpg,0.031921446323394775,False
/Users/aanyasingh/Projects/imagevalidation2/data/FloodingDataset2/processed_data/binary/train/non_flood/plant/plant_000079.jpg,0.031661272048950195,False
/Users/aanyasingh/Projects/imagevalidation2/data/FloodingDataset2/processed_data/binary/train/non_flood/river/river_000064.jpg,0.03150522708892822,False
/Users/aanyasingh/Projects/imagevalidation2/data/FloodingDataset2/processed_data/binary/train/non_flood/plant/plant_000089.jpg,0.03134661912918091,False
/Users/aanyasingh/Projects/imagevalidation2/data/FloodingDataset2/processed_data/binary/train/non_flood/vehicle/vehicle_000038.jpg,0.031249284744262695,False
/Users/aanyasingh/Projects/imagevalidation2/data/FloodingDataset2/processed_data/binary/train/non_flood/vehicle/vehicle_000045.jpg,0.031226038932800293,False
/Users/aanyasingh/Projects/imagevalidation2/data/FloodingDataset2/processed_data/binary/train/non_flood/street_clear/street_clear_000173.jpg,0.031043946743011475,False
/Users/aanyasingh/Projects/imagevalidation2/data/FloodingDataset2/processed_data/binary/train/non_flood/river/river_000003.jpg,0.0310097336769104,False
/Users/aanyasingh/Projects/imagevalidation2/data/FloodingDataset2/processed_data/binary/train/non_flood/street_clear/street_clear_000418.jpg,0.030994832515716553,False
/Users/aanyasingh/Projects/imagevalidation2/data/FloodingDataset2/processed_data/binary/train/non_flood/building/building_000031.jpg,0.030926406383514404,False
/Users/aanyasingh/Projects/imagevalidation2/data/FloodingDataset2/processed_data/binary/train/non_flood/street_clear/street_clear_000346.jpg,0.030870676040649414,False
/Users/aanyasingh/Projects/imagevalidation2/data/FloodingDataset2/processed_data/binary/train/non_flood/river/river_000349.jpg,0.03079766035079956,False
/Users/aanyasingh/Projects/imagevalidation2/data/FloodingDataset2/processed_data/binary/train/non_flood/street_clear/street_clear_000098.jpg,0.030763208866119385,False
/Users/aanyasingh/Projects/imagevalidation2/data/FloodingDataset2/processed_data/binary/train/non_flood/vehicle/vehicle_000205.jpg,0.030714809894561768,False
/Users/aanyasingh/Projects/imagevalidation2/data/FloodingDataset2/processed_data/binary/train/non_flood/street_clear/street_clear_000004.jpg,0.030596375465393066,False
/Users/aanyasingh/Projects/imagevalidation2/data/FloodingDataset2/processed_data/binary/train/non_flood/street_clear/street_clear_000172.jpg,0.030487477779388428,False
/Users/aanyasingh/Projects/imagevalidation2/data/FloodingDataset2/processed_data/binary/train/non_flood/animal/animal_000200.jpg,0.03048527240753174,False
/Users/aanyasingh/Projects/imagevalidation2/data/FloodingDataset2/processed_data/binary/train/non_flood/river/river_000111.jpg,0.030417263507843018,False
/Users/aanyasingh/Projects/imagevalidation2/data/FloodingDataset2/processed_data/binary/train/non_flood/street_clear/street_clear_000254.jpg,0.0302889347076416,False
/Users/aanyasingh/Projects/imagevalidation2/data/FloodingDataset2/processed_data/binary/train/non_flood/building/building_000016.jpg,0.030254364013671875,False
/Users/aanyasingh/Projects/imagevalidation2/data/FloodingDataset2/processed_data/binary/train/non_flood/river/river_000359.jpg,0.030179500579833984,False
/Users/aanyasingh/Projects/imagevalidation2/data/FloodingDataset2/processed_data/binary/train/non_flood/plant/plant_000105.jpg,0.030170977115631104,False
/Users/aanyasingh/Projects/imagevalidation2/data/FloodingDataset2/processed_data/binary/train/non_flood/street_clear/street_clear_/Users/aanyasingh/Projects/imagevalida/Users/aanyasingh/Projects/imagevalidation2/data/FloodingDataset2/processed_data/binary/train/non_flood/vehicle/vehicle_000104.jpg,0.029993772506713867,False
/Users/aanyasingh/Projects/imagevalidation2/data/FloodingDataset2/processed_data/binary/train/non_flood/plant/plant_000132.jpg,0.02994394302368164,False
/Users/aanyasingh/Projects/imagevalidation2/data/FloodingDataset2/processed_data/binary/train/non_flood/vehicle/vehicle_000146.jpg,0.02984100580215454,False
/Users/aanyasingh/Projects/imagevalidation2/data/FloodingDataset2/processed_data/binary/train/non_flood/building/building_000213.jpg,0.029825806617736816,False
/Users/aanyasingh/Projects/imagevalidation2/data/FloodingDataset2/processed_data/binary/train/non_flood/river/river_000021.jpg,0.029816091060638428,False
/Users/aanyasingh/Projects/imagevalidation2/data/FloodingDataset2/processed_data/binary/train/non_flood/animal/animal_000124.jpg,0.029475867748260498,False
/Users/aanyasingh/Projects/imagevalidation2/data/FloodingDataset2/processed_data/binary/train/non_flood/street_clear/street_clear_000224.jpg,0.029459774494171143,False
/Users/aanyasingh/Projects/imagevalidation2/data/FloodingDataset2/processed_data/binary/train/non_flood/building/building_000243.jpg,0.02944183349609375,False
/Users/aanyasingh/Projects/imagevalidation2/data/FloodingDataset2/processed_data/binary/train/non_flood/street_clear/street_clear_000355.jpg,0.029374122619628906,False
/Users/aanyasingh/Projects/imagevalidation2/data/FloodingDataset2/processed_data/binary/train/non_flood/building/building_000153.jpg,0.029268860816955566,False
/Users/aanyasingh/Projects/imagevalidation2/data/FloodingDataset2/processed_data/binary/train/non_flood/street_clear/street_clear_000437.jpg,0.02921450138092041,False
/Users/aanyasingh/Projects/imagevalidation2/data/FloodingDataset2/processed_data/binary/train/non_flood/swimming_pool/swimming_pool_000017.jpg,0.029037654399871826,False
/Users/aanyasingh/Projects/imagevalidation2/data/FloodingDataset2/processed_data/binary/train/non_flood/plant/plant_000136.jpg,0.028983354568481445,False
/Users/aanyasingh/Projects/imagevalidation2/data/FloodingDataset2/processed_data/binary/train/non_flood/building/building_000233.jpg,0.028896093368530273,False
/Users/aanyasingh/Projects/imagevalidation2/data/FloodingDataset2/processed_data/binary/train/non_flood/swimming_pool/swimming_pool_000009.jpg,0.02876502275466919,False
/Users/aanyasingh/Projects/imagevalidation2/data/FloodingDataset2/processed_data/binary/train/non_flood/plant/plant_000142.jpg,0.028696179389953613,False
/Users/aanyasingh/Projects/imagevalidation2/data/FloodingDataset2/processed_data/binary/train/non_flood/building/building_000174.jpg,0.02863633632659912,False
/Users/aanyasingh/Projects/imagevalidation2/data/FloodingDataset2/processed_data/binary/train/non_flood/animal/animal_000136.jpg,0.02859640121459961,False
/Users/aanyasingh/Projects/imagevalidation2/data/FloodingDataset2/processed_data/binary/train/non_flood/street_clear/street_clear_000471.jpg,0.028495967388153076,False
/Users/aanyasingh/Projects/imagevalidation2/data/FloodingDataset2/processed_data/binary/train/non_flood/animal/animal_000211.jpg,0.028485417366027832,False
/Users/aanyasingh/Projects/imagevalidation2/data/FloodingDataset2/processed_data/binary/train/non_flood/street_clear/street_clear_000507.jpg,0.028363406658172607,False
/Users/aanyasingh/Projects/imagevalidation2/data/FloodingDataset2/processed_data/binary/train/non_flood/vehicle/vehicle_000006.jpg,0.028278231620788574,False
/Users/aanyasingh/Projects/imagevalidation2/data/FloodingDataset2/processed_data/binary/train/non_flood/vehicle/vehicle_000130.jpg,0.02812713384628296,False
/Users/aanyasingh/Projects/imagevalidation2/data/FloodingDataset2/processed_data/binary/train/non_flood/park_walkway/park_walkway_000150.jpg,0.028113961219787598,False
/Users/aanyasingh/Projects/imagevalidation2/data/FloodingDataset2/processed_data/binary/train/non_flood/park_walkway/park_walkway_000195.jpg,0.028029143810272217,False
/Users/aanyasingh/Projects/imagevalidation2/data/FloodingDataset2/processed_data/binary/train/non_flood/river/river_000355.jpg,0.028022050857543945,False
/Users/aanyasingh/Projects/imagevalidation2/data/FloodingDataset2/processed_data/binary/train/non_flood/building/building_000211.jpg,0.027965307235717773,False
/Users/aanyasingh/Projects/imagevalidation2/data/FloodingDataset2/processed_data/binary/train/non_flood/animal/animal_000195.jpg,0.027890503406524658,False
/Users/aanyasingh/Projects/imagevalidation2/data/FloodingDataset2/processed_data/binary/train/non_flood/vehicle/vehicle_000061.jpg,0.027798593044281006,False
/Users/aanyasingh/Projects/imagevalidation2/data/FloodingDataset2/processed_data/binary/train/non_flood/park_walkway/park_walkway_000336.jpg,0.027792036533355713,False
/Users/aanyasingh/Projects/imagevalidation2/data/FloodingDataset2/processed_data/binary/train/non_flood/vehicle/vehicle_000097.jpg,0.02769160270690918,False
/Users/aanyasingh/Projects/imagevalidation2/data/FloodingDataset2/processed_data/binary/train/non_flood/swimming_pool/swimming_pool_000092.jpg,0.027687549591064453,False
/Users/aanyasingh/Projects/imagevalidation2/data/FloodingDataset2/processed_data/binary/train/non_flood/vehicle/vehicle_000041.jpg,0.027552783489227295,False
/Users/aanyasingh/Projects/imagevalidation2/data/FloodingDataset2/processed_data/binary/train/non_flood/park_walkway/park_walkway_000184.jpg,0.02753317356109619,False
/Users/aanyasingh/Projects/imagevalidation2/data/FloodingDataset2/processed_data/binary/train/non_flood/plant/plant_000090.jpg,0.027496635913848877,False
/Users/aanyasingh/Projects/imagevalidation2/data/FloodingDataset2/processed_data/binary/train/non_flood/park_walkway/park_walkway_000338.jpg,0.02734684944152832,False
/Users/aanyasingh/Projects/imagevalidation2/data/FloodingDataset2/processed_data/binary/train/non_flood/river/river_000106.jpg,0.027203083038330078,False
/Users/aanyasingh/Projects/imagevalidation2/data/FloodingDataset2/processed_data/binary/train/non_flood/river/river_000277.jpg,0.027185916900634766,False
/Users/aanyasingh/Projects/imagevalidation2/data/FloodingDataset2/processed_data/binary/train/non_flood/plant/plant_000118.jpg,0.027168989181518555,False
/Users/aanyasingh/Projects/imagevalidation2/data/FloodingDataset2/processed_data/binary/train/non_flood/building/building_000247.jpg,0.027129054069519043,False
/Users/aanyasingh/Projects/imagevalidation2/data/FloodingDataset2/processed_data/binary/train/non_flood/street_clear/street_clear_000380.jpg,0.026956498622894287,False
/Users/aanyasingh/Projects/imagevalidation2/data/FloodingDataset2/processed_data/binary/train/non_flood/animal/animal_000144.jpg,0.026807725429534912,False
/Users/aanyasingh/Projects/imagevalidation2/data/FloodingDataset2/processed_data/binary/train/non_flood/river/river_000261.jpg,0.026766180992126465,False
/Users/aanyasingh/Projects/imagevalidation2/data/FloodingDataset2/processed_data/binary/train/non_flood/building/building_000192.jpg,0.026693761348724365,False
/Users/aanyasingh/Projects/imagevalidation2/data/FloodingDataset2/processed_data/binary/train/non_flood/street_clear/street_clear_000540.jpg,0.026560604572296143,False
/Users/aanyasingh/Projects/imagevalidation2/data/FloodingDataset2/processed_data/binary/train/non_flood/river/river_000245.jpg,0.02646857500076294,False
/Users/aanyasingh/Projects/imagevalidation2/data/FloodingDataset2/processed_data/binary/train/non_flood/river/river_000144.jpg,0.026393890380859375,False
/Users/aanyasingh/Projects/imagevalidation2/data/FloodingDataset2/processed_data/binary/train/non_flood/river/river_000185.jpg,0.026191890239715576,False
/Users/aanyasingh/Projects/imagevalidation2/data/FloodingDataset2/processed_data/binary/train/non_flood/park_walkway/park_walkway_000332.jpg,0.026187360286712646,False
/Users/aanyasingh/Projects/imagevalidation2/data/FloodingDataset2/processed_data/binary/train/non_flood/building/building_000259.jpg,0.026113569736480713,False
/Users/aanyasingh/Projects/imagevalidation2/data/FloodingDataset2/processed_data/binary/train/non_flood/river/river_0001/Users/aanyasingh/Projects/imagev/Users/aanyasingh/Projects/imagevalidation2/data/FloodingDataset2/processed_data/binary/train/non_flood/plant/plant_000141.jpg,0.025908172130584717,False
/Users/aanyasingh/Projects/imagevalidation2/data/FloodingDataset2/processed_data/binary/train/non_flood/street_clear/street_clear_000388.jpg,0.02588444948196411,False
/Users/aanyasingh/Projects/imagevalidation2/data/FloodingDataset2/processed_data/binary/train/non_flood/vehicle/vehicle_000022.jpg,0.02578127384185791,False
/Users/aanyasingh/Projects/imagevalidation2/data/FloodingDataset2/processed_data/binary/train/non_flood/vehicle/vehicle_000159.jpg,0.025720715522766113,False
/Users/aanyasingh/Projects/imagevalidation2/data/FloodingDataset2/processed_data/binary/train/non_flood/park_walkway/park_walkway_000055.jpg,0.0256614089012146,False
/Users/aanyasingh/Projects/imagevalidation2/data/FloodingDataset2/processed_data/binary/train/non_flood/river/river_000125.jpg,0.025499582290649414,False
/Users/aanyasingh/Projects/imagevalidation2/data/FloodingDataset2/processed_data/binary/train/non_flood/building/building_000123.jpg,0.02540719509124756,False
/Users/aanyasingh/Projects/imagevalidation2/data/FloodingDataset2/processed_data/binary/train/non_flood/river/river_000233.jpg,0.025172948837280273,False
/Users/aanyasingh/Projects/imagevalidation2/data/FloodingDataset2/processed_data/binary/train/non_flood/animal/animal_000140.jpg,0.02516651153564453,False
/Users/aanyasingh/Projects/imagevalidation2/data/FloodingDataset2/processed_data/binary/train/non_flood/animal/animal_000118.jpg,0.02509760856628418,False
/Users/aanyasingh/Projects/imagevalidation2/data/FloodingDataset2/processed_data/binary/train/non_flood/river/river_000379.jpg,0.024989306926727295,False
/Users/aanyasingh/Projects/imagevalidation2/data/FloodingDataset2/processed_data/binary/train/non_flood/animal/animal_000199.jpg,0.02479422092437744,False
/Users/aanyasingh/Projects/imagevalidation2/data/FloodingDataset2/processed_data/binary/train/non_flood/river/river_000062.jpg,0.0247766375541687,False
/Users/aanyasingh/Projects/imagevalidation2/data/FloodingDataset2/processed_data/binary/train/non_flood/river/river_000338.jpg,0.02475816011428833,False
/Users/aanyasingh/Projects/imagevalidation2/data/FloodingDataset2/processed_data/binary/train/non_flood/park_walkway/park_walkway_000384.jpg,0.024716317653656006,False
/Users/aanyasingh/Projects/imagevalidation2/data/FloodingDataset2/processed_data/binary/train/non_flood/river/river_000271.jpg,0.024699747562408447,False
/Users/aanyasingh/Projects/imagevalidation2/data/FloodingDataset2/processed_data/binary/train/non_flood/animal/animal_000160.jpg,0.02460426092147827,False
/Users/aanyasingh/Projects/imagevalidation2/data/FloodingDataset2/processed_data/binary/train/non_flood/river/river_000046.jpg,0.02454131841659546,False
/Users/aanyasingh/Projects/imagevalidation2/data/FloodingDataset2/processed_data/binary/train/non_flood/animal/animal_000279.jpg,0.024518966674804688,False
/Users/aanyasingh/Projects/imagevalidation2/data/FloodingDataset2/processed_data/binary/train/non_flood/park_walkway/park_walkway_000132.jpg,0.024453282356262207,False
/Users/aanyasingh/Projects/imagevalidation2/data/FloodingDataset2/processed_data/binary/train/non_flood/vehicle/vehicle_000000.jpg,0.02444368600845337,False
/Users/aanyasingh/Projects/imagevalidation2/data/FloodingDataset2/processed_data/binary/train/non_flood/plant/plant_000092.jpg,0.02431100606918335,False
/Users/aanyasingh/Projects/imagevalidation2/data/FloodingDataset2/processed_data/binary/train/non_flood/vehicle/vehicle_000122.jpg,0.024183213710784912,False
/Users/aanyasingh/Projects/imagevalidation2/data/FloodingDataset2/processed_data/binary/train/non_flood/animal/animal_000167.jpg,0.02417933940887451,False
/Users/aanyasingh/Projects/imagevalidation2/data/FloodingDataset2/processed_data/binary/train/non_flood/river/river_000336.jpg,0.024018466472625732,False
/Users/aanyasingh/Projects/imagevalidation2/data/FloodingDataset2/processed_data/binary/train/non_flood/street_clear/street_clear_000103.jpg,0.02383369207382202,False
/Users/aanyasingh/Projects/imagevalidation2/data/FloodingDataset2/processed_data/binary/train/non_flood/building/building_000097.jpg,0.023735880851745605,False
/Users/aanyasingh/Projects/imagevalidation2/data/FloodingDataset2/processed_data/binary/train/non_flood/vehicle/vehicle_000066.jpg,0.023626327514648438,False
/Users/aanyasingh/Projects/imagevalidation2/data/FloodingDataset2/processed_data/binary/train/non_flood/building/building_000004.jpg,0.023575186729431152,False
/Users/aanyasingh/Projects/imagevalidation2/data/FloodingDataset2/processed_data/binary/train/non_flood/building/building_000120.jpg,0.023489713668823242,False
/Users/aanyasingh/Projects/imagevalidation2/data/FloodingDataset2/processed_data/binary/train/non_flood/animal/animal_000285.jpg,0.023417651653289795,False
/Users/aanyasingh/Projects/imagevalidation2/data/FloodingDataset2/processed_data/binary/train/non_flood/river/river_000215.jpg,0.023302674293518066,False
/Users/aanyasingh/Projects/imagevalidation2/data/FloodingDataset2/processed_data/binary/train/non_flood/street_clear/street_clear_000167.jpg,0.02328813076019287,False
/Users/aanyasingh/Projects/imagevalidation2/data/FloodingDataset2/processed_data/binary/train/non_flood/park_walkway/park_walkway_000156.jpg,0.023286104202270508,False
/Users/aanyasingh/Projects/imagevalidation2/data/FloodingDataset2/processed_data/binary/train/non_flood/street_clear/street_clear_000264.jpg,0.023185908794403076,False
/Users/aanyasingh/Projects/imagevalidation2/data/FloodingDataset2/processed_data/binary/train/non_flood/river/river_000357.jpg,0.022876620292663574,False
/Users/aanyasingh/Projects/imagevalidation2/data/FloodingDataset2/processed_data/binary/train/non_flood/street_clear/street_clear_000046.jpg,0.02285999059677124,False
/Users/aanyasingh/Projects/imagevalidation2/data/FloodingDataset2/processed_data/binary/train/non_flood/building/building_000167.jpg,0.022829651832580566,False
/Users/aanyasingh/Projects/imagevalidation2/data/FloodingDataset2/processed_data/binary/train/non_flood/plant/plant_000084.jpg,0.022730231285095215,False
/Users/aanyasingh/Projects/imagevalidation2/data/FloodingDataset2/processed_data/binary/train/non_flood/building/building_000114.jpg,0.02263927459716797,False
/Users/aanyasingh/Projects/imagevalidation2/data/FloodingDataset2/processed_data/binary/train/non_flood/street_clear/street_clear_000142.jpg,0.022611618041992188,False
/Users/aanyasingh/Projects/imagevalidation2/data/FloodingDataset2/processed_data/binary/train/non_flood/park_walkway/park_walkway_000354.jpg,0.0225943922996521,False
/Users/aanyasingh/Projects/imagevalidation2/data/FloodingDataset2/processed_data/binary/train/non_flood/street_clear/street_clear_000223.jpg,0.022562146186828613,False
/Users/aanyasingh/Projects/imagevalidation2/data/FloodingDataset2/processed_data/binary/train/non_flood/vehicle/vehicle_000096.jpg,0.022520482540130615,False
/Users/aanyasingh/Projects/imagevalidation2/data/FloodingDataset2/processed_data/binary/train/non_flood/park_walkway/park_walkway_000210.jpg,0.022498369216918945,False
/Users/aanyasingh/Projects/imagevalidation2/data/FloodingDataset2/processed_data/binary/train/non_flood/park_walkway/park_walkway_000192.jpg,0.022479236125946045,False
/Users/aanyasingh/Projects/imagevalidation2/data/FloodingDataset2/processed_data/binary/train/non_flood/river/river_000307.jpg,0.022407948970794678,False
/Users/aanyasingh/Projects/imagevalidation2/data/FloodingDataset2/processed_data/binary/train/non_flood/building/building_000054.jpg,0.02237182855606079,False
/Users/aanyasingh/Projects/imagevalidation2/data/FloodingDataset2/processed_data/binary/train/non_flood/river/river_000024.jpg,0.022325336933135986,False
/Users/aanyasingh/Projects/imagevalidation2/data/FloodingDataset2/processed_data/binary/train/non_flood/river/river_000298.jpg,0.022235751152038574,False
/Users/aanyasingh/Projects/imagevalidation2/data/FloodingDataset2/processed_data/binary/train/no/Users/aanyasingh/Projects/imagevalidation2/data/FloodingDataset2/processed_data/binary/train/non_flood/street_clear/street_clear_000474.jpg,0.001523435115814209,False
/Users/aanyasingh/Projects/imagevalidation2/data/FloodingDataset2/processed_data/binary/train/non_flood/park_walkway/park_walkway_000296.jpg,0.0015208125114440918,False
/Users/aanyasingh/Projects/imagevalidation2/data/FloodingDataset2/processed_data/binary/train/non_flood/street_clear/street_clear_000374.jpg,0.0015162825584411621,False
/Users/aanyasingh/Projects/imagevalidation2/data/FloodingDataset2/processed_data/binary/train/non_flood/river/river_000355.jpg,0.0015109777450561523,False
/Users/aanyasingh/Projects/imagevalidation2/data/FloodingDataset2/processed_data/binary/train/non_flood/park_walkway/park_walkway_000150.jpg,0.001509547233581543,False
/Users/aanyasingh/Projects/imagevalidation2/data/FloodingDataset2/processed_data/binary/train/non_flood/river/river_000196.jpg,0.0014937520027160645,False
/Users/aanyasingh/Projects/imagevalidation2/data/FloodingDataset2/processed_data/binary/train/non_flood/animal/animal_000233.jpg,0.0014899373054504395,False
/Users/aanyasingh/Projects/imagevalidation2/data/FloodingDataset2/processed_data/binary/train/non_flood/river/river_000224.jpg,0.00148695707321167,False
/Users/aanyasingh/Projects/imagevalidation2/data/FloodingDataset2/processed_data/binary/train/non_flood/swimming_pool/swimming_pool_000057.jpg,0.0014800429344177246,False
/Users/aanyasingh/Projects/imagevalidation2/data/FloodingDataset2/processed_data/binary/train/non_flood/animal/animal_000062.jpg,0.0014764666557312012,False
/Users/aanyasingh/Projects/imagevalidation2/data/FloodingDataset2/processed_data/binary/train/non_flood/street_clear/street_clear_000483.jpg,0.0014731884002685547,False
/Users/aanyasingh/Projects/imagevalidation2/data/FloodingDataset2/processed_data/binary/train/non_flood/park_walkway/park_walkway_000055.jpg,0.0014719963073730469,False
/Users/aanyasingh/Projects/imagevalidation2/data/FloodingDataset2/processed_data/binary/train/non_flood/river/river_000070.jpg,0.001465916633605957,False
/Users/aanyasingh/Projects/imagevalidation2/data/FloodingDataset2/processed_data/binary/train/non_flood/plant/plant_000099.jpg,0.0014623403549194336,False
/Users/aanyasingh/Projects/imagevalidation2/data/FloodingDataset2/processed_data/binary/train/non_flood/plant/plant_000071.jpg,0.0014587640762329102,False
/Users/aanyasingh/Projects/imagevalidation2/data/FloodingDataset2/processed_data/binary/train/non_flood/street_clear/street_clear_000361.jpg,0.0014548301696777344,False
/Users/aanyasingh/Projects/imagevalidation2/data/FloodingDataset2/processed_data/binary/train/non_flood/animal/animal_000144.jpg,0.0014494061470031738,False
/Users/aanyasingh/Projects/imagevalidation2/data/FloodingDataset2/processed_data/binary/train/non_flood/river/river_000390.jpg,0.001424551010131836,False
/Users/aanyasingh/Projects/imagevalidation2/data/FloodingDataset2/processed_data/binary/train/non_flood/vehicle/vehicle_000058.jpg,0.0014243125915527344,False
/Users/aanyasingh/Projects/imagevalidation2/data/FloodingDataset2/processed_data/binary/train/non_flood/park_walkway/park_walkway_000322.jpg,0.0014215707778930664,False
/Users/aanyasingh/Projects/imagevalidation2/data/FloodingDataset2/processed_data/binary/train/non_flood/building/building_000229.jpg,0.0014171600341796875,False
/Users/aanyasingh/Projects/imagevalidation2/data/FloodingDataset2/processed_data/binary/train/non_flood/animal/animal_000160.jpg,0.001416325569152832,False
/Users/aanyasingh/Projects/imagevalidation2/data/FloodingDataset2/processed_data/binary/train/non_flood/park_walkway/park_walkway_000263.jpg,0.0014122724533081055,False
/Users/aanyasingh/Projects/imagevalidation2/data/FloodingDataset2/processed_data/binary/train/non_flood/river/river_000328.jpg,0.0014107823371887207,False
/Users/aanyasingh/Projects/imagevalidation2/data/FloodingDataset2/processed_data/binary/train/non_flood/vehicle/vehicle_000114.jpg,0.001407921314239502,False
/Users/aanyasingh/Projects/imagevalidation2/data/FloodingDataset2/processed_data/binary/train/non_flood/plant/plant_000168.jpg,0.0014074444770812988,False
/Users/aanyasingh/Projects/imagevalidation2/data/FloodingDataset2/processed_data/binary/train/non_flood/river/river_000363.jpg,0.0014016032218933105,False
/Users/aanyasingh/Projects/imagevalidation2/data/FloodingDataset2/processed_data/binary/train/non_flood/street_clear/street_clear_000001.jpg,0.0014000535011291504,False
/Users/aanyasingh/Projects/imagevalidation2/data/FloodingDataset2/processed_data/binary/train/non_flood/vehicle/vehicle_000104.jpg,0.0013932585716247559,False
/Users/aanyasingh/Projects/imagevalidation2/data/FloodingDataset2/processed_data/binary/train/non_flood/vehicle/vehicle_000159.jpg,0.0013914704322814941,False
/Users/aanyasingh/Projects/imagevalidation2/data/FloodingDataset2/processed_data/binary/train/non_flood/street_clear/street_clear_000522.jpg,0.0013810396194458008,False
/Users/aanyasingh/Projects/imagevalidation2/data/FloodingDataset2/processed_data/binary/train/non_flood/animal/animal_000140.jpg,0.0013729333877563477,False
/Users/aanyasingh/Projects/imagevalidation2/data/FloodingDataset2/processed_data/binary/train/non_flood/street_clear/street_clear_000425.jpg,0.0013657212257385254,False
/Users/aanyasingh/Projects/imagevalidation2/data/FloodingDataset2/processed_data/binary/train/non_flood/animal/animal_000093.jpg,0.0013602375984191895,False
/Users/aanyasingh/Projects/imagevalidation2/data/FloodingDataset2/processed_data/binary/train/non_flood/street_clear/street_clear_000151.jpg,0.0013565421104431152,False
/Users/aanyasingh/Projects/imagevalidation2/data/FloodingDataset2/processed_data/binary/train/non_flood/street_clear/street_clear_000500.jpg,0.0013553500175476074,False
/Users/aanyasingh/Projects/imagevalidation2/data/FloodingDataset2/processed_data/binary/train/non_flood/building/building_000155.jpg,0.0013478398323059082,False
/Users/aanyasingh/Projects/imagevalidation2/data/FloodingDataset2/processed_data/binary/train/non_flood/animal/animal_000058.jpg,0.001343846321105957,False
/Users/aanyasingh/Projects/imagevalidation2/data/FloodingDataset2/processed_data/binary/train/non_flood/river/river_000218.jpg,0.001336812973022461,False
/Users/aanyasingh/Projects/imagevalidation2/data/FloodingDataset2/processed_data/binary/train/non_flood/street_clear/street_clear_000362.jpg,0.0013339519500732422,False
/Users/aanyasingh/Projects/imagevalidation2/data/FloodingDataset2/processed_data/binary/train/non_flood/street_clear/street_clear_000526.jpg,0.0013338327407836914,False
/Users/aanyasingh/Projects/imagevalidation2/data/FloodingDataset2/processed_data/binary/train/non_flood/vehicle/vehicle_000113.jpg,0.0013327598571777344,False
/Users/aanyasingh/Projects/imagevalidation2/data/FloodingDataset2/processed_data/binary/train/non_flood/street_clear/street_clear_000186.jpg,0.0013265609741210938,False
/Users/aanyasingh/Projects/imagevalidation2/data/FloodingDataset2/processed_data/binary/train/non_flood/animal/animal_000285.jpg,0.0013095736503601074,False
/Users/aanyasingh/Projects/imagevalidation2/data/FloodingDataset2/processed_data/binary/train/non_flood/swimming_pool/swimming_pool_000069.jpg,0.001307666301727295,False
/Users/aanyasingh/Projects/imagevalidation2/data/FloodingDataset2/processed_data/binary/train/non_flood/street_clear/street_clear_000570.jpg,0.001307070255279541,False
/Users/aanyasingh/Projects/imagevalidation2/data/FloodingDataset2/processed_data/binary/train/non_flood/street_clear/street_clear_000490.jpg,0.001305997371673584,False
/Users/aanyasingh/Projects/imagevalidation2/data/FloodingDataset2/processed_data/binary/train/non_flood/park_walkway/park_walkway_000301.jpg,0.0013026595115661621,False
/Users/aanyasingh/Projects/imagevalidation2/data/FloodingDataset2/processed_data/binary/train/non_flood/building/building_000167.jpg,0.0013004541397094727,False
/Users/aanyasingh/Projects/imagevalidation2/data/FloodingDataset2/processed_data/binary/train/non_flood/river/river_000093.jpg,0.0012958049774169922,False
/Users/aanyasingh/Projects/imagevalidation2/data/FloodingDataset2/processed_data/binary/train/non_flood/river/river_000338.jpg,0.0012928247451782227,False
/Users/aanyasingh/Projects/imagevalidation2/data/FloodingDataset2/processed_data/binary/train/non_flood/street_clear/street_clear_000036.jpg,0.0012830495834350586,False
/Users/aanyasingh/Projects/imagevalidation2/data/FloodingDataset2/processed_data/binary/train/non_flood/street_clear/street_clear_000493.jpg,0.001273810863494873,False
/Users/aanyasingh/Projects/imagevalidation2/data/FloodingDataset2/processed_data/binary/train/non_flood/vehicle/vehicle_000072.jpg,0.001272737979888916,False
/Users/aanyasingh/Projects/imagevalidation2/data/FloodingDataset2/processed_data/binary/train/non_flood/river/river_000032.jpg,0.0012668967247009277,False
/Users/aanyasingh/Projects/imagevalidation2/data/FloodingDataset2/processed_data/binary/train/non_flood/street_clear/street_clear_000034.jpg,0.0012668967247009277,False
/Users/aanyasingh/Projects/imagevalidation2/data/FloodingDataset2/processed_data/binary/train/non_flood/street_clear/street_clear_000092.jpg,0.0012642741203308105,False
/Users/aanyasingh/Projects/imagevalidation2/data/FloodingDataset2/processed_data/binary/train/non_flood/street_clear/street_clear_000238.jpg,0.001262962818145752,False
/Users/aanyasingh/Projects/imagevalidation2/data/FloodingDataset2/processed_data/binary/train/non_flood/animal/animal_000064.jpg,0.0012543201446533203,False
/Users/aanyasingh/Projects/imagevalidation2/data/FloodingDataset2/processed_data/binary/train/non_flood/river/river_000275.jpg,0.0012519359588623047,False
/Users/aanyasingh/Projects/imagevalidation2/data/FloodingDataset2/processed_data/binary/train/non_flood/building/building_000243.jpg,0.0012503862380981445,False
/Users/aanyasingh/Projects/imagevalidation2/data/FloodingDataset2/processed_data/binary/train/non_flood/vehicle/vehicle_000034.jpg,0.0012503862380981445,False
/Users/aanyasingh/Projects/imagevalidation2/data/FloodingDataset2/processed_data/binary/train/non_flood/building/building_000189.jpg,0.0012502670288085938,False
/Users/aanyasingh/Projects/imagevalidation2/data/FloodingDataset2/processed_data/binary/train/non_flood/street_clear/street_clear_000540.jpg,0.0012502670288085938,False
/Users/aanyasingh/Projects/imagevalidation2/data/FloodingDataset2/processed_data/binary/train/non_flood/plant/plant_000138.jpg,0.0012402534484863281,False
/Users/aanyasingh/Projects/imagevalidation2/data/FloodingDataset2/processed_data/binary/train/non_flood/park_walkway/park_walkway_000294.jpg,0.0012398958206176758,False
/Users/aanyasingh/Projects/imagevalidation2/data/FloodingDataset2/processed_data/binary/train/non_flood/animal/animal_000002.jpg,0.0012359619140625,False
/Users/aanyasingh/Projects/imagevalidation2/data/FloodingDataset2/processed_data/binary/train/non_flood/river/river_000160.jpg,0.001232147216796875,False
/Users/aanyasingh/Projects/imagevalidation2/data/FloodingDataset2/processed_data/binary/train/non_flood/river/river_000262.jpg,0.001229703426361084,False
/Users/aanyasingh/Projects/imagevalidation2/data/FloodingDataset2/processed_data/binary/train/non_flood/building/building_000019.jpg,0.001224815845489502,False
/Users/aanyasingh/Projects/imagevalidation2/data/FloodingDataset2/processed_data/binary/train/non_flood/river/river_000173.jpg,0.001224815845489502,False
/Users/aanyasingh/Projects/imagevalidation2/data/FloodingDataset2/processed_data/binary/train/non_flood/river/river_000201.jpg,0.0012243390083312988,False
/Users/aanyasingh/Projects/imagevalidation2/data/FloodingDataset2/processed_data/binary/train/non_flood/river/river_000223.jpg,0.0012215971946716309,False
/Users/aanyasingh/Projects/imagevalidation2/data/FloodingDataset2/processed_data/binary/train/non_flood/park_walkway/park_walkway_000000.jpg,0.0012175440788269043,False
/Users/aanyasingh/Projects/imagevalidation2/data/FloodingDataset2/processed_data/binary/train/non_flood/building/building_000153.jpg,0.0012025833129882812,False
/Users/aanyasingh/Projects/imagevalidation2/data/FloodingDataset2/processed_data/binary/train/non_flood/river/river_000266.jpg,0.0012015104293823242,False
/Users/aanyasingh/Projects/imagevalidation2/data/FloodingDataset2/processed_data/binary/train/non_flood/vehicle/vehicle_000146.jpg,0.0012011528015136719,False
/Users/aanyasingh/Projects/imagevalidation2/data/FloodingDataset2/processed_data/binary/train/non_flood/building/building_000166.jpg,0.001201033592224121,False
/Users/aanyasingh/Projects/imagevalidation2/data/FloodingDataset2/processed_data/binary/train/non_flood/animal/animal_000245.jpg,0.0011987686157226562,False
/Users/aanyasingh/Projects/imagevalidation2/data/FloodingDataset2/processed_data/binary/train/non_flood/swimming_pool/swimming_pool_000017.jpg,0.0011970996856689453,False
/Users/aanyasingh/Projects/imagevalidation2/data/FloodingDataset2/processed_data/binary/train/non_flood/river/river_000024.jpg,0.0011875629425048828,False
/Users/aanyasingh/Projects/imagevalidation2/data/FloodingDataset2/processed_data/binary/train/non_flood/animal/animal_000111.jpg,0.001185297966003418,False
/Users/aanyasingh/Projects/imagevalidation2/data/FloodingDataset2/processed_data/binary/train/non_flood/park_walkway/park_walkway_000184.jpg,0.0011845827102661133,False
/Users/aanyasingh/Projects/imagevalidation2/data/FloodingDataset2/processed_data/binary/train/non_flood/plant/plant_000092.jpg,0.0011845827102661133,False
/Users/aanyasingh/Projects/imagevalidation2/data/FloodingDataset2/processed_data/binary/train/non_flood/vehicle/vehicle_000211.jpg,0.0011736750602722168,False
/Users/aanyasingh/Projects/imagevalidation2/data/FloodingDataset2/processed_data/binary/train/non_flood/vehicle/vehicle_000081.jpg,0.0011720061302185059,False
/Users/aanyasingh/Projects/imagevalidation2/data/FloodingDataset2/processed_data/binary/train/non_flood/street_clear/street_clear_000231.jpg,0.0011699795722961426,False
/Users/aanyasingh/Projects/imagevalidation2/data/FloodingDataset2/processed_data/binary/train/non_flood/street_clear/street_clear_000402.jpg,0.0011673569679260254,False
/Users/aanyasingh/Projects/imagevalidation2/data/FloodingDataset2/processed_data/binary/train/non_flood/street_clear/street_clear_000083.jpg,0.0011447668075561523,False
/Users/aanyasingh/Projects/imagevalidation2/data/FloodingDataset2/processed_data/binary/train/non_flood/river/river_000327.jpg,0.0011419057846069336,False
/Users/aanyasingh/Projects/imagevalidation2/data/FloodingDataset2/processed_data/binary/train/non_flood/building/building_000218.jpg,0.00113677978515625,False
/Users/aanyasingh/Projects/imagevalidation2/data/FloodingDataset2/processed_data/binary/train/non_flood/park_walkway/park_walkway_000173.jpg,0.0011359453201293945,False
/Users/aanyasingh/Projects/imagevalidation2/data/FloodingDataset2/processed_data/binary/train/non_flood/river/river_000323.jpg,0.0011348724365234375,False
/Users/aanyasingh/Projects/imagevalidation2/data/FloodingDataset2/processed_data/binary/train/non_flood/animal/animal_000105.jpg,0.0011275410652160645,False
/Users/aanyasingh/Projects/imagevalidation2/data/FloodingDataset2/processed_data/binary/train/non_flood/building/building_000174.jpg,0.001126706600189209,False
/Users/aanyasingh/Projects/imagevalidation2/data/FloodingDataset2/processed_data/binary/train/non_flood/plant/plant_000105.jpg,0.001121819019317627,False
/Users/aanyasingh/Projects/imagevalidation2/data/FloodingDataset2/processed_data/binary/train/non_flood/street_clear/street_clear_000098.jpg,0.001120150089263916,False
/Users/aanyasingh/Projects/imagevalidation2/data/FloodingDataset2/processed_data/binary/train/non_flood/river/river_000051.jpg,0.0011191964149475098,False
/Users/aanyasingh/Projects/imagevalidation2/data/FloodingDataset2/processed_data/binary/train/non_flood/park_walkway/park_walkway_000059.jpg,0.0011158585548400879,False
/Users/aanyasingh/Projects/imagevalidation2/data/FloodingDataset2/processed_data/binary/train/non_flood/animal/animal_000130.jpg,0.0011140704154968262,False
/Users/aanyasingh/Projects/imagevalidation2/data/FloodingDataset2/processed_data/binary/train/non_flood/animal/animal_000118.jpg,0.0011139512062072754,False
/Users/aany/Users/aanyasingh/Projects/imagevalidation2/data/FloodingDataset2/processed_data/binary/train/non_flood/building/building_000082.jpg,0.017349302768707275,False
/Users/aanyasingh/Projects/imagevalidation2/data/FloodingDataset2/processed_data/binary/train/non_flood/swimming_pool/swimming_pool_000038.jpg,0.017348945140838623,False
/Users/aanyasingh/Projects/imagevalidation2/data/FloodingDataset2/processed_data/binary/train/non_flood/street_clear/street_clear_000003.jpg,0.01733112335205078,False
/Users/aanyasingh/Projects/imagevalidation2/data/FloodingDataset2/processed_data/binary/train/non_flood/building/building_000002.jpg,0.017311453819274902,False
/Users/aanyasingh/Projects/imagevalidation2/data/FloodingDataset2/processed_data/binary/train/non_flood/river/river_000002.jpg,0.017196178436279297,False
/Users/aanyasingh/Projects/imagevalidation2/data/FloodingDataset2/processed_data/binary/train/non_flood/building/building_000046.jpg,0.01718294620513916,False
/Users/aanyasingh/Projects/imagevalidation2/data/FloodingDataset2/processed_data/binary/train/non_flood/park_walkway/park_walkway_000230.jpg,0.017151296138763428,False
/Users/aanyasingh/Projects/imagevalidation2/data/FloodingDataset2/processed_data/binary/train/non_flood/building/building_000047.jpg,0.0171358585357666,False
/Users/aanyasingh/Projects/imagevalidation2/data/FloodingDataset2/processed_data/binary/train/non_flood/street_clear/street_clear_000231.jpg,0.017056941986083984,False
/Users/aanyasingh/Projects/imagevalidation2/data/FloodingDataset2/processed_data/binary/train/non_flood/park_walkway/park_walkway_000030.jpg,0.017009973526000977,False
/Users/aanyasingh/Projects/imagevalidation2/data/FloodingDataset2/processed_data/binary/train/non_flood/vehicle/vehicle_000079.jpg,0.01697760820388794,False
/Users/aanyasingh/Projects/imagevalidation2/data/FloodingDataset2/processed_data/binary/train/non_flood/building/building_000150.jpg,0.01696169376373291,False
/Users/aanyasingh/Projects/imagevalidation2/data/FloodingDataset2/processed_data/binary/train/non_flood/park_walkway/park_walkway_000026.jpg,0.016924142837524414,False
/Users/aanyasingh/Projects/imagevalidation2/data/FloodingDataset2/processed_data/binary/train/non_flood/vehicle/vehicle_000072.jpg,0.016902685165405273,False
/Users/aanyasingh/Projects/imagevalidation2/data/FloodingDataset2/processed_data/binary/train/non_flood/street_clear/street_clear_000480.jpg,0.016821563243865967,False
/Users/aanyasingh/Projects/imagevalidation2/data/FloodingDataset2/processed_data/binary/train/non_flood/river/river_000088.jpg,0.016768574714660645,False
/Users/aanyasingh/Projects/imagevalidation2/data/FloodingDataset2/processed_data/binary/train/non_flood/street_clear/street_clear_000219.jpg,0.016766369342803955,False
/Users/aanyasingh/Projects/imagevalidation2/data/FloodingDataset2/processed_data/binary/train/non_flood/street_clear/street_clear_000474.jpg,0.01672995090484619,False
/Users/aanyasingh/Projects/imagevalidation2/data/FloodingDataset2/processed_data/binary/train/non_flood/plant/plant_000100.jpg,0.01672971248626709,False
/Users/aanyasingh/Projects/imagevalidation2/data/FloodingDataset2/processed_data/binary/train/non_flood/vehicle/vehicle_000067.jpg,0.016711771488189697,False
/Users/aanyasingh/Projects/imagevalidation2/data/FloodingDataset2/processed_data/binary/train/non_flood/river/river_000395.jpg,0.016659080982208252,False
/Users/aanyasingh/Projects/imagevalidation2/data/FloodingDataset2/processed_data/binary/train/non_flood/river/river_000370.jpg,0.016619205474853516,False
/Users/aanyasingh/Projects/imagevalidation2/data/FloodingDataset2/processed_data/binary/train/non_flood/animal/animal_000227.jpg,0.016614139080047607,False
/Users/aanyasingh/Projects/imagevalidation2/data/FloodingDataset2/processed_data/binary/train/non_flood/street_clear/street_clear_000553.jpg,0.0165482759475708,False
/Users/aanyasingh/Projects/imagevalidation2/data/FloodingDataset2/processed_data/binary/train/non_flood/street_clear/street_clear_000238.jpg,0.016525328159332275,False
/Users/aanyasingh/Projects/imagevalidation2/data/FloodingDataset2/processed_data/binary/train/non_flood/plant/plant_000123.jpg,0.01643991470336914,False
/Users/aanyasingh/Projects/imagevalidation2/data/FloodingDataset2/processed_data/binary/train/non_flood/building/building_000242.jpg,0.016421914100646973,False
/Users/aanyasingh/Projects/imagevalidation2/data/FloodingDataset2/processed_data/binary/train/non_flood/building/building_000189.jpg,0.016409099102020264,False
/Users/aanyasingh/Projects/imagevalidation2/data/FloodingDataset2/processed_data/binary/train/non_flood/building/building_000155.jpg,0.016387879848480225,False
/Users/aanyasingh/Projects/imagevalidation2/data/FloodingDataset2/processed_data/binary/train/non_flood/river/river_000032.jpg,0.016379714012145996,False
/Users/aanyasingh/Projects/imagevalidation2/data/FloodingDataset2/processed_data/binary/train/non_flood/park_walkway/park_walkway_000070.jpg,0.016370117664337158,False
/Users/aanyasingh/Projects/imagevalidation2/data/FloodingDataset2/processed_data/binary/train/non_flood/park_walkway/park_walkway_000108.jpg,0.016349494457244873,False
/Users/aanyasingh/Projects/imagevalidation2/data/FloodingDataset2/processed_data/binary/train/non_flood/park_walkway/park_walkway_000006.jpg,0.016334712505340576,False
/Users/aanyasingh/Projects/imagevalidation2/data/FloodingDataset2/processed_data/binary/train/non_flood/plant/plant_000078.jpg,0.016316354274749756,False
/Users/aanyasingh/Projects/imagevalidation2/data/FloodingDataset2/processed_data/binary/train/non_flood/street_clear/street_clear_000530.jpg,0.01627326011657715,False
/Users/aanyasingh/Projects/imagevalidation2/data/FloodingDataset2/processed_data/binary/train/non_flood/plant/plant_000006.jpg,0.016272306442260742,False
/Users/aanyasingh/Projects/imagevalidation2/data/FloodingDataset2/processed_data/binary/train/non_flood/street_clear/street_clear_000132.jpg,0.016255676746368408,False
/Users/aanyasingh/Projects/imagevalidation2/data/FloodingDataset2/processed_data/binary/train/non_flood/building/building_000221.jpg,0.016211390495300293,False
/Users/aanyasingh/Projects/imagevalidation2/data/FloodingDataset2/processed_data/binary/train/non_flood/animal/animal_000121.jpg,0.016175150871276855,False
/Users/aanyasingh/Projects/imagevalidation2/data/FloodingDataset2/processed_data/binary/train/non_flood/park_walkway/park_walkway_000238.jpg,0.01615774631500244,False
/Users/aanyasingh/Projects/imagevalidation2/data/FloodingDataset2/processed_data/binary/train/non_flood/animal/animal_000287.jpg,0.016154885292053223,False
/Users/aanyasingh/Projects/imagevalidation2/data/FloodingDataset2/processed_data/binary/train/non_flood/building/building_000272.jpg,0.01604360342025757,False
/Users/aanyasingh/Projects/imagevalidation2/data/FloodingDataset2/processed_data/binary/train/non_flood/building/building_000187.jpg,0.016032755374908447,False
/Users/aanyasingh/Projects/imagevalidation2/data/FloodingDataset2/processed_data/binary/train/non_flood/building/building_000148.jpg,0.016028404235839844,False
/Users/aanyasingh/Projects/imagevalidation2/data/FloodingDataset2/processed_data/binary/train/non_flood/street_clear/street_clear_000439.jpg,0.01600193977355957,False
/Users/aanyasingh/Projects/imagevalidation2/data/FloodingDataset2/processed_data/binary/train/non_flood/building/building_000275.jpg,0.015987396240234375,False
/Users/aanyasingh/Projects/imagevalidation2/data/FloodingDataset2/processed_data/binary/train/non_flood/park_walkway/park_walkway_000301.jpg,0.015984296798706055,False
/Users/aanyasingh/Projects/imagevalidation2/data/FloodingDataset2/processed_data/binary/train/non_flood/river/river_000299.jpg,0.01596766710281372,False
/Users/aanyasingh/Projects/imagevalidation2/data/FloodingDataset2/processed_data/binary/train/non_flood/vehicle/vehicle_000053.jpg,0.015961289405822754,False
/Users/aanyasingh/Projects/imagevalidation2/data/FloodingDataset2/processed_data/binary/train/non_flood/park_walkway/park_walkway_00025/Users/aanyasingh/Projects/imagev/Users/aanyasingh/Projects/imagevalidation2/data/FloodingDataset2/processed_data/binary/train/non_flood/vehicle/vehicle_000026.jpg,0.015945494174957275,False
/Users/aanyasingh/Projects/imagevalidation2/data/FloodingDataset2/processed_data/binary/train/non_flood/park_walkway/park_walkway_000180.jpg,0.01594489812850952,False
/Users/aanyasingh/Projects/imagevalidation2/data/FloodingDataset2/processed_data/binary/train/non_flood/street_clear/street_clear_000237.jpg,0.01593118906021118,False
/Users/aanyasingh/Projects/imagevalidation2/data/FloodingDataset2/processed_data/binary/train/non_flood/animal/animal_000013.jpg,0.01590430736541748,False
/Users/aanyasingh/Projects/imagevalidation2/data/FloodingDataset2/processed_data/binary/train/non_flood/building/building_000147.jpg,0.015869557857513428,False
/Users/aanyasingh/Projects/imagevalidation2/data/FloodingDataset2/processed_data/binary/train/non_flood/plant/plant_000117.jpg,0.015848636627197266,False
/Users/aanyasingh/Projects/imagevalidation2/data/FloodingDataset2/processed_data/binary/train/non_flood/street_clear/street_clear_000435.jpg,0.01584261655807495,False
/Users/aanyasingh/Projects/imagevalidation2/data/FloodingDataset2/processed_data/binary/train/non_flood/swimming_pool/swimming_pool_000066.jpg,0.015835583209991455,False
/Users/aanyasingh/Projects/imagevalidation2/data/FloodingDataset2/processed_data/binary/train/non_flood/building/building_000263.jpg,0.015833139419555664,False
/Users/aanyasingh/Projects/imagevalidation2/data/FloodingDataset2/processed_data/binary/train/non_flood/park_walkway/park_walkway_000370.jpg,0.015832126140594482,False
/Users/aanyasingh/Projects/imagevalidation2/data/FloodingDataset2/processed_data/binary/train/non_flood/street_clear/street_clear_000428.jpg,0.015802443027496338,False
/Users/aanyasingh/Projects/imagevalidation2/data/FloodingDataset2/processed_data/binary/train/non_flood/river/river_000100.jpg,0.015777170658111572,False
/Users/aanyasingh/Projects/imagevalidation2/data/FloodingDataset2/processed_data/binary/train/non_flood/river/river_000163.jpg,0.015749692916870117,False
/Users/aanyasingh/Projects/imagevalidation2/data/FloodingDataset2/processed_data/binary/train/non_flood/park_walkway/park_walkway_000243.jpg,0.015648603439331055,False
/Users/aanyasingh/Projects/imagevalidation2/data/FloodingDataset2/processed_data/binary/train/non_flood/street_clear/street_clear_000366.jpg,0.015615463256835938,False
/Users/aanyasingh/Projects/imagevalidation2/data/FloodingDataset2/processed_data/binary/train/non_flood/river/river_000393.jpg,0.015580832958221436,False
/Users/aanyasingh/Projects/imagevalidation2/data/FloodingDataset2/processed_data/binary/train/non_flood/building/building_000108.jpg,0.015558421611785889,False
/Users/aanyasingh/Projects/imagevalidation2/data/FloodingDataset2/processed_data/binary/train/non_flood/building/building_000006.jpg,0.015532851219177246,False
/Users/aanyasingh/Projects/imagevalidation2/data/FloodingDataset2/processed_data/binary/train/non_flood/river/river_000388.jpg,0.015512049198150635,False
/Users/aanyasingh/Projects/imagevalidation2/data/FloodingDataset2/processed_data/binary/train/non_flood/building/building_000086.jpg,0.015500068664550781,False
/Users/aanyasingh/Projects/imagevalidation2/data/FloodingDataset2/processed_data/binary/train/non_flood/river/river_000116.jpg,0.015435934066772461,False
/Users/aanyasingh/Projects/imagevalidation2/data/FloodingDataset2/processed_data/binary/train/non_flood/street_clear/street_clear_000049.jpg,0.015416622161865234,False
/Users/aanyasingh/Projects/imagevalidation2/data/FloodingDataset2/processed_data/binary/train/non_flood/street_clear/street_clear_000036.jpg,0.015388548374176025,False
/Users/aanyasingh/Projects/imagevalidation2/data/FloodingDataset2/processed_data/binary/train/non_flood/street_clear/street_clear_000005.jpg,0.015285074710845947,False
/Users/aanyasingh/Projects/imagevalidation2/data/FloodingDataset2/processed_data/binary/train/non_flood/street_clear/street_clear_000324.jpg,0.015280723571777344,False
/Users/aanyasingh/Projects/imagevalidation2/data/FloodingDataset2/processed_data/binary/train/non_flood/street_clear/street_clear_000200.jpg,0.015274107456207275,False
/Users/aanyasingh/Projects/imagevalidation2/data/FloodingDataset2/processed_data/binary/train/non_flood/street_clear/street_clear_000464.jpg,0.015261292457580566,False
/Users/aanyasingh/Projects/imagevalidation2/data/FloodingDataset2/processed_data/binary/train/non_flood/vehicle/vehicle_000035.jpg,0.015219688415527344,False
/Users/aanyasingh/Projects/imagevalidation2/data/FloodingDataset2/processed_data/binary/train/non_flood/plant/plant_000097.jpg,0.015208005905151367,False
/Users/aanyasingh/Projects/imagevalidation2/data/FloodingDataset2/processed_data/binary/train/non_flood/vehicle/vehicle_000052.jpg,0.015156686305999756,False
/Users/aanyasingh/Projects/imagevalidation2/data/FloodingDataset2/processed_data/binary/train/non_flood/street_clear/street_clear_000400.jpg,0.015130996704101562,False
/Users/aanyasingh/Projects/imagevalidation2/data/FloodingDataset2/processed_data/binary/train/non_flood/plant/plant_000005.jpg,0.015125811100006104,False
/Users/aanyasingh/Projects/imagevalidation2/data/FloodingDataset2/processed_data/binary/train/non_flood/park_walkway/park_walkway_000294.jpg,0.01508265733718872,False
/Users/aanyasingh/Projects/imagevalidation2/data/FloodingDataset2/processed_data/binary/train/non_flood/animal/animal_000163.jpg,0.01507025957107544,False
/Users/aanyasingh/Projects/imagevalidation2/data/FloodingDataset2/processed_data/binary/train/non_flood/street_clear/street_clear_000545.jpg,0.015048980712890625,False
/Users/aanyasingh/Projects/imagevalidation2/data/FloodingDataset2/processed_data/binary/train/non_flood/building/building_000112.jpg,0.015033185482025146,False
/Users/aanyasingh/Projects/imagevalidation2/data/FloodingDataset2/processed_data/binary/train/non_flood/building/building_000075.jpg,0.014976859092712402,False
/Users/aanyasingh/Projects/imagevalidation2/data/FloodingDataset2/processed_data/binary/train/non_flood/river/river_000155.jpg,0.014893531799316406,False
/Users/aanyasingh/Projects/imagevalidation2/data/FloodingDataset2/processed_data/binary/train/non_flood/animal/animal_000206.jpg,0.014893412590026855,False
/Users/aanyasingh/Projects/imagevalidation2/data/FloodingDataset2/processed_data/binary/train/non_flood/animal/animal_000111.jpg,0.014892399311065674,False
/Users/aanyasingh/Projects/imagevalidation2/data/FloodingDataset2/processed_data/binary/train/non_flood/building/building_000223.jpg,0.014875471591949463,False
/Users/aanyasingh/Projects/imagevalidation2/data/FloodingDataset2/processed_data/binary/train/non_flood/street_clear/street_clear_000293.jpg,0.014873981475830078,False
/Users/aanyasingh/Projects/imagevalidation2/data/FloodingDataset2/processed_data/binary/train/non_flood/animal/animal_000029.jpg,0.014769256114959717,False
/Users/aanyasingh/Projects/imagevalidation2/data/FloodingDataset2/processed_data/binary/train/non_flood/park_walkway/park_walkway_000068.jpg,0.01475447416305542,False
/Users/aanyasingh/Projects/imagevalidation2/data/FloodingDataset2/processed_data/binary/train/non_flood/vehicle/vehicle_000057.jpg,0.014701604843139648,False
/Users/aanyasingh/Projects/imagevalidation2/data/FloodingDataset2/processed_data/binary/train/non_flood/street_clear/street_clear_000462.jpg,0.014614522457122803,False
/Users/aanyasingh/Projects/imagevalidation2/data/FloodingDataset2/processed_data/binary/train/non_flood/river/river_000389.jpg,0.014542877674102783,False
/Users/aanyasingh/Projects/imagevalidation2/data/FloodingDataset2/processed_data/binary/train/non_flood/vehicle/vehicle_000016.jpg,0.01451730728149414,False
/Users/aanyasingh/Projects/imagevalidation2/data/FloodingDataset2/processed_data/binary/train/non_flood/vehicle/vehicle_000062.jpg,0.014462411403656006,False
/Users/aanyasingh/Projects/imagevalidation2/data/FloodingDataset2/processed_data/binary/train/non_flood/animal/animal_000031.jpg,0.0144/Users/aanyasingh/Projects/imagevalidation2/data/FloodingDataset2/processed_data/binary/train/non_flood/street_clear/street_clear_000480.jpg,0.0008005499839782715,False
/Users/aanyasingh/Projects/imagevalidation2/data/FloodingDataset2/processed_data/binary/train/non_flood/river/river_000393.jpg,0.000799715518951416,False
/Users/aanyasingh/Projects/imagevalidation2/data/FloodingDataset2/processed_data/binary/train/non_flood/park_walkway/park_walkway_000293.jpg,0.0007990002632141113,False
/Users/aanyasingh/Projects/imagevalidation2/data/FloodingDataset2/processed_data/binary/train/non_flood/animal/animal_000169.jpg,0.0007957816123962402,False
/Users/aanyasingh/Projects/imagevalidation2/data/FloodingDataset2/processed_data/binary/train/non_flood/river/river_000395.jpg,0.0007951855659484863,False
/Users/aanyasingh/Projects/imagevalidation2/data/FloodingDataset2/processed_data/binary/train/non_flood/building/building_000002.jpg,0.0007947087287902832,False
/Users/aanyasingh/Projects/imagevalidation2/data/FloodingDataset2/processed_data/binary/train/non_flood/river/river_000259.jpg,0.0007928013801574707,False
/Users/aanyasingh/Projects/imagevalidation2/data/FloodingDataset2/processed_data/binary/train/non_flood/river/river_000321.jpg,0.0007866621017456055,False
/Users/aanyasingh/Projects/imagevalidation2/data/FloodingDataset2/processed_data/binary/train/non_flood/building/building_000197.jpg,0.0007863044738769531,False
/Users/aanyasingh/Projects/imagevalidation2/data/FloodingDataset2/processed_data/binary/train/non_flood/animal/animal_000092.jpg,0.0007836818695068359,False
/Users/aanyasingh/Projects/imagevalidation2/data/FloodingDataset2/processed_data/binary/train/non_flood/street_clear/street_clear_000324.jpg,0.0007804632186889648,False
/Users/aanyasingh/Projects/imagevalidation2/data/FloodingDataset2/processed_data/binary/train/non_flood/plant/plant_000019.jpg,0.0007785558700561523,False
/Users/aanyasingh/Projects/imagevalidation2/data/FloodingDataset2/processed_data/binary/train/non_flood/street_clear/street_clear_000192.jpg,0.0007779598236083984,False
/Users/aanyasingh/Projects/imagevalidation2/data/FloodingDataset2/processed_data/binary/train/non_flood/vehicle/vehicle_000235.jpg,0.0007708072662353516,False
/Users/aanyasingh/Projects/imagevalidation2/data/FloodingDataset2/processed_data/binary/train/non_flood/vehicle/vehicle_000022.jpg,0.0007677078247070312,False
/Users/aanyasingh/Projects/imagevalidation2/data/FloodingDataset2/processed_data/binary/train/non_flood/river/river_000023.jpg,0.0007661581039428711,False
/Users/aanyasingh/Projects/imagevalidation2/data/FloodingDataset2/processed_data/binary/train/non_flood/street_clear/street_clear_000202.jpg,0.0007650852203369141,False
/Users/aanyasingh/Projects/imagevalidation2/data/FloodingDataset2/processed_data/binary/train/non_flood/river/river_000378.jpg,0.0007637739181518555,False
/Users/aanyasingh/Projects/imagevalidation2/data/FloodingDataset2/processed_data/binary/train/non_flood/river/river_000336.jpg,0.0007631778717041016,False
/Users/aanyasingh/Projects/imagevalidation2/data/FloodingDataset2/processed_data/binary/train/non_flood/animal/animal_000283.jpg,0.0007627010345458984,False
/Users/aanyasingh/Projects/imagevalidation2/data/FloodingDataset2/processed_data/binary/train/non_flood/animal/animal_000287.jpg,0.0007566213607788086,False
/Users/aanyasingh/Projects/imagevalidation2/data/FloodingDataset2/processed_data/binary/train/non_flood/building/building_000054.jpg,0.0007524490356445312,False
/Users/aanyasingh/Projects/imagevalidation2/data/FloodingDataset2/processed_data/binary/train/non_flood/animal/animal_000155.jpg,0.0007521510124206543,False
/Users/aanyasingh/Projects/imagevalidation2/data/FloodingDataset2/processed_data/binary/train/non_flood/vehicle/vehicle_000041.jpg,0.0007500052452087402,False
/Users/aanyasingh/Projects/imagevalidation2/data/FloodingDataset2/processed_data/binary/train/non_flood/animal/animal_000141.jpg,0.0007496476173400879,False
/Users/aanyasingh/Projects/imagevalidation2/data/FloodingDataset2/processed_data/binary/train/non_flood/swimming_pool/swimming_pool_000025.jpg,0.0007470250129699707,False
/Users/aanyasingh/Projects/imagevalidation2/data/FloodingDataset2/processed_data/binary/train/non_flood/street_clear/street_clear_000132.jpg,0.0007409453392028809,False
/Users/aanyasingh/Projects/imagevalidation2/data/FloodingDataset2/processed_data/binary/train/non_flood/park_walkway/park_walkway_000338.jpg,0.0007379651069641113,False
/Users/aanyasingh/Projects/imagevalidation2/data/FloodingDataset2/processed_data/binary/train/non_flood/animal/animal_000159.jpg,0.0007311701774597168,False
/Users/aanyasingh/Projects/imagevalidation2/data/FloodingDataset2/processed_data/binary/train/non_flood/plant/plant_000084.jpg,0.0007266402244567871,False
/Users/aanyasingh/Projects/imagevalidation2/data/FloodingDataset2/processed_data/binary/train/non_flood/river/river_000383.jpg,0.0007235407829284668,False
/Users/aanyasingh/Projects/imagevalidation2/data/FloodingDataset2/processed_data/binary/train/non_flood/river/river_000061.jpg,0.0007216334342956543,False
/Users/aanyasingh/Projects/imagevalidation2/data/FloodingDataset2/processed_data/binary/train/non_flood/street_clear/street_clear_000514.jpg,0.000721275806427002,False
/Users/aanyasingh/Projects/imagevalidation2/data/FloodingDataset2/processed_data/binary/train/non_flood/swimming_pool/swimming_pool_000009.jpg,0.0007204413414001465,False
/Users/aanyasingh/Projects/imagevalidation2/data/FloodingDataset2/processed_data/binary/train/non_flood/animal/animal_000263.jpg,0.0007193684577941895,False
/Users/aanyasingh/Projects/imagevalidation2/data/FloodingDataset2/processed_data/binary/train/non_flood/plant/plant_000153.jpg,0.000718533992767334,False
/Users/aanyasingh/Projects/imagevalidation2/data/FloodingDataset2/processed_data/binary/train/non_flood/building/building_000097.jpg,0.0007167458534240723,False
/Users/aanyasingh/Projects/imagevalidation2/data/FloodingDataset2/processed_data/binary/train/non_flood/vehicle/vehicle_000160.jpg,0.0007088184356689453,False
/Users/aanyasingh/Projects/imagevalidation2/data/FloodingDataset2/processed_data/binary/train/non_flood/street_clear/street_clear_000115.jpg,0.0007066726684570312,False
/Users/aanyasingh/Projects/imagevalidation2/data/FloodingDataset2/processed_data/binary/train/non_flood/street_clear/street_clear_000227.jpg,0.0007022619247436523,False
/Users/aanyasingh/Projects/imagevalidation2/data/FloodingDataset2/processed_data/binary/train/non_flood/animal/animal_000198.jpg,0.000698089599609375,False
/Users/aanyasingh/Projects/imagevalidation2/data/FloodingDataset2/processed_data/binary/train/non_flood/plant/plant_000066.jpg,0.0006946325302124023,False
/Users/aanyasingh/Projects/imagevalidation2/data/FloodingDataset2/processed_data/binary/train/non_flood/street_clear/street_clear_000525.jpg,0.0006905794143676758,False
/Users/aanyasingh/Projects/imagevalidation2/data/FloodingDataset2/processed_data/binary/train/non_flood/swimming_pool/swimming_pool_000079.jpg,0.0006889104843139648,False
/Users/aanyasingh/Projects/imagevalidation2/data/FloodingDataset2/processed_data/binary/train/non_flood/street_clear/street_clear_000226.jpg,0.0006856918334960938,False
/Users/aanyasingh/Projects/imagevalidation2/data/FloodingDataset2/processed_data/binary/train/non_flood/river/river_000245.jpg,0.0006802082061767578,False
/Users/aanyasingh/Projects/imagevalidation2/data/FloodingDataset2/processed_data/binary/train/non_flood/animal/animal_000089.jpg,0.0006785392761230469,False
/Users/aanyasingh/Projects/imagevalidation2/data/FloodingDataset2/processed_data/binary/train/non_flood/park_walkway/park_walkway_000195.jpg,0.0006783008575439453,False
/Users/aanyasingh/Projects/imagevalidation2/data/FloodingDataset2/processed_data/binary/train/non_flood/river/river_000058.jpg,0.0006746053695678711,False
/Users/aanyasingh/Projects/imagevalidation2/data/FloodingDataset2/processed_data/binary/train/non_flood/animal/animal_000139.jpg,0.0006737709045410156,False
/Users/aanyasingh/Projects/imagevalidation2/data/FloodingDataset2/processed_data/binary/train/non_flood/building/building_000278.jpg,0.0006700754165649414,False
/Users/aanyasingh/Projects/imagevalidation2/data/FloodingDataset2/processed_data/binary/train/non_flood/river/river_000329.jpg,0.0006690025329589844,False
/Users/aanyasingh/Projects/imagevalidation2/data/FloodingDataset2/processed_data/binary/train/non_flood/river/river_000035.jpg,0.0006664395332336426,False
/Users/aanyasingh/Projects/imagevalidation2/data/FloodingDataset2/processed_data/binary/train/non_flood/building/building_000123.jpg,0.0006648898124694824,False
/Users/aanyasingh/Projects/imagevalidation2/data/FloodingDataset2/processed_data/binary/train/non_flood/river/river_000388.jpg,0.0006646513938903809,False
/Users/aanyasingh/Projects/imagevalidation2/data/FloodingDataset2/processed_data/binary/train/non_flood/animal/animal_000197.jpg,0.0006644129753112793,False
/Users/aanyasingh/Projects/imagevalidation2/data/FloodingDataset2/processed_data/binary/train/non_flood/animal/animal_000109.jpg,0.000663459300994873,False
/Users/aanyasingh/Projects/imagevalidation2/data/FloodingDataset2/processed_data/binary/train/non_flood/animal/animal_000229.jpg,0.000661313533782959,False
/Users/aanyasingh/Projects/imagevalidation2/data/FloodingDataset2/processed_data/binary/train/non_flood/river/river_000342.jpg,0.0006608366966247559,False
/Users/aanyasingh/Projects/imagevalidation2/data/FloodingDataset2/processed_data/binary/train/non_flood/animal/animal_000121.jpg,0.0006607174873352051,False
/Users/aanyasingh/Projects/imagevalidation2/data/FloodingDataset2/processed_data/binary/train/non_flood/river/river_000099.jpg,0.000660240650177002,False
/Users/aanyasingh/Projects/imagevalidation2/data/FloodingDataset2/processed_data/binary/train/non_flood/street_clear/street_clear_000208.jpg,0.0006561875343322754,False
/Users/aanyasingh/Projects/imagevalidation2/data/FloodingDataset2/processed_data/binary/train/non_flood/park_walkway/park_walkway_000282.jpg,0.0006560683250427246,False
/Users/aanyasingh/Projects/imagevalidation2/data/FloodingDataset2/processed_data/binary/train/non_flood/building/building_000060.jpg,0.000653684139251709,False
/Users/aanyasingh/Projects/imagevalidation2/data/FloodingDataset2/processed_data/binary/train/non_flood/animal/animal_000264.jpg,0.0006523728370666504,False
/Users/aanyasingh/Projects/imagevalidation2/data/FloodingDataset2/processed_data/binary/train/non_flood/building/building_000077.jpg,0.0006517767906188965,False
/Users/aanyasingh/Projects/imagevalidation2/data/FloodingDataset2/processed_data/binary/train/non_flood/vehicle/vehicle_000090.jpg,0.0006510615348815918,False
/Users/aanyasingh/Projects/imagevalidation2/data/FloodingDataset2/processed_data/binary/train/non_flood/building/building_000075.jpg,0.0006508231163024902,False
/Users/aanyasingh/Projects/imagevalidation2/data/FloodingDataset2/processed_data/binary/train/non_flood/vehicle/vehicle_000061.jpg,0.0006499886512756348,False
/Users/aanyasingh/Projects/imagevalidation2/data/FloodingDataset2/processed_data/binary/train/non_flood/plant/plant_000043.jpg,0.000647127628326416,False
/Users/aanyasingh/Projects/imagevalidation2/data/FloodingDataset2/processed_data/binary/train/non_flood/building/building_000286.jpg,0.000646054744720459,False
/Users/aanyasingh/Projects/imagevalidation2/data/FloodingDataset2/processed_data/binary/train/non_flood/building/building_000004.jpg,0.0006434321403503418,False
/Users/aanyasingh/Projects/imagevalidation2/data/FloodingDataset2/processed_data/binary/train/non_flood/park_walkway/park_walkway_000165.jpg,0.0006390213966369629,False
/Users/aanyasingh/Projects/imagevalidation2/data/FloodingDataset2/processed_data/binary/train/non_flood/park_walkway/park_walkway_000407.jpg,0.0006383061408996582,False
/Users/aanyasingh/Projects/imagevalidation2/data/FloodingDataset2/processed_data/binary/train/non_flood/street_clear/street_clear_000190.jpg,0.0006380677223205566,False
/Users/aanyasingh/Projects/imagevalidation2/data/FloodingDataset2/processed_data/binary/train/non_flood/vehicle/vehicle_000125.jpg,0.0006379485130310059,False
/Users/aanyasingh/Projects/imagevalidation2/data/FloodingDataset2/processed_data/binary/train/non_flood/street_clear/street_clear_000470.jpg,0.0006343722343444824,False
/Users/aanyasingh/Projects/imagevalidation2/data/FloodingDataset2/processed_data/binary/train/non_flood/vehicle/vehicle_000201.jpg,0.0006338953971862793,False
/Users/aanyasingh/Projects/imagevalidation2/data/FloodingDataset2/processed_data/binary/train/non_flood/street_clear/street_clear_000366.jpg,0.0006262660026550293,False
/Users/aanyasingh/Projects/imagevalidation2/data/FloodingDataset2/processed_data/binary/train/non_flood/plant/plant_000008.jpg,0.0006241202354431152,False
/Users/aanyasingh/Projects/imagevalidation2/data/FloodingDataset2/processed_data/binary/train/non_flood/river/river_000214.jpg,0.0006222724914550781,False
/Users/aanyasingh/Projects/imagevalidation2/data/FloodingDataset2/processed_data/binary/train/non_flood/street_clear/street_clear_000158.jpg,0.0006198883056640625,False
/Users/aanyasingh/Projects/imagevalidation2/data/FloodingDataset2/processed_data/binary/train/non_flood/river/river_000375.jpg,0.0006164312362670898,False
/Users/aanyasingh/Projects/imagevalidation2/data/FloodingDataset2/processed_data/binary/train/non_flood/street_clear/street_clear_000364.jpg,0.0006158351898193359,False
/Users/aanyasingh/Projects/imagevalidation2/data/FloodingDataset2/processed_data/binary/train/non_flood/animal/animal_000099.jpg,0.0006151199340820312,False
/Users/aanyasingh/Projects/imagevalidation2/data/FloodingDataset2/processed_data/binary/train/non_flood/animal/animal_000068.jpg,0.0006109476089477539,False
/Users/aanyasingh/Projects/imagevalidation2/data/FloodingDataset2/processed_data/binary/train/non_flood/river/river_000304.jpg,0.0006060600280761719,False
/Users/aanyasingh/Projects/imagevalidation2/data/FloodingDataset2/processed_data/binary/train/non_flood/building/building_000217.jpg,0.0006036758422851562,False
/Users/aanyasingh/Projects/imagevalidation2/data/FloodingDataset2/processed_data/binary/train/non_flood/river/river_000398.jpg,0.000599980354309082,False
/Users/aanyasingh/Projects/imagevalidation2/data/FloodingDataset2/processed_data/binary/train/non_flood/park_walkway/park_walkway_000108.jpg,0.0005995035171508789,False
/Users/aanyasingh/Projects/imagevalidation2/data/FloodingDataset2/processed_data/binary/train/non_flood/animal/animal_000086.jpg,0.0005983114242553711,False
/Users/aanyasingh/Projects/imagevalidation2/data/FloodingDataset2/processed_data/binary/train/non_flood/animal/animal_000202.jpg,0.0005973577499389648,False
/Users/aanyasingh/Projects/imagevalidation2/data/FloodingDataset2/processed_data/binary/train/non_flood/animal/animal_000156.jpg,0.0005931854248046875,False
/Users/aanyasingh/Projects/imagevalidation2/data/FloodingDataset2/processed_data/binary/train/non_flood/street_clear/street_clear_000111.jpg,0.0005930662155151367,False
/Users/aanyasingh/Projects/imagevalidation2/data/FloodingDataset2/processed_data/binary/train/non_flood/building/building_000260.jpg,0.0005921125411987305,False
/Users/aanyasingh/Projects/imagevalidation2/data/FloodingDataset2/processed_data/binary/train/non_flood/street_clear/street_clear_000330.jpg,0.0005917549133300781,False
/Users/aanyasingh/Projects/imagevalidation2/data/FloodingDataset2/processed_data/binary/train/non_flood/vehicle/vehicle_000013.jpg,0.0005910396575927734,False
/Users/aanyasingh/Projects/imagevalidation2/data/FloodingDataset2/processed_data/binary/train/non_flood/street_clear/street_clear_000428.jpg,0.000588536262512207,False
/Users/aanyasingh/Projects/imagevalidation2/data/FloodingDataset2/processed_data/binary/train/non_flood/vehicle/vehicle_000068.jpg,0.0005873441696166992,False
/Users/aanyasingh/Projects/imagevalidation2/data/FloodingDataset2/processed_data/binary/train/non_flood/animal/animal_000168.jpg,0.0005832910537719727,False
/Users/aanyasingh/Projects/imagevalidation2/data/FloodingDataset2/processed_data/binary/train/non_flood/park_walkway/park_walkway_000399.jpg,0.0005816221237182617,False
/Users/aanyasingh/Projects/imagevalidation2/data/FloodingDataset2/processed_data/binary/train/non_flood/building/building_000122.jpg,0.0005767345428466797,False
/Users/aanyasingh/Projects/imagevalidation2/data/FloodingDataset2/processed_data/binary/train/non_flood/river/river_000147.jpg,0.0005683302879333496,False
/Users/aanyasingh/Projects/imagevalidation2/data/FloodingDataset2/processed_data/binary/train/non_flood/plant/plant_000163.jpg,0.0005653500556945801,False
/Users/aanyasingh/Projects/imagevalidation2/data/FloodingDataset2/processed_data/binary/train/non_flood/river/river_000054.jpg,0.0005630850791931152,False
/Users/aanyasingh/Projects/imagevalidation2/data/FloodingDataset2/processed_data/binary/train/non_flood/park_walkway/park_walkway_000079.jpg,0.0005609393119812012,False
/Users/aanyasingh/Projects/imagevalidation2/data/FloodingDataset2/processed_data/binary/train/non_flood/building/building_000016.jpg,0.0005603432655334473,False
/Users/aanyasingh/Projects/imagevalidation2/data/FloodingDataset2/processed_data/binary/train/non_flood/street_clear/street_clear_000070.jpg,0.0005578398704528809,False
/Users/aanyasingh/Projects/imagevalidation2/data/FloodingDataset2/processed_data/binary/train/non_flood/river/river_000163.jpg,0.000552833080291748,False
/Users/aanyasingh/Projects/imagevalidation2/data/FloodingDataset2/processed_data/binary/train/non_flood/river/river_000168.jpg,0.000552833080291748,False
/Users/aanyasingh/Projects/imagevalidation2/data/FloodingDataset2/processed_data/binary/train/non_flood/street_clear/street_clear_000293.jpg,0.0005525946617126465,False
/Users/aanyasingh/Projects/imagevalidation2/data/FloodingDataset2/processed_data/binary/train/non_flood/building/building_000234.jpg,0.0005514025688171387,False
/Users/aanyasingh/Projects/imagevalidation2/data/FloodingDataset2/processed_data/binary/train/non_flood/plant/plant_000077.jpg,0.000549018383026123,False
/Users/aanyasingh/Projects/imagevalidation2/data/FloodingDataset2/processed_data/binary/train/non_flood/street_clear/street_clear_000444.jpg,0.0005463957786560059,False
/Users/aanyasingh/Projects/imagevalidation2/data/FloodingDataset2/processed_data/binary/train/non_flood/street_clear/street_clear_000264.jpg,0.0005431771278381348,False
/Users/aanyasingh/Projects/imagevalidation2/data/FloodingDataset2/processed_data/binary/train/non_flood/plant/plant_000115.jpg,0.0005415081977844238,False
/Users/aanyasingh/Projects/imagevalidation2/data/FloodingDataset2/processed_data/binary/train/non_flood/river/river_000189.jpg,0.0005415081977844238,False
/Users/aanyasingh/Projects/imagevalidation2/data/FloodingDataset2/processed_data/binary/train/non_flood/river/river_000133.jpg,0.0005412697792053223,False
/Users/aanyasingh/Projects/imagevalidation2/data/FloodingDataset2/processed_data/binary/train/non_flood/street_clear/street_clear_000215.jpg,0.0005405545234680176,False
/Users/aanyasingh/Projects/imagevalidation2/data/FloodingDataset2/processed_data/binary/train/non_flood/street_clear/street_clear_000460.jpg,0.0005379319190979004,False
/Users/aanyasingh/Projects/imagevalidation2/data/FloodingDataset2/processed_data/binary/train/non_flood/swimming_pool/swimming_pool_000062.jpg,0.0005372166633605957,False
/Users/aanyasingh/Projects/imagevalidation2/data/FloodingDataset2/processed_data/binary/train/non_flood/river/river_000268.jpg,0.0005370974540710449,False
/Users/aanyasingh/Projects/imagevalidation2/data/FloodingDataset2/processed_data/binary/train/non_flood/street_clear/street_clear_000220.jpg,0.0005353093147277832,False
/Users/aanyasingh/Projects/imagevalidation2/data/FloodingDataset2/processed_data/binary/train/non_flood/building/building_000247.jpg,0.0005347132682800293,False
/Users/aanyasingh/Projects/imagevalidation2/data/FloodingDataset2/processed_data/binary/train/non_flood/animal/animal_000171.jpg,0.0005332827568054199,False
/Users/aanyasingh/Projects/imagevalidation2/data/FloodingDataset2/processed_data/binary/train/non_flood/building/building_000088.jpg,0.0005312561988830566,False
/Users/aanyasingh/Projects/imagevalidation2/data/FloodingDataset2/processed_data/binary/train/non_flood/animal/animal_000206.jpg,0.0005291104316711426,False
/Users/aanyasingh/Projects/imagevalidation2/data/FloodingDataset2/processed_data/binary/train/non_flood/river/river_000305.jpg,0.0005289912223815918,False
/Users/aanyasingh/Projects/imagevalidation2/data/FloodingDataset2/processed_data/binary/train/non_flood/animal/animal_000240.jpg,0.0005285143852233887,False
/Users/aanyasingh/Projects/imagevalidation2/data/FloodingDataset2/processed_data/binary/train/non_flood/park_walkway/park_walkway_000141.jpg,0.000527799129486084,False
/Users/aanyasingh/Projects/imagevalidation2/data/FloodingDataset2/processed_data/binary/train/non_flood/building/building_000113.jpg,0.0005263686180114746,False
/Users/aanyasingh/Projects/imagevalidation2/data/FloodingDataset2/processed_data/binary/train/non_flood/animal/animal_000244.jpg,0.0005248188972473145,False
/Users/aanyasingh/Projects/imagevalidation2/data/FloodingDataset2/processed_data/binary/train/non_flood/vehicle/vehicle_000202.jpg,0.0005219578742980957,False
/Users/aanyasingh/Projects/imagevalidation2/data/FloodingDataset2/processed_data/binary/train/non_flood/river/river_000089.jpg,0.0005193352699279785,False
/Users/aanyasingh/Projects/imagevalidation2/data/FloodingDataset2/processed_data/binary/train/non_flood/river/river_000374.jpg,0.0005174875259399414,False
/Users/aanyasingh/Projects/imagevalidation2/data/FloodingDataset2/processed_data/binary/train/non_flood/vehicle/vehicle_000138.jpg,0.0005167722702026367,False
/Users/aanyasingh/Projects/imagevalidation2/data/FloodingDataset2/processed_data/binary/train/non_flood/street_clear/street_clear_000439.jpg,0.0005156993865966797,False
/Users/aanyasingh/Projects/imagevalidation2/data/FloodingDataset2/processed_data/binary/train/non_flood/building/building_000149.jpg,0.0005154609680175781,False
/Users/aanyasingh/Projects/imagevalidation2/data/FloodingDataset2/processed_data/binary/train/non_flood/animal/animal_000226.jpg,0.0005140304565429688,False
/Users/aanyasingh/Projects/imagevalidation2/data/FloodingDataset2/processed_data/binary/train/non_flood/street_clear/street_clear_000187.jpg,0.0005134344100952148,False
/Users/aanyasingh/Projects/imagevalidation2/data/FloodingDataset2/processed_data/binary/train/non_flood/park_walkway/park_walkway_000308.jpg,0.0005120038986206055,False
/Users/aanyasingh/Projects/imagevalidation2/data/FloodingDataset2/processed_data/binary/train/non_flood/river/river_000096.jpg,0.0005096197128295898,False
/Users/aanyasingh/Projects/imagevalidation2/data/FloodingDataset2/processed_data/binary/train/non_flood/river/river_000267.jpg,0.0005047321319580078,False
/Users/aanyasingh/Projects/imagevalidation2/data/FloodingDataset2/processed_data/binary/train/non_flood/river/river_000114.jpg,0.0005038976669311523,False
/Users/aanyasingh/Projects/imagevalidation2/data/FloodingDataset2/processed_data/binary/train/non_flood/street_clear/street_clear_000003.jpg,0.0005038976669311523,False
/Users/aanyasingh/Projects/imagevalidation2/data/FloodingDataset2/processed_data/binary/train/non_flood/plant/plant_000058.jpg,0.0004990100860595703,False
/Users/aanyasingh/Projects/imagevalidation2/data/FloodingDataset2/processed_data/binary/train/non_flood/street_clear/street_clear_000263.jpg,0.0004987716674804688,False
/Users/aanyasingh/Projects/imagevalidation2/data/FloodingDataset2/processed_data/binary/train/non_flood/river/river_000174.jpg,0.0004978179931640625,False
/Users/aanyasingh/Projects/imagevalidation2/data/FloodingDataset2/processed_data/binary/train/non_flood/river/river_000211.jpg,0.0004975795745849609,False
/Users/aanyasingh/Projects/imagevalidation2/data/FloodingDataset2/processed_data/binary/train/non_flood/vehicle/vehicle_000098.jpg,0.0004965066909790039,False
/Users/aanyasingh/Projects/imagevalidation2/data/FloodingDataset2/processed_data/binary/train/non_flood/building/building_000258.jpg,0.0004963874816894531,False
/Users/aanyasingh/Projects/imagevalidation2/data/FloodingDataset2/processed_data/binary/train/non_flood/swimming_pool/swimming_pool_000033.jpg,0.0004961490631103516,False
/Users/aanyasingh/Projects/imagevalidation2/data/FloodingDataset2/processed_data/binary/train/non_flood/building/building_000210.jpg,0.0004954338073730469,False
/Users/aanyasingh/Projects/imagevalidation2/data/FloodingDataset2/processed_data/binary/train/non_flood/street_clear/street_clear_000569.jpg,0.0004930496215820312,False
/Users/aanyasingh/Projects/imagevalidation2/data/FloodingDataset2/processed_data/binary/train/non_flood/animal/animal_000216.jpg,0.0004924535751342773,False
/Users/aanyasingh/Projects/imagevalidation2/data/FloodingDataset2/processed_data/binary/train/non_flood/river/river_000117.jpg,0.0004922151565551758,False
/Users/aanyasingh/Projects/imagevalidation2/data/FloodingDataset2/processed_data/binary/train/non_flood/building/building_000056.jpg,0.000492095947265625,False
/Users/aanyasingh/Projects/imagevalidation2/data/FloodingDataset2/processed_data/binary/train/non_flood/river/river_000043.jpg,0.0004917383193969727,False
/Users/aanyasingh/Projects/imagevalidation2/data/FloodingDataset2/processed_data/binary/train/non_flood/animal/animal_000227.jpg,0.0004907846450805664,False
/Users/aanyasingh/Projects/imagevalidation2/data/FloodingDataset2/processed_data/binary/train/non_flood/park_walkway/park_walkway_000336.jpg,0.0004903078079223633,False
/Users/aanyasingh/Projects/imagevalidation2/data/FloodingDataset2/processed_data/binary/train/non_flood/river/river_000364.jpg,0.0004901885986328125,False
/Users/aanyasingh/Projects/imagevalidation2/data/FloodingDataset2/processed_data/binary/train/non_flood/street_clear/street_clear_000531.jpg,0.0004895925521850586,False
/Users/aanyasingh/Projects/imagevalidation2/data/FloodingDataset2/processed_data/binary/train/non_flood/plant/plant_000047.jpg,0.00048792362213134766,False
/Users/aanyasingh/Projects/imagevalidation2/data/FloodingDataset2/processed_data/binary/train/non_flood/river/river_000317.jpg,0.0004864931106567383,False
/Users/aanyasingh/Projects/imagevalidation2/data/FloodingDataset2/processed_data/binary/train/non_flood/street_clear/street_clear_000167.jpg,0.0004864931106567383,False
/Users/aanyasingh/Projects/imagevalidation2/data/FloodingDataset2/processed_data/binary/train/non_flood/river/river_000219.jpg,0.0004850625991821289,False
/Users/aanyasingh/Projects/imagevalidation2/data/FloodingDataset2/processed_data/binary/train/non_flood/animal/animal_000186.jpg,0.0004839897155761719,False
/Users/aanyasingh/Projects/imagevalidation2/data/FloodingDataset2/processed_data/binary/train/non_flood/street_clear/street_clear_000447.jpg,0.00048279762268066406,False
/Users/aanyasingh/Projects/imagevalidation2/data/FloodingDataset2/processed_data/binary/train/non_flood/river/river_000296.jpg,0.0004826784133911133,False
/Users/aanyasingh/Projects/imagevalidation2/data/FloodingDataset2/processed_data/binary/train/non_flood/plant/plant_000157.jpg,0.00048065185546875,False
/Users/aanyasingh/Projects/imagevalidation2/data/FloodingDataset2/processed_data/binary/train/non_flood/park_walkway/park_walkway_000190.jpg,0.00048029422760009766,False
/Users/aanyasingh/Projects/imagevalidation2/data/FloodingDataset2/processed_data/binary/train/non_flood/animal/animal_000188.jpg,0.0004792213439941406,False
/Users/aanyasingh/Projects/imagevalidation2/data/FloodingDataset2/processed_data/binary/train/non_flood/plant/plant_000109.jpg,0.00047600269317626953,False
/Users/aanyasingh/Projects/imagevalidation2/data/FloodingDataset2/processed_data/binary/train/non_flood/vehicle/vehicle_000117.jpg,0.00047516822814941406,False
/Users/aanyasingh/Projects/imagevalidation2/data/FloodingDataset2/processed_data/binary/train/non_flood/river/river_000333.jpg,0.0004750490188598633,False
/Users/aanyasingh/Projects/imagevalidation2/data/FloodingDataset2/processed_data/binary/train/non_flood/vehicle/vehicle_000096.jpg,0.00047397613525390625,False
/Users/aanyasingh/Projects/imagevalidation2/data/FloodingDataset2/processed_data/binary/train/non_flood/vehicle/vehicle_000156.jpg,0.0004737377166748047,False
/Users/aanyasingh/Projects/imagevalidation2/data/FloodingDataset2/processed_data/binary/train/non_flood/river/river_000055.jpg,0.0004731416702270508,False
/Users/aanyasingh/Projects/imagevalidation2/data/FloodingDataset2/processed_data/binary/train/non_flood/river/river_000053.jpg,0.00047278404235839844,False
/Users/aanyasingh/Projects/imagevalidation2/data/FloodingDataset2/processed_data/binary/train/non_flood/street_clear/street_clear_000533.jpg,0.00047194957733154297,False
/Users/aanyasingh/Projects/imagevalidation2/data/FloodingDataset2/processed_data/binary/train/non_flood/animal/animal_000175.jpg,0.0004718303680419922,False
/Users/aanyasingh/Projects/imagevalidation2/data/FloodingDataset2/processed_data/binary/train/non_flood/park_walkway/park_walkway_000110.jpg,0.0004699230194091797,False
/Users/aanyasingh/Projects/imagevalidation2/data/FloodingDataset2/processed_data/binary/train/non_flood/street_clear/street_clear_000347.jpg,0.0004687309265136719,False
/Users/aanyasingh/Projects/imagevalidation2/data/FloodingDataset2/processed_data/binary/train/non_flood/building/building_000270.jpg,0.00046634674072265625,False
/Users/aanyasingh/Projects/imagevalidation2/data/FloodingDataset2/processed_data/binary/train/non_flood/park_walkway/park_walkway_000058.jpg,0.00046622753143310547,False
/Users/aanyasingh/Projects/imagevalidation2/data/FloodingDataset2/processed_data/binary/train/non_flood/park_walkway/park_walkway_000367.jpg,0.0004661083221435547,False
/Users/aanyasingh/Projects/imagevalidation2/data/FloodingDataset2/processed_data/binary/train/non_flood/animal/animal_000214.jpg,0.00046515464782714844,False
/Users/aanyasingh/Projects/imagevalidation2/data/FloodingDataset2/processed_data/binary/train/non_flood/street_clear/street_clear_000554.jpg,0.0004646778106689453,False
/Users/aanyasingh/Projects/imagevalidation2/data/FloodingDataset2/processed_data/binary/train/non_flood/animal/animal_000179.jpg,0.00046455860137939453,False
/Users/aanyasingh/Projects/imagevalidation2/data/FloodingDataset2/processed_data/binary/train/non_flood/vehicle/vehicle_000069.jpg,0.00046372413635253906,False
/Users/aanyasingh/Projects/imagevalidation2/data/FloodingDataset2/processed_data/binary/train/non_flood/building/building_000102.jpg,0.0004628896713256836,False
/Users/aanyasingh/Projects/imagevalidation2/data/FloodingDataset2/processed_data/binary/train/non_flood/plant/plant_000131.jpg,0.00046181678771972656,False
/Users/aanyasingh/Projects/imagevalidation2/data/FloodingDataset2/processed_data/binary/train/non_flood/swimming_pool/swimming_pool_000047.jpg,0.0004608631134033203,False
/Users/aanyasingh/Projects/imagevalidation2/data/FloodingDataset2/processed_data/binary/train/non_flood/vehicle/vehicle_000094.jpg,0.0004603862762451172,False
/Users/aanyasingh/Projects/imagevalidation2/data/FloodingDataset2/processed_data/binary/train/non_flood/building/building_000031.jpg,0.00046002864837646484,False
/Users/aanyasingh/Projects/imagevalidation2/data/FloodingDataset2/processed_data/binary/train/non_flood/building/building_000069.jpg,0.0004597902297973633,False
/Users/aanyasingh/Projects/imagevalidation2/data/FloodingDataset2/processed_data/binary/train/non_flood/building/building_000140.jpg,0.0004596710205078125,False
/Users/aanyasingh/Projects/imagevalidation2/data/FloodingDataset2/processed_data/binary/train/non_flood/building/building_000275.jpg,0.0004546046257019043,False
/Users/aanyasingh/Projects/imagevalidation2/data/FloodingDataset2/processed_data/binary/train/non_flood/street_clear/street_clear_000041.jpg,0.00045377016067504883,False
/Users/aanyasingh/Projects/imagevalidation2/data/FloodingDataset2/processed_data/binary/train/non_flood/street_clear/street_clear_000400.jpg,0.0004531741142272949,False
/Users/aanyasingh/Projects/imagevalidation2/data/FloodingDataset2/processed_data/binary/train/non_flood/park_walkway/park_walkway_000152.jpg,0.00045293569564819336,False
/Users/aanyasingh/Projects/imagevalidation2/data/FloodingDataset2/processed_data/binary/train/non_flood/vehicle/vehicle_000155.jpg,0.0004526972770690918,False
/Users/aanyasingh/Projects/imagevalidation2/data/FloodingDataset2/processed_data/binary/train/non_flood/building/building_000168.jpg,0.0004521012306213379,False
/Users/aanyasingh/Projects/imagevalidation2/data/FloodingDataset2/processed_data/binary/train/non_flood/plant/plant_000049.jpg,0.00044924020767211914,False
/Users/aanyasingh/Projects/imagevalidation2/data/FloodingDataset2/processed_data/binary/train/non_flood/vehicle/vehicle_000163.jpg,0.0004475712776184082,False
/Users/aanyasingh/Projects/imagevalidation2/data/FloodingDataset2/processed_data/binary/train/non_flood/park_walkway/park_walkway_000066.jpg,0.000443875789642334,False
/Users/aanyasingh/Projects/imagevalidation2/data/FloodingDataset2/processed_data/binary/train/non_flood/river/river_000360.jpg,0.000443875789642334,False
/Users/aanyasingh/Projects/imagevalidation2/data/FloodingDataset2/processed_data/binary/train/non_flood/vehicle/vehicle_000091.jpg,0.0004436373710632324,False
/Users/aanyasingh/Projects/imagevalidation2/data/FloodingDataset2/processed_data/binary/train/non_flood/animal/animal_000298.jpg,0.0004432797431945801,False
/Users/aanyasingh/Projects/imagevalidation2/data/FloodingDataset2/processed_data/binary/train/non_flood/street_clear/street_clear_000172.jpg,0.0004412531852722168,False
/Users/aanyasingh/Projects/imagevalidation2/data/FloodingDataset2/processed_data/binary/train/non_flood/vehicle/vehicle_000010.jpg,0.0004412531852722168,False
/Users/aanyasingh/Projects/imagevalidation2/data/FloodingDataset2/processed_data/binary/train/non_flood/vehicle/vehicle_000053.jpg,0.000441133975982666,False
/Users/aanyasingh/Projects/imagevalidation2/data/FloodingDataset2/processed_data/binary/train/non_flood/vehicle/vehicle_000126.jpg,0.00044029951095581055,False
/Users/aanyasingh/Projects/imagevalidation2/data/FloodingDataset2/processed_data/binary/train/non_flood/plant/plant_000123.jpg,0.00043779611587524414,False
/Users/aanyasingh/Projects/imagevalidation2/data/FloodingDataset2/processed_data/binary/train/non_flood/building/building_000045.jpg,0.0004374384880065918,False
/Users/aanyasingh/Projects/imagevalidation2/data/FloodingDataset2/processed_data/binary/train/non_flood/animal/animal_000090.jpg,0.00043636560440063477,False
/Users/aanyasingh/Projects/imagevalidation2/data/FloodingDataset2/processed_data/binary/train/non_flood/park_walkway/park_walkway_000024.jpg,0.0004342198371887207,False
/Users/aanyasingh/Projects/imagevalidation2/data/FloodingDataset2/processed_data/binary/train/non_flood/river/river_000192.jpg,0.00043386220932006836,False
/Users/aanyasingh/Projects/imagevalidation2/data/FloodingDataset2/processed_data/binary/train/non_flood/swimming_pool/swimming_pool_000092.jpg,0.00043338537216186523,False
/Users/aanyasingh/Projects/imagevalidation2/data/FloodingDataset2/processed_data/binary/train/non_flood/vehicle/vehicle_000016.jpg,0.0004321932792663574,False
/Users/aanyasingh/Projects/imagevalidation2/data/FloodingDataset2/processed_data/binary/train/non_flood/plant/plant_000101.jpg,0.0004318356513977051,False
/Users/aanyasingh/Projects/imagevalidation2/data/FloodingDataset2/processed_data/binary/train/non_flood/animal/animal_000076.jpg,0.00043147802352905273,False
/Users/aanyasingh/Projects/imagevalidation2/data/FloodingDataset2/processed_data/binary/train/non_flood/river/river_000116.jpg,0.00043147802352905273,False
/Users/aanyasingh/Projects/imagevalidation2/data/FloodingDataset2/processed_data/binary/train/non_flood/animal/animal_000018.jpg,0.0004302859306335449,False
/Users/aanyasingh/Projects/imagevalidation2/data/FloodingDataset2/processed_data/binary/train/non_flood/building/building_000233.jpg,0.0004302859306335449,False
/Users/aanyasingh/Projects/imagevalidation2/data/FloodingDataset2/processed_data/binary/train/non_flood/building/building_000144.jpg,0.00042945146560668945,False
/Users/aanyasingh/Projects/imagevalidation2/data/FloodingDataset2/processed_data/binary/train/non_flood/street_clear/street_clear_000411.jpg,0.00042933225631713867,False
/Users/aanyasingh/Projects/imagevalidation2/data/FloodingDataset2/processed_data/binary/train/non_flood/street_clear/street_clear_000314.jpg,0.00042885541915893555,False
/Users/aanyasingh/Projects/imagevalidation2/data/FloodingDataset2/processed_data/binary/train/non_flood/river/river_000092.jpg,0.0004273056983947754,False
/Users/aanyasingh/Projects/imagevalidation2/data/FloodingDataset2/processed_data/binary/train/non_flood/river/river_000242.jpg,0.00042682886123657227,False
/Users/aanyasingh/Projects/imagevalidation2/data/FloodingDataset2/processed_data/binary/train/non_flood/street_clear/street_clear_000254.jpg,0.00042623281478881836,False
/Users/aanyasingh/Projects/imagevalidation2/data/FloodingDataset2/processed_data/binary/train/non_flood/animal/animal_000120.jpg,0.0004259943962097168,False
/Users/aanyasingh/Projects/imagevalidation2/data/FloodingDataset2/processed_data/binary/train/non_flood/vehicle/vehicle_000123.jpg,0.00042551755905151367,False
/Users/aanyasingh/Projects/imagevalidation2/data/FloodingDataset2/processed_data/binary/train/non_flood/vehicle/vehicle_000173.jpg,0.00042444467544555664,False
/Users/aanyasingh/Projects/imagevalidation2/data/FloodingDataset2/processed_data/binary/train/non_flood/river/river_000335.jpg,0.0004242062568664551,False
/Users/aanyasingh/Projects/imagevalidation2/data/FloodingDataset2/processed_data/binary/train/non_flood/river/river_000312.jpg,0.0004239678382873535,False
/Users/aanyasingh/Projects/imagevalidation2/data/FloodingDataset2/processed_data/binary/train/non_flood/swimming_pool/swimming_pool_000042.jpg,0.00042384862899780273,False
/Users/aanyasingh/Projects/imagevalidation2/data/FloodingDataset2/processed_data/binary/train/non_flood/animal/animal_000143.jpg,0.00041681528091430664,False
/Users/aanyasingh/Projects/imagevalidation2/data/FloodingDataset2/processed_data/binary/train/non_flood/street_clear/street_clear_000247.jpg,0.00041669607162475586,False
/Users/aanyasingh/Projects/imagevalidation2/data/FloodingDataset2/processed_data/binary/train/non_flood/swimming_pool/swimming_pool_000026.jpg,0.0004152655601501465,False
/Users/aanyasingh/Projects/imagevalidation2/data/FloodingDataset2/processed_data/binary/train/non_flood/vehicle/vehicle_000062.jpg,0.00041490793228149414,False
/Users/aanyasingh/Projects/imagevalidation2/data/FloodingDataset2/processed_data/binary/train/non_flood/animal/animal_000286.jpg,0.00041478872299194336,False
/Users/aanyasingh/Projects/imagevalidation2/data/FloodingDataset2/processed_data/binary/train/non_flood/building/building_000215.jpg,0.00041216611862182617,False
/Users/aanyasingh/Projects/imagevalidation2/data/FloodingDataset2/processed_data/binary/train/non_flood/street_clear/street_clear_000279.jpg,0.00040835142135620117,False
/Users/aanyasingh/Projects/imagevalidation2/data/FloodingDataset2/processed_data/binary/train/non_flood/animal/animal_000295.jpg,0.000405728816986084,False
/Users/aanyasingh/Projects/imagevalidation2/data/FloodingDataset2/processed_data/binary/train/non_flood/street_clear/street_clear_000141.jpg,0.0004048943519592285,False
/Users/aanyasingh/Projects/imagevalidation2/data/FloodingDataset2/processed_data/binary/train/non_flood/vehicle/vehicle_000006.jpg,0.0004025101661682129,False
/Users/aanyasingh/Projects/imagevalidation2/data/FloodingDataset2/processed_data/binary/train/non_flood/vehicle/vehicle_000000.jpg,0.00040227174758911133,False
/Users/aanyasingh/Projects/imagevalidation2/data/FloodingDataset2/processed_data/binary/train/non_flood/park_walkway/park_walkway_000011.jpg,0.0003998875617980957,False
/Users/aanyasingh/Projects/imagevalidation2/data/FloodingDataset2/processed_data/binary/train/non_flood/street_clear/street_clear_000464.jpg,0.0003994107246398926,False
/Users/aanyasingh/Projects/imagevalidation2/data/FloodingDataset2/processed_data/binary/train/non_flood/street_clear/street_clear_000344.jpg,0.00039821863174438477,False
/Users/aanyasingh/Projects/imagevalidation2/data/FloodingDataset2/processed_data/binary/train/non_flood/vehicle/vehicle_000143.jpg,0.0003973841667175293,False
/Users/aanyasingh/Projects/imagevalidation2/data/FloodingDataset2/processed_data/binary/train/non_flood/vehicle/vehicle_000131.jpg,0.00039333105087280273,False
/Users/aanyasingh/Projects/imagevalidation2/data/FloodingDataset2/processed_data/binary/train/non_flood/vehicle/vehicle_000042.jpg,0.00039321184158325195,False
/Users/aanyasingh/Projects/imagevalidation2/data/FloodingDataset2/processed_data/binary/train/non_flood/river/river_000172.jpg,0.00039118528366088867,False
/Users/aanyasingh/Projects/imagevalidation2/data/FloodingDataset2/processed_data/binary/train/non_flood/vehicle/vehicle_000039.jpg,0.0003909468650817871,False
/Users/aanyasingh/Projects/imagevalidation2/data/FloodingDataset2/processed_data/binary/train/non_flood/park_walkway/park_walkway_000052.jpg,0.0003891587257385254,False
/Users/aanyasingh/Projects/imagevalidation2/data/FloodingDataset2/processed_data/binary/train/non_flood/vehicle/vehicle_000043.jpg,0.00038880109786987305,False
/Users/aanyasingh/Projects/imagevalidation2/data/FloodingDataset2/processed_data/binary/train/non_flood/plant/plant_000007.jpg,0.0003884434700012207,False
/Users/aanyasingh/Projects/imagevalidation2/data/FloodingDataset2/processed_data/binary/train/non_flood/vehicle/vehicle_000077.jpg,0.00038808584213256836,False
/Users/aanyasingh/Projects/imagevalidation2/data/FloodingDataset2/processed_data/binary/train/non_flood/park_walkway/park_walkway_000192.jpg,0.00038737058639526367,False
/Users/aanyasingh/Projects/imagevalidation2/data/FloodingDataset2/processed_data/binary/train/non_flood/street_clear/street_clear_000495.jpg,0.0003872513771057129,False
/Users/aanyasingh/Projects/imagevalidation2/data/FloodingDataset2/processed_data/binary/train/non_flood/vehicle/vehicle_000049.jpg,0.00038701295852661133,False
/Users/aanyasingh/Projects/imagevalidation2/data/FloodingDataset2/processed_data/binary/train/non_flood/building/building_000227.jpg,0.00038617849349975586,False
/Users/aanyasingh/Projects/imagevalidation2/data/FloodingDataset2/processed_data/binary/train/non_flood/river/river_000118.jpg,0.0003858804702758789,False
/Users/aanyasingh/Projects/imagevalidation2/data/FloodingDataset2/processed_data/binary/train/non_flood/river/river_000287.jpg,0.0003845691680908203,False
/Users/aanyasingh/Projects/imagevalidation2/data/FloodingDataset2/processed_data/binary/train/non_flood/vehicle/vehicle_000231.jpg,0.00038361549377441406,False
/Users/aanyasingh/Projects/imagevalidation2/data/FloodingDataset2/processed_data/binary/train/non_flood/animal/animal_000151.jpg,0.0003833770751953125,False
/Users/aanyasingh/Projects/imagevalidation2/data/FloodingDataset2/processed_data/binary/train/non_flood/animal/animal_000085.jpg,0.0003814697265625,False
/Users/aanyasingh/Projects/imagevalidation2/data/FloodingDataset2/processed_data/binary/train/non_flood/park_walkway/park_walkway_000146.jpg,0.0003814697265625,False
/Users/aanyasingh/Projects/imagevalidation2/data/FloodingDataset2/processed_data/binary/train/non_flood/plant/plant_000026.jpg,0.0003795623779296875,False
/Users/aanyasingh/Projects/imagevalidation2/data/FloodingDataset2/processed_data/binary/train/non_flood/river/river_000353.jpg,0.0003790855407714844,False
/Users/aanyasingh/Projects/imagevalidation2/data/FloodingDataset2/processed_data/binary/train/non_flood/vehicle/vehicle_000110.jpg,0.0003789663314819336,False
/Users/aanyasingh/Projects/imagevalidation2/data/FloodingDataset2/processed_data/binary/train/non_flood/vehicle/vehicle_000032.jpg,0.0003788471221923828,False
/Users/aanyasingh/Projects/imagevalidation2/data/FloodingDataset2/processed_data/binary/train/non_flood/river/river_000263.jpg,0.00037658214569091797,False
/Users/aanyasingh/Projects/imagevalidation2/data/FloodingDataset2/processed_data/binary/train/non_flood/animal/animal_000126.jpg,0.00037407875061035156,False
/Users/aanyasingh/Projects/imagevalidation2/data/FloodingDataset2/processed_data/binary/train/non_flood/river/river_000019.jpg,0.00037407875061035156,False
/Users/aanyasingh/Projects/imagevalidation2/data/FloodingDataset2/processed_data/binary/train/non_flood/building/building_000112.jpg,0.00037300586700439453,False
/Users/aanyasingh/Projects/imagevalidation2/data/FloodingDataset2/processed_data/binary/train/non_flood/animal/animal_000115.jpg,0.0003695487976074219,False
/Users/aanyasingh/Projects/imagevalidation2/data/FloodingDataset2/processed_data/binary/train/non_flood/plant/plant_000112.jpg,0.00036835670471191406,False
/Users/aanyasingh/Projects/imagevalidation2/data/FloodingDataset2/processed_data/binary/train/non_flood/building/building_000072.jpg,0.00036728382110595703,False
/Users/aanyasingh/Projects/imagevalidation2/data/FloodingDataset2/processed_data/binary/train/non_flood/river/river_000216.jpg,0.00036537647247314453,False
/Users/aanyasingh/Projects/imagevalidation2/data/FloodingDataset2/processed_data/binary/train/non_flood/street_clear/street_clear_000005.jpg,0.00036275386810302734,False
/Users/aanyasingh/Projects/imagevalidation2/data/FloodingDataset2/processed_data/binary/train/non_flood/plant/plant_000004.jpg,0.0003618001937866211,False
/Users/aanyasingh/Projects/imagevalidation2/data/FloodingDataset2/processed_data/binary/train/non_flood/street_clear/street_clear_000016.jpg,0.00036084651947021484,False
/Users/aanyasingh/Projects/imagevalidation2/data/FloodingDataset2/processed_data/binary/train/non_flood/river/river_000011.jpg,0.0003597736358642578,False
/Users/aanyasingh/Projects/imagevalidation2/data/FloodingDataset2/processed_data/binary/train/non_flood/river/river_000102.jpg,0.0003590583801269531,False
/Users/aanyasingh/Projects/imagevalidation2/data/FloodingDataset2/processed_data/binary/train/non_flood/street_clear/street_clear_000116.jpg,0.00035834312438964844,False
/Users/aanyasingh/Projects/imagevalidation2/data/FloodingDataset2/processed_data/binary/train/non_flood/street_clear/street_clear_000054.jpg,0.0003572702407836914,False
/Users/aanyasingh/Projects/imagevalidation2/data/FloodingDataset2/processed_data/binary/train/non_flood/park_walkway/park_walkway_000230.jpg,0.0003566741943359375,False
/Users/aanyasingh/Projects/imagevalidation2/data/FloodingDataset2/processed_data/binary/train/non_flood/plant/plant_000085.jpg,0.0003566741943359375,False
/Users/aanyasingh/Projects/imagevalidation2/data/FloodingDataset2/processed_data/binary/train/non_flood/street_clear/street_clear_000405.jpg,0.00035572052001953125,False
/Users/aanyasingh/Projects/imagevalidation2/data/FloodingDataset2/processed_data/binary/train/non_flood/park_walkway/park_walkway_000171.jpg,0.0003553628921508789,False
/Users/aanyasingh/Projects/imagevalidation2/data/FloodingDataset2/processed_data/binary/train/non_flood/building/building_000120.jpg,0.0003548860549926758,False
/Users/aanyasingh/Projects/imagevalidation2/data/FloodingDataset2/processed_data/binary/train/non_flood/park_walkway/park_walkway_000256.jpg,0.0003548860549926758,False
/Users/aanyasingh/Projects/imagevalidation2/data/FloodingDataset2/processed_data/binary/train/non_flood/street_clear/street_clear_000304.jpg,0.000354766845703125,False
/Users/aanyasingh/Projects/imagevalidation2/data/FloodingDataset2/processed_data/binary/train/non_flood/swimming_pool/swimming_pool_000075.jpg,0.00035381317138671875,False
/Users/aanyasingh/Projects/imagevalidation2/data/FloodingDataset2/processed_data/binary/train/non_flood/animal/animal_000255.jpg,0.00035369396209716797,False
/Users/aanyasingh/Projects/imagevalidation2/data/FloodingDataset2/processed_data/binary/train/non_flood/plant/plant_000002.jpg,0.0003533363342285156,False
/Users/aanyasingh/Projects/imagevalidation2/data/FloodingDataset2/processed_data/binary/train/non_flood/plant/plant_000086.jpg,0.00035309791564941406,False
/Users/aanyasingh/Projects/imagevalidation2/data/FloodingDataset2/processed_data/binary/train/non_flood/park_walkway/park_walkway_000375.jpg,0.00035059452056884766,False
/Users/aanyasingh/Projects/imagevalidation2/data/FloodingDataset2/processed_data/binary/train/non_flood/animal/animal_000242.jpg,0.0003504753112792969,False
/Users/aanyasingh/Projects/imagevalidation2/data/FloodingDataset2/processed_data/binary/train/non_flood/building/building_000207.jpg,0.0003495216369628906,False
/Users/aanyasingh/Projects/imagevalidation2/data/FloodingDataset2/processed_data/binary/train/non_flood/building/building_000030.jpg,0.00034940242767333984,False
/Users/aanyasingh/Projects/imagevalidation2/data/FloodingDataset2/processed_data/binary/train/non_flood/river/river_000369.jpg,0.00034940242767333984,False
/Users/aanyasingh/Projects/imagevalidation2/data/FloodingDataset2/processed_data/binary/train/non_flood/swimming_pool/swimming_pool_000005.jpg,0.0003490447998046875,False
/Users/aanyasingh/Projects/imagevalidation2/data/FloodingDataset2/processed_data/binary/train/non_flood/vehicle/vehicle_000073.jpg,0.00034880638122558594,False
/Users/aanyasingh/Projects/imagevalidation2/data/FloodingDataset2/processed_data/binary/train/non_flood/animal/animal_000102.jpg,0.0003476142883300781,False
/Users/aanyasingh/Projects/imagevalidation2/data/FloodingDataset2/processed_data/binary/train/non_flood/park_walkway/park_walkway_000318.jpg,0.00034618377685546875,False
/Users/aanyasingh/Projects/imagevalidation2/data/FloodingDataset2/processed_data/binary/train/non_flood/street_clear/street_clear_000252.jpg,0.0003458261489868164,False
/Users/aanyasingh/Projects/imagevalidation2/data/FloodingDataset2/processed_data/binary/train/non_flood/vehicle/vehicle_000118.jpg,0.0003439188003540039,False
/Users/aanyasingh/Projects/imagevalidation2/data/FloodingDataset2/processed_data/binary/train/non_flood/building/building_000283.jpg,0.00034332275390625,False
/Users/aanyasingh/Projects/imagevalidation2/data/FloodingDataset2/processed_data/binary/train/non_flood/building/building_000065.jpg,0.0003427267074584961,False
/Users/aanyasingh/Projects/imagevalidation2/data/FloodingDataset2/processed_data/binary/train/non_flood/animal/animal_000177.jpg,0.0003412961959838867,False
/Users/aanyasingh/Projects/imagevalidation2/data/FloodingDataset2/processed_data/binary/train/non_flood/street_clear/street_clear_000329.jpg,0.0003407001495361328,False
/Users/aanyasingh/Projects/imagevalidation2/data/FloodingDataset2/processed_data/binary/train/non_flood/building/building_000272.jpg,0.00034034252166748047,False
/Users/aanyasingh/Projects/imagevalidation2/data/FloodingDataset2/processed_data/binary/train/non_flood/river/river_000367.jpg,0.00033915042877197266,False
/Users/aanyasingh/Projects/imagevalidation2/data/FloodingDataset2/processed_data/binary/train/non_flood/animal/animal_000281.jpg,0.0003381967544555664,False
/Users/aanyasingh/Projects/imagevalidation2/data/FloodingDataset2/processed_data/binary/train/non_flood/building/building_000033.jpg,0.0003377199172973633,False
/Users/aanyasingh/Projects/imagevalidation2/data/FloodingDataset2/processed_data/binary/train/non_flood/animal/animal_000217.jpg,0.00033724308013916016,False
/Users/aanyasingh/Projects/imagevalidation2/data/FloodingDataset2/processed_data/binary/train/non_flood/building/building_000282.jpg,0.00033664703369140625,False
/Users/aanyasingh/Projects/imagevalidation2/data/FloodingDataset2/processed_data/binary/train/non_flood/animal/animal_000095.jpg,0.000335693359375,False
/Users/aanyasingh/Projects/imagevalidation2/data/FloodingDataset2/processed_data/binary/train/non_flood/building/building_000114.jpg,0.0003355741500854492,False
/Users/aanyasingh/Projects/imagevalidation2/data/FloodingDataset2/processed_data/binary/train/non_flood/vehicle/vehicle_000015.jpg,0.0003349781036376953,False
/Users/aanyasingh/Projects/imagevalidation2/data/FloodingDataset2/processed_data/binary/train/non_flood/animal/animal_000290.jpg,0.0003345012664794922,False
/Users/aanyasingh/Projects/imagevalidation2/data/FloodingDataset2/processed_data/binary/train/non_flood/river/river_000081.jpg,0.0003345012664794922,False
/Users/aanyasingh/Projects/imagevalidation2/data/FloodingDataset2/processed_data/binary/train/non_flood/river/river_000200.jpg,0.00033354759216308594,False
/Users/aanyasingh/Projects/imagevalidation2/data/FloodingDataset2/processed_data/binary/train/non_flood/animal/animal_000046.jpg,0.00033104419708251953,False
/Users/aanyasingh/Projects/imagevalidation2/data/FloodingDataset2/processed_data/binary/train/non_flood/building/building_000285.jpg,0.00033092498779296875,False
/Users/aanyasingh/Projects/imagevalidation2/data/FloodingDataset2/processed_data/binary/train/non_flood/river/river_000007.jpg,0.0003298521041870117,False
/Users/aanyasingh/Projects/imagevalidation2/data/FloodingDataset2/processed_data/binary/train/non_flood/animal/animal_000100.jpg,0.0003261566162109375,False
/Users/aanyasingh/Projects/imagevalidation2/data/FloodingDataset2/processed_data/binary/train/non_flood/animal/animal_000032.jpg,0.0003254413604736328,False
/Users/aanyasingh/Projects/imagevalidation2/data/FloodingDataset2/processed_data/binary/train/non_flood/park_walkway/park_walkway_000026.jpg,0.0003243684768676758,False
/Users/aanyasingh/Projects/imagevalidation2/data/FloodingDataset2/processed_data/binary/train/non_flood/park_walkway/park_walkway_000268.jpg,0.00032341480255126953,False
/Users/aanyasingh/Projects/imagevalidation2/data/FloodingDataset2/processed_data/binary/train/non_flood/street_clear/street_clear_000068.jpg,0.00032150745391845703,False
/Users/aanyasingh/Projects/imagevalidation2/data/FloodingDataset2/processed_data/binary/train/non_flood/vehicle/vehicle_000220.jpg,0.00032079219818115234,False
/Users/aanyasingh/Projects/imagevalidation2/data/FloodingDataset2/processed_data/binary/train/non_flood/street_clear/street_clear_000558.jpg,0.00031936168670654297,False
/Users/aanyasingh/Projects/imagevalidation2/data/FloodingDataset2/processed_data/binary/train/non_flood/street_clear/street_clear_000326.jpg,0.0003192424774169922,False
/Users/aanyasingh/Projects/imagevalidation2/data/FloodingDataset2/processed_data/binary/train/non_flood/street_clear/street_clear_000269.jpg,0.0003190040588378906,False
/Users/aanyasingh/Projects/imagevalidation2/data/FloodingDataset2/processed_data/binary/train/non_flood/park_walkway/park_walkway_000118.jpg,0.00031876564025878906,False
/Users/aanyasingh/Projects/imagevalidation2/data/FloodingDataset2/processed_data/binary/train/non_flood/street_clear/street_clear_000023.jpg,0.0003167390823364258,False
/Users/aanyasingh/Projects/imagevalidation2/data/FloodingDataset2/processed_data/binary/train/non_flood/park_walkway/park_walkway_000039.jpg,0.00031638145446777344,False
/Users/aanyasingh/Projects/imagevalidation2/data/FloodingDataset2/processed_data/binary/train/non_flood/street_clear/street_clear_000311.jpg,0.0003161430358886719,False
/Users/aanyasingh/Projects/imagevalidation2/data/FloodingDataset2/processed_data/binary/train/non_flood/animal/animal_000038.jpg,0.0003151893615722656,False
/Users/aanyasingh/Projects/imagevalidation2/data/FloodingDataset2/processed_data/binary/train/non_flood/park_walkway/park_walkway_000275.jpg,0.00031435489654541016,False
/Users/aanyasingh/Projects/imagevalidation2/data/FloodingDataset2/processed_data/binary/train/non_flood/street_clear/street_clear_000134.jpg,0.00031375885009765625,False
/Users/aanyasingh/Projects/imagevalidation2/data/FloodingDataset2/processed_data/binary/train/non_flood/street_clear/street_clear_000040.jpg,0.00031363964080810547,False
/Users/aanyasingh/Projects/imagevalidation2/data/FloodingDataset2/processed_data/binary/train/non_flood/street_clear/street_clear_000336.jpg,0.00031363964080810547,False
/Users/aanyasingh/Projects/imagevalidation2/data/FloodingDataset2/processed_data/binary/train/non_flood/animal/animal_000082.jpg,0.00031185150146484375,False
/Users/aanyasingh/Projects/imagevalidation2/data/FloodingDataset2/processed_data/binary/train/non_flood/street_clear/street_clear_000052.jpg,0.0003110170364379883,False
/Users/aanyasingh/Projects/imagevalidation2/data/FloodingDataset2/processed_data/binary/train/non_flood/animal/animal_000249.jpg,0.00031006336212158203,False
/Users/aanyasingh/Projects/imagevalidation2/data/FloodingDataset2/processed_data/binary/train/non_flood/street_clear/street_clear_000060.jpg,0.00031006336212158203,False
/Users/aanyasingh/Projects/imagevalidation2/data/FloodingDataset2/processed_data/binary/train/non_flood/building/building_000274.jpg,0.0003085136413574219,False
/Users/aanyasingh/Projects/imagevalidation2/data/FloodingDataset2/processed_data/binary/train/non_flood/plant/plant_000127.jpg,0.0003085136413574219,False
/Users/aanyasingh/Projects/imagevalidation2/data/FloodingDataset2/processed_data/binary/train/non_flood/animal/animal_000223.jpg,0.00030791759490966797,False
/Users/aanyasingh/Projects/imagevalidation2/data/FloodingDataset2/processed_data/binary/train/non_flood/street_clear/street_clear_000576.jpg,0.00030791759490966797,False
/Users/aanyasingh/Projects/imagevalidation2/data/FloodingDataset2/processed_data/binary/train/non_flood/building/building_000151.jpg,0.0003077983856201172,False
/Users/aanyasingh/Projects/imagevalidation2/data/FloodingDataset2/processed_data/binary/train/non_flood/river/river_000161.jpg,0.0003077983856201172,False
/Users/aanyasingh/Projects/imagevalidation2/data/FloodingDataset2/processed_data/binary/train/non_flood/building/building_000082.jpg,0.00030732154846191406,False
/Users/aanyasingh/Projects/imagevalidation2/data/FloodingDataset2/processed_data/binary/train/non_flood/street_clear/street_clear_000131.jpg,0.0003064870834350586,False
/Users/aanyasingh/Projects/imagevalidation2/data/FloodingDataset2/processed_data/binary/train/non_flood/animal/animal_000299.jpg,0.00030434131622314453,False
/Users/aanyasingh/Projects/imagevalidation2/data/FloodingDataset2/processed_data/binary/train/non_flood/vehicle/vehicle_000020.jpg,0.00030422210693359375,False
/Users/aanyasingh/Projects/imagevalidation2/data/FloodingDataset2/processed_data/binary/train/non_flood/swimming_pool/swimming_pool_000051.jpg,0.00030410289764404297,False
/Users/aanyasingh/Projects/imagevalidation2/data/FloodingDataset2/processed_data/binary/train/non_flood/swimming_pool/swimming_pool_000031.jpg,0.00030159950256347656,False
/Users/aanyasingh/Projects/imagevalidation2/data/FloodingDataset2/processed_data/binary/train/non_flood/animal/animal_000013.jpg,0.0003014802932739258,False
/Users/aanyasingh/Projects/imagevalidation2/data/FloodingDataset2/processed_data/binary/train/non_flood/street_clear/street_clear_000453.jpg,0.0003014802932739258,False
/Users/aanyasingh/Projects/imagevalidation2/data/FloodingDataset2/processed_data/binary/train/non_flood/street_clear/street_clear_000340.jpg,0.00030100345611572266,False
/Users/aanyasingh/Projects/imagevalidation2/data/FloodingDataset2/processed_data/binary/train/non_flood/vehicle/vehicle_000145.jpg,0.0003008842468261719,False
/Users/aanyasingh/Projects/imagevalidation2/data/FloodingDataset2/processed_data/binary/train/non_flood/street_clear/street_clear_000337.jpg,0.00030052661895751953,False
/Users/aanyasingh/Projects/imagevalidation2/data/FloodingDataset2/processed_data/binary/train/non_flood/river/river_000180.jpg,0.0002989768981933594,False
/Users/aanyasingh/Projects/imagevalidation2/data/FloodingDataset2/processed_data/binary/train/non_flood/street_clear/street_clear_000138.jpg,0.00029844045639038086,False
/Users/aanyasingh/Projects/imagevalidation2/data/FloodingDataset2/processed_data/binary/train/non_flood/vehicle/vehicle_000086.jpg,0.00029736757278442383,False
/Users/aanyasingh/Projects/imagevalidation2/data/FloodingDataset2/processed_data/binary/train/non_flood/building/building_000279.jpg,0.0002962946891784668,False
/Users/aanyasingh/Projects/imagevalidation2/data/FloodingDataset2/processed_data/binary/train/non_flood/park_walkway/park_walkway_000064.jpg,0.0002962946891784668,False
/Users/aanyasingh/Projects/imagevalidation2/data/FloodingDataset2/processed_data/binary/train/non_flood/plant/plant_000005.jpg,0.000296175479888916,False
/Users/aanyasingh/Projects/imagevalidation2/data/FloodingDataset2/processed_data/binary/train/non_flood/street_clear/street_clear_000236.jpg,0.0002955794334411621,False
/Users/aanyasingh/Projects/imagevalidation2/data/FloodingDataset2/processed_data/binary/train/non_flood/river/river_000380.jpg,0.00029402971267700195,False
/Users/aanyasingh/Projects/imagevalidation2/data/FloodingDataset2/processed_data/binary/train/non_flood/vehicle/vehicle_000157.jpg,0.00029355287551879883,False
/Users/aanyasingh/Projects/imagevalidation2/data/FloodingDataset2/processed_data/binary/train/non_flood/river/river_000029.jpg,0.00029343366622924805,False
/Users/aanyasingh/Projects/imagevalidation2/data/FloodingDataset2/processed_data/binary/train/non_flood/vehicle/vehicle_000051.jpg,0.00029271841049194336,False
/Users/aanyasingh/Projects/imagevalidation2/data/FloodingDataset2/processed_data/binary/train/non_flood/animal/animal_000296.jpg,0.0002918839454650879,False
/Users/aanyasingh/Projects/imagevalidation2/data/FloodingDataset2/processed_data/binary/train/non_flood/building/building_000271.jpg,0.00029164552688598633,False
/Users/aanyasingh/Projects/imagevalidation2/data/FloodingDataset2/processed_data/binary/train/non_flood/street_clear/street_clear_000356.jpg,0.00029152631759643555,False
/Users/aanyasingh/Projects/imagevalidation2/data/FloodingDataset2/processed_data/binary/train/non_flood/animal/animal_000225.jpg,0.00029093027114868164,False
/Users/aanyasingh/Projects/imagevalidation2/data/FloodingDataset2/processed_data/binary/train/non_flood/river/river_000010.jpg,0.0002906918525695801,False
/Users/aanyasingh/Projects/imagevalidation2/data/FloodingDataset2/processed_data/binary/train/non_flood/street_clear/street_clear_000206.jpg,0.0002904534339904785,False
/Users/aanyasingh/Projects/imagevalidation2/data/FloodingDataset2/processed_data/binary/train/non_flood/building/building_000188.jpg,0.0002886652946472168,False
/Users/aanyasingh/Projects/imagevalidation2/data/FloodingDataset2/processed_data/binary/train/non_flood/building/building_000125.jpg,0.000288546085357666,False
/Users/aanyasingh/Projects/imagevalidation2/data/FloodingDataset2/processed_data/binary/train/non_flood/park_walkway/park_walkway_000287.jpg,0.00028580427169799805,False
/Users/aanyasingh/Projects/imagevalidation2/data/FloodingDataset2/processed_data/binary/train/non_flood/building/building_000085.jpg,0.00028520822525024414,False
/Users/aanyasingh/Projects/imagevalidation2/data/FloodingDataset2/processed_data/binary/train/non_flood/river/river_000280.jpg,0.0002841353416442871,False
/Users/aanyasingh/Projects/imagevalidation2/data/FloodingDataset2/processed_data/binary/train/non_flood/river/river_000348.jpg,0.00028377771377563477,False
/Users/aanyasingh/Projects/imagevalidation2/data/FloodingDataset2/processed_data/binary/train/non_flood/building/building_000020.jpg,0.000283658504486084,False
/Users/aanyasingh/Projects/imagevalidation2/data/FloodingDataset2/processed_data/binary/train/non_flood/animal/animal_000268.jpg,0.0002835392951965332,False
/Users/aanyasingh/Projects/imagevalidation2/data/FloodingDataset2/processed_data/binary/train/non_flood/animal/animal_000265.jpg,0.00028270483016967773,False
/Users/aanyasingh/Projects/imagevalidation2/data/FloodingDataset2/processed_data/binary/train/non_flood/street_clear/street_clear_000276.jpg,0.00028210878372192383,False
/Users/aanyasingh/Projects/imagevalidation2/data/FloodingDataset2/processed_data/binary/train/non_flood/vehicle/vehicle_000070.jpg,0.00028187036514282227,False
/Users/aanyasingh/Projects/imagevalidation2/data/FloodingDataset2/processed_data/binary/train/non_flood/building/building_000152.jpg,0.00028067827224731445,False
/Users/aanyasingh/Projects/imagevalidation2/data/FloodingDataset2/processed_data/binary/train/non_flood/river/river_000097.jpg,0.00027948617935180664,False
/Users/aanyasingh/Projects/imagevalidation2/data/FloodingDataset2/processed_data/binary/train/non_flood/river/river_000352.jpg,0.0002784132957458496,False
/Users/aanyasingh/Projects/imagevalidation2/data/FloodingDataset2/processed_data/binary/train/non_flood/animal/animal_000049.jpg,0.00027745962142944336,False
/Users/aanyasingh/Projects/imagevalidation2/data/FloodingDataset2/processed_data/binary/train/non_flood/river/river_000126.jpg,0.00027745962142944336,False
/Users/aanyasingh/Projects/imagevalidation2/data/FloodingDataset2/processed_data/binary/train/non_flood/plant/plant_000025.jpg,0.000277101993560791,False
/Users/aanyasingh/Projects/imagevalidation2/data/FloodingDataset2/processed_data/binary/train/non_flood/vehicle/vehicle_000055.jpg,0.0002765059471130371,False
/Users/aanyasingh/Projects/imagevalidation2/data/FloodingDataset2/processed_data/binary/train/non_flood/park_walkway/park_walkway_000071.jpg,0.00027567148208618164,False
/Users/aanyasingh/Projects/imagevalidation2/data/FloodingDataset2/processed_data/binary/train/non_flood/street_clear/street_clear_000548.jpg,0.00027483701705932617,False
/Users/aanyasingh/Projects/imagevalidation2/data/FloodingDataset2/processed_data/binary/train/non_flood/swimming_pool/swimming_pool_000066.jpg,0.00027316808700561523,False
/Users/aanyasingh/Projects/imagevalidation2/data/FloodingDataset2/processed_data/binary/train/non_flood/building/building_000248.jpg,0.00027233362197875977,False
/Users/aanyasingh/Projects/imagevalidation2/data/FloodingDataset2/processed_data/binary/train/non_flood/river/river_000112.jpg,0.00027114152908325195,False
/Users/aanyasingh/Projects/imagevalidation2/data/FloodingDataset2/processed_data/binary/train/non_flood/vehicle/vehicle_000082.jpg,0.0002701878547668457,False
/Users/aanyasingh/Projects/imagevalidation2/data/FloodingDataset2/processed_data/binary/train/non_flood/river/river_000004.jpg,0.0002700686454772949,False
/Users/aanyasingh/Projects/imagevalidation2/data/FloodingDataset2/processed_data/binary/train/non_flood/park_walkway/park_walkway_000203.jpg,0.000269472599029541,False
/Users/aanyasingh/Projects/imagevalidation2/data/FloodingDataset2/processed_data/binary/train/non_flood/animal/animal_000036.jpg,0.0002688765525817871,False
/Users/aanyasingh/Projects/imagevalidation2/data/FloodingDataset2/processed_data/binary/train/non_flood/street_clear/street_clear_000059.jpg,0.0002675652503967285,False
/Users/aanyasingh/Projects/imagevalidation2/data/FloodingDataset2/processed_data/binary/train/non_flood/vehicle/vehicle_000040.jpg,0.0002675652503967285,False
/Users/aanyasingh/Projects/imagevalidation2/data/FloodingDataset2/processed_data/binary/train/non_flood/street_clear/street_clear_000035.jpg,0.0002669692039489746,False
/Users/aanyasingh/Projects/imagevalidation2/data/FloodingDataset2/processed_data/binary/train/non_flood/plant/plant_000028.jpg,0.00026673078536987305,False
/Users/aanyasingh/Projects/imagevalidation2/data/FloodingDataset2/processed_data/binary/train/non_flood/street_clear/street_clear_000257.jpg,0.00026661157608032227,False
/Users/aanyasingh/Projects/imagevalidation2/data/FloodingDataset2/processed_data/binary/train/non_flood/animal/animal_000097.jpg,0.0002664923667907715,False
/Users/aanyasingh/Projects/imagevalidation2/data/FloodingDataset2/processed_data/binary/train/non_flood/plant/plant_000027.jpg,0.00026530027389526367,False
/Users/aanyasingh/Projects/imagevalidation2/data/FloodingDataset2/processed_data/binary/train/non_flood/river/river_000392.jpg,0.00026494264602661133,False
/Users/aanyasingh/Projects/imagevalidation2/data/FloodingDataset2/processed_data/binary/train/non_flood/building/building_000263.jpg,0.0002644658088684082,False
/Users/aanyasingh/Projects/imagevalidation2/data/FloodingDataset2/processed_data/binary/train/non_flood/river/river_000088.jpg,0.0002644658088684082,False
/Users/aanyasingh/Projects/imagevalidation2/data/FloodingDataset2/processed_data/binary/train/non_flood/street_clear/street_clear_000057.jpg,0.0002643465995788574,False
/Users/aanyasingh/Projects/imagevalidation2/data/FloodingDataset2/processed_data/binary/train/non_flood/swimming_pool/swimming_pool_000000.jpg,0.0002637505531311035,False
/Users/aanyasingh/Projects/imagevalidation2/data/FloodingDataset2/processed_data/binary/train/non_flood/building/building_000006.jpg,0.00026351213455200195,False
/Users/aanyasingh/Projects/imagevalidation2/data/FloodingDataset2/processed_data/binary/train/non_flood/animal/animal_000079.jpg,0.00026339292526245117,False
/Users/aanyasingh/Projects/imagevalidation2/data/FloodingDataset2/processed_data/binary/train/non_flood/street_clear/street_clear_000545.jpg,0.00026279687881469727,False
/Users/aanyasingh/Projects/imagevalidation2/data/FloodingDataset2/processed_data/binary/train/non_flood/street_clear/street_clear_000563.jpg,0.00026232004165649414,False
/Users/aanyasingh/Projects/imagevalidation2/data/FloodingDataset2/processed_data/binary/train/non_flood/street_clear/street_clear_000544.jpg,0.00026172399520874023,False
/Users/aanyasingh/Projects/imagevalidation2/data/FloodingDataset2/processed_data/binary/train/non_flood/swimming_pool/swimming_pool_000063.jpg,0.00026112794876098633,False
/Users/aanyasingh/Projects/imagevalidation2/data/FloodingDataset2/processed_data/binary/train/non_flood/animal/animal_000258.jpg,0.000260770320892334,False
/Users/aanyasingh/Projects/imagevalidation2/data/FloodingDataset2/processed_data/binary/train/non_flood/street_clear/street_clear_000188.jpg,0.0002601742744445801,False
/Users/aanyasingh/Projects/imagevalidation2/data/FloodingDataset2/processed_data/binary/train/non_flood/plant/plant_000078.jpg,0.00025719404220581055,False
/Users/aanyasingh/Projects/imagevalidation2/data/FloodingDataset2/processed_data/binary/train/non_flood/street_clear/street_clear_000579.jpg,0.00025719404220581055,False
/Users/aanyasingh/Projects/imagevalidation2/data/FloodingDataset2/processed_data/binary/train/non_flood/vehicle/vehicle_000046.jpg,0.00025719404220581055,False
/Users/aanyasingh/Projects/imagevalidation2/data/FloodingDataset2/processed_data/binary/train/non_flood/street_clear/street_clear_000564.jpg,0.0002567172050476074,False
/Users/aanyasingh/Projects/imagevalidation2/data/FloodingDataset2/processed_data/binary/train/non_flood/park_walkway/park_walkway_000109.jpg,0.0002556443214416504,False
/Users/aanyasingh/Projects/imagevalidation2/data/FloodingDataset2/processed_data/binary/train/non_flood/park_walkway/park_walkway_000243.jpg,0.0002549290657043457,False
/Users/aanyasingh/Projects/imagevalidation2/data/FloodingDataset2/processed_data/binary/train/non_flood/street_clear/street_clear_000013.jpg,0.00025409460067749023,False
/Users/aanyasingh/Projects/imagevalidation2/data/FloodingDataset2/processed_data/binary/train/non_flood/street_clear/street_clear_000586.jpg,0.00025409460067749023,False
/Users/aanyasingh/Projects/imagevalidation2/data/FloodingDataset2/processed_data/binary/train/non_flood/street_clear/street_clear_000072.jpg,0.0002536177635192871,False
/Users/aanyasingh/Projects/imagevalidation2/data/FloodingDataset2/processed_data/binary/train/non_flood/building/building_000046.jpg,0.00025337934494018555,False
/Users/aanyasingh/Projects/imagevalidation2/data/FloodingDataset2/processed_data/binary/train/non_flood/animal/animal_000114.jpg,0.0002530217170715332,False
/Users/aanyasingh/Projects/imagevalidation2/data/FloodingDataset2/processed_data/binary/train/non_flood/animal/animal_000106.jpg,0.00025206804275512695,False
/Users/aanyasingh/Projects/imagevalidation2/data/FloodingDataset2/processed_data/binary/train/non_flood/plant/plant_000160.jpg,0.0002518296241760254,False
/Users/aanyasingh/Projects/imagevalidation2/data/FloodingDataset2/processed_data/binary/train/non_flood/park_walkway/park_walkway_000344.jpg,0.0002509951591491699,False
/Users/aanyasingh/Projects/imagevalidation2/data/FloodingDataset2/processed_data/binary/train/non_flood/animal/animal_000149.jpg,0.0002506375312805176,False
/Users/aanyasingh/Projects/imagevalidation2/data/FloodingDataset2/processed_data/binary/train/non_flood/street_clear/street_clear_000122.jpg,0.00025016069412231445,False
/Users/aanyasingh/Projects/imagevalidation2/data/FloodingDataset2/processed_data/binary/train/non_flood/vehicle/vehicle_000214.jpg,0.00025016069412231445,False
/Users/aanyasingh/Projects/imagevalidation2/data/FloodingDataset2/processed_data/binary/train/non_flood/animal/animal_000055.jpg,0.000249326229095459,False
/Users/aanyasingh/Projects/imagevalidation2/data/FloodingDataset2/processed_data/binary/train/non_flood/park_walkway/park_walkway_000345.jpg,0.000249326229095459,False
/Users/aanyasingh/Projects/imagevalidation2/data/FloodingDataset2/processed_data/binary/train/non_flood/river/river_000247.jpg,0.00024825334548950195,False
/Users/aanyasingh/Projects/imagevalidation2/data/FloodingDataset2/processed_data/binary/train/non_flood/vehicle/vehicle_000140.jpg,0.0002478957176208496,False
/Users/aanyasingh/Projects/imagevalidation2/data/FloodingDataset2/processed_data/binary/train/non_flood/animal/animal_000066.jpg,0.000246584415435791,False
/Users/aanyasingh/Projects/imagevalidation2/data/FloodingDataset2/processed_data/binary/train/non_flood/vehicle/vehicle_000084.jpg,0.00024646520614624023,False
/Users/aanyasingh/Projects/imagevalidation2/data/FloodingDataset2/processed_data/binary/train/non_flood/street_clear/street_clear_000368.jpg,0.00024622678756713867,False
/Users/aanyasingh/Projects/imagevalidation2/data/FloodingDataset2/processed_data/binary/train/non_flood/building/building_000109.jpg,0.0002459883689880371,False
/Users/aanyasingh/Projects/imagevalidation2/data/FloodingDataset2/processed_data/binary/train/non_flood/river/river_000041.jpg,0.0002459883689880371,False
/Users/aanyasingh/Projects/imagevalidation2/data/FloodingDataset2/processed_data/binary/train/non_flood/street_clear/street_clear_000553.jpg,0.00024574995040893555,False
/Users/aanyasingh/Projects/imagevalidation2/data/FloodingDataset2/processed_data/binary/train/non_flood/animal/animal_000096.jpg,0.0002449154853820801,False
/Users/aanyasingh/Projects/imagevalidation2/data/FloodingDataset2/processed_data/binary/train/non_flood/park_walkway/park_walkway_000140.jpg,0.0002446770668029785,False
/Users/aanyasingh/Projects/imagevalidation2/data/FloodingDataset2/processed_data/binary/train/non_flood/plant/plant_000091.jpg,0.0002442002296447754,False
/Users/aanyasingh/Projects/imagevalidation2/data/FloodingDataset2/processed_data/binary/train/non_flood/vehicle/vehicle_000088.jpg,0.00024372339248657227,False
/Users/aanyasingh/Projects/imagevalidation2/data/FloodingDataset2/processed_data/binary/train/non_flood/park_walkway/park_walkway_000223.jpg,0.00024181604385375977,False
/Users/aanyasingh/Projects/imagevalidation2/data/FloodingDataset2/processed_data/binary/train/non_flood/park_walkway/park_walkway_000210.jpg,0.0002409815788269043,False
/Users/aanyasingh/Projects/imagevalidation2/data/FloodingDataset2/processed_data/binary/train/non_flood/river/river_000322.jpg,0.00024086236953735352,False
/Users/aanyasingh/Projects/imagevalidation2/data/FloodingDataset2/processed_data/binary/train/non_flood/river/river_000288.jpg,0.00024062395095825195,False
/Users/aanyasingh/Projects/imagevalidation2/data/FloodingDataset2/processed_data/binary/train/non_flood/river/river_000045.jpg,0.00023978948593139648,False
/Users/aanyasingh/Projects/imagevalidation2/data/FloodingDataset2/processed_data/binary/train/non_flood/street_clear/street_clear_000369.jpg,0.00023943185806274414,False
/Users/aanyasingh/Projects/imagevalidation2/data/FloodingDataset2/processed_data/binary/train/non_flood/park_walkway/park_walkway_000080.jpg,0.0002383589744567871,False
/Users/aanyasingh/Projects/imagevalidation2/data/FloodingDataset2/processed_data/binary/train/non_flood/animal/animal_000001.jpg,0.0002377629280090332,False
/Users/aanyasingh/Projects/imagevalidation2/data/FloodingDataset2/processed_data/binary/train/non_flood/building/building_000245.jpg,0.00023764371871948242,False
/Users/aanyasingh/Projects/imagevalidation2/data/FloodingDataset2/processed_data/binary/train/non_flood/plant/plant_000128.jpg,0.00023704767227172852,False
/Users/aanyasingh/Projects/imagevalidation2/data/FloodingDataset2/processed_data/binary/train/non_flood/plant/plant_000095.jpg,0.00023680925369262695,False
/Users/aanyasingh/Projects/imagevalidation2/data/FloodingDataset2/processed_data/binary/train/non_flood/vehicle/vehicle_000196.jpg,0.00023680925369262695,False
/Users/aanyasingh/Projects/imagevalidation2/data/FloodingDataset2/processed_data/binary/train/non_flood/river/river_000248.jpg,0.00023609399795532227,False
/Users/aanyasingh/Projects/imagevalidation2/data/FloodingDataset2/processed_data/binary/train/non_flood/park_walkway/park_walkway_000060.jpg,0.00023537874221801758,False
/Users/aanyasingh/Projects/imagevalidation2/data/FloodingDataset2/processed_data/binary/train/non_flood/street_clear/street_clear_000499.jpg,0.0002352595329284668,False
/Users/aanyasingh/Projects/imagevalidation2/data/FloodingDataset2/processed_data/binary/train/non_flood/animal/animal_000060.jpg,0.00023514032363891602,False
/Users/aanyasingh/Projects/imagevalidation2/data/FloodingDataset2/processed_data/binary/train/non_flood/street_clear/street_clear_000148.jpg,0.00023514032363891602,False
/Users/aanyasingh/Projects/imagevalidation2/data/FloodingDataset2/processed_data/binary/train/non_flood/vehicle/vehicle_000124.jpg,0.00023490190505981445,False
/Users/aanyasingh/Projects/imagevalidation2/data/FloodingDataset2/processed_data/binary/train/non_flood/building/building_000182.jpg,0.0002346634864807129,False
/Users/aanyasingh/Projects/imagevalidation2/data/FloodingDataset2/processed_data/binary/train/non_flood/park_walkway/park_walkway_000086.jpg,0.00023430585861206055,False
/Users/aanyasingh/Projects/imagevalidation2/data/FloodingDataset2/processed_data/binary/train/non_flood/vehicle/vehicle_000216.jpg,0.00023406744003295898,False
/Users/aanyasingh/Projects/imagevalidation2/data/FloodingDataset2/processed_data/binary/train/non_flood/river/river_000127.jpg,0.00023359060287475586,False
/Users/aanyasingh/Projects/imagevalidation2/data/FloodingDataset2/processed_data/binary/train/non_flood/swimming_pool/swimming_pool_000007.jpg,0.00023359060287475586,False
/Users/aanyasingh/Projects/imagevalidation2/data/FloodingDataset2/processed_data/binary/train/non_flood/building/building_000047.jpg,0.00023287534713745117,False
/Users/aanyasingh/Projects/imagevalidation2/data/FloodingDataset2/processed_data/binary/train/non_flood/park_walkway/park_walkway_000090.jpg,0.00023287534713745117,False
/Users/aanyasingh/Projects/imagevalidation2/data/FloodingDataset2/processed_data/binary/train/non_flood/park_walkway/park_walkway_000374.jpg,0.00023287534713745117,False
/Users/aanyasingh/Projects/imagevalidation2/data/FloodingDataset2/processed_data/binary/train/non_flood/street_clear/street_clear_000201.jpg,0.0002326369285583496,False
/Users/aanyasingh/Projects/imagevalidation2/data/FloodingDataset2/processed_data/binary/train/non_flood/animal/animal_000075.jpg,0.00023251771926879883,False
/Users/aanyasingh/Projects/imagevalidation2/data/FloodingDataset2/processed_data/binary/train/non_flood/building/building_000074.jpg,0.00023251771926879883,False
/Users/aanyasingh/Projects/imagevalidation2/data/FloodingDataset2/processed_data/binary/train/non_flood/vehicle/vehicle_000108.jpg,0.00023251771926879883,False
/Users/aanyasingh/Projects/imagevalidation2/data/FloodingDataset2/processed_data/binary/train/non_flood/plant/plant_000155.jpg,0.00023227930068969727,False
/Users/aanyasingh/Projects/imagevalidation2/data/FloodingDataset2/processed_data/binary/train/non_flood/building/building_000146.jpg,0.00023216009140014648,False
/Users/aanyasingh/Projects/imagevalidation2/data/FloodingDataset2/processed_data/binary/train/non_flood/vehicle/vehicle_000012.jpg,0.00023037195205688477,False
/Users/aanyasingh/Projects/imagevalidation2/data/FloodingDataset2/processed_data/binary/train/non_flood/river/river_000318.jpg,0.00022989511489868164,False
/Users/aanyasingh/Projects/imagevalidation2/data/FloodingDataset2/processed_data/binary/train/non_flood/river/river_000303.jpg,0.00022977590560913086,False
/Users/aanyasingh/Projects/imagevalidation2/data/FloodingDataset2/processed_data/binary/train/non_flood/street_clear/street_clear_000360.jpg,0.00022977590560913086,False
/Users/aanyasingh/Projects/imagevalidation2/data/FloodingDataset2/processed_data/binary/train/non_flood/swimming_pool/swimming_pool_000022.jpg,0.00022965669631958008,False
/Users/aanyasingh/Projects/imagevalidation2/data/FloodingDataset2/processed_data/binary/train/non_flood/street_clear/street_clear_000262.jpg,0.0002295374870300293,False
/Users/aanyasingh/Projects/imagevalidation2/data/FloodingDataset2/processed_data/binary/train/non_flood/street_clear/street_clear_000521.jpg,0.00022929906845092773,False
/Users/aanyasingh/Projects/imagevalidation2/data/FloodingDataset2/processed_data/binary/train/non_flood/street_clear/street_clear_000255.jpg,0.00022906064987182617,False
/Users/aanyasingh/Projects/imagevalidation2/data/FloodingDataset2/processed_data/binary/train/non_flood/animal/animal_000072.jpg,0.00022834539413452148,False
/Users/aanyasingh/Projects/imagevalidation2/data/FloodingDataset2/processed_data/binary/train/non_flood/park_walkway/park_walkway_000056.jpg,0.00022774934768676758,False
/Users/aanyasingh/Projects/imagevalidation2/data/FloodingDataset2/processed_data/binary/train/non_flood/street_clear/street_clear_000476.jpg,0.00022751092910766602,False
/Users/aanyasingh/Projects/imagevalidation2/data/FloodingDataset2/processed_data/binary/train/non_flood/vehicle/vehicle_000142.jpg,0.00022739171981811523,False
/Users/aanyasingh/Projects/imagevalidation2/data/FloodingDataset2/processed_data/binary/train/non_flood/street_clear/street_clear_000319.jpg,0.0002263188362121582,False
/Users/aanyasingh/Projects/imagevalidation2/data/FloodingDataset2/processed_data/binary/train/non_flood/park_walkway/park_walkway_000246.jpg,0.00022619962692260742,False
/Users/aanyasingh/Projects/imagevalidation2/data/FloodingDataset2/processed_data/binary/train/non_flood/river/river_000232.jpg,0.0002250075340270996,False
/Users/aanyasingh/Projects/imagevalidation2/data/FloodingDataset2/processed_data/binary/train/non_flood/park_walkway/park_walkway_000395.jpg,0.00022464990615844727,False
/Users/aanyasingh/Projects/imagevalidation2/data/FloodingDataset2/processed_data/binary/train/non_flood/animal/animal_000010.jpg,0.0002244114875793457,False
/Users/aanyasingh/Projects/imagevalidation2/data/FloodingDataset2/processed_data/binary/train/non_flood/building/building_000127.jpg,0.0002244114875793457,False
/Users/aanyasingh/Projects/imagevalidation2/data/FloodingDataset2/processed_data/binary/train/non_flood/building/building_000142.jpg,0.00022429227828979492,False
/Users/aanyasingh/Projects/imagevalidation2/data/FloodingDataset2/processed_data/binary/train/non_flood/vehicle/vehicle_000047.jpg,0.00022369623184204102,False
/Users/aanyasingh/Projects/imagevalidation2/data/FloodingDataset2/processed_data/binary/train/non_flood/park_walkway/park_walkway_000004.jpg,0.0002232193946838379,False
/Users/aanyasingh/Projects/imagevalidation2/data/FloodingDataset2/processed_data/binary/train/non_flood/street_clear/street_clear_000557.jpg,0.00022298097610473633,False
/Users/aanyasingh/Projects/imagevalidation2/data/FloodingDataset2/processed_data/binary/train/non_flood/river/river_000244.jpg,0.00022262334823608398,False
/Users/aanyasingh/Projects/imagevalidation2/data/FloodingDataset2/processed_data/binary/train/non_flood/river/river_000239.jpg,0.0002213120460510254,False
/Users/aanyasingh/Projects/imagevalidation2/data/FloodingDataset2/processed_data/binary/train/non_flood/street_clear/street_clear_000371.jpg,0.0002213120460510254,False
/Users/aanyasingh/Projects/imagevalidation2/data/FloodingDataset2/processed_data/binary/train/non_flood/street_clear/street_clear_000082.jpg,0.0002211928367614746,False
/Users/aanyasingh/Projects/imagevalidation2/data/FloodingDataset2/processed_data/binary/train/non_flood/street_clear/street_clear_000026.jpg,0.00022083520889282227,False
/Users/aanyasingh/Projects/imagevalidation2/data/FloodingDataset2/processed_data/binary/train/non_flood/animal/animal_000184.jpg,0.00022035837173461914,False
/Users/aanyasingh/Projects/imagevalidation2/data/FloodingDataset2/processed_data/binary/train/non_flood/vehicle/vehicle_000152.jpg,0.00021976232528686523,False
/Users/aanyasingh/Projects/imagevalidation2/data/FloodingDataset2/processed_data/binary/train/non_flood/vehicle/vehicle_000119.jpg,0.00021952390670776367,False
/Users/aanyasingh/Projects/imagevalidation2/data/FloodingDataset2/processed_data/binary/train/non_flood/animal/animal_000190.jpg,0.00021916627883911133,False
/Users/aanyasingh/Projects/imagevalidation2/data/FloodingDataset2/processed_data/binary/train/non_flood/river/river_000372.jpg,0.0002186894416809082,False
/Users/aanyasingh/Projects/imagevalidation2/data/FloodingDataset2/processed_data/binary/train/non_flood/park_walkway/park_walkway_000313.jpg,0.00021761655807495117,False
/Users/aanyasingh/Projects/imagevalidation2/data/FloodingDataset2/processed_data/binary/train/non_flood/plant/plant_000174.jpg,0.00021725893020629883,False
/Users/aanyasingh/Projects/imagevalidation2/data/FloodingDataset2/processed_data/binary/train/non_flood/street_clear/street_clear_000358.jpg,0.0002167820930480957,False
/Users/aanyasingh/Projects/imagevalidation2/data/FloodingDataset2/processed_data/binary/train/non_flood/animal/animal_000271.jpg,0.00021499395370483398,False
/Users/aanyasingh/Projects/imagevalidation2/data/FloodingDataset2/processed_data/binary/train/non_flood/building/building_000212.jpg,0.00021499395370483398,False
/Users/aanyasingh/Projects/imagevalidation2/data/FloodingDataset2/processed_data/binary/train/non_flood/animal/animal_000260.jpg,0.00021451711654663086,False
/Users/aanyasingh/Projects/imagevalidation2/data/FloodingDataset2/processed_data/binary/train/non_flood/river/river_000326.jpg,0.00021380186080932617,False
/Users/aanyasingh/Projects/imagevalidation2/data/FloodingDataset2/processed_data/binary/train/non_flood/street_clear/street_clear_000037.jpg,0.0002135634422302246,False
/Users/aanyasingh/Projects/imagevalidation2/data/FloodingDataset2/processed_data/binary/train/non_flood/park_walkway/park_walkway_000067.jpg,0.00021284818649291992,False
/Users/aanyasingh/Projects/imagevalidation2/data/FloodingDataset2/processed_data/binary/train/non_flood/animal/animal_000205.jpg,0.0002116560935974121,False
/Users/aanyasingh/Projects/imagevalidation2/data/FloodingDataset2/processed_data/binary/train/non_flood/vehicle/vehicle_000003.jpg,0.0002104640007019043,False
/Users/aanyasingh/Projects/imagevalidation2/data/FloodingDataset2/processed_data/binary/train/non_flood/street_clear/street_clear_000454.jpg,0.0002098679542541504,False
/Users/aanyasingh/Projects/imagevalidation2/data/FloodingDataset2/processed_data/binary/train/non_flood/river/river_000181.jpg,0.00020951032638549805,False
/Users/aanyasingh/Projects/imagevalidation2/data/FloodingDataset2/processed_data/binary/train/non_flood/animal/animal_000193.jpg,0.00020891427993774414,False
/Users/aanyasingh/Projects/imagevalidation2/data/FloodingDataset2/processed_data/binary/train/non_flood/building/building_000029.jpg,0.0002085566520690918,False
/Users/aanyasingh/Projects/imagevalidation2/data/FloodingDataset2/processed_data/binary/train/non_flood/vehicle/vehicle_000078.jpg,0.00020772218704223633,False
/Users/aanyasingh/Projects/imagevalidation2/data/FloodingDataset2/processed_data/binary/train/non_flood/animal/animal_000277.jpg,0.00020700693130493164,False
/Users/aanyasingh/Projects/imagevalidation2/data/FloodingDataset2/processed_data/binary/train/non_flood/park_walkway/park_walkway_000382.jpg,0.0002066493034362793,False
/Users/aanyasingh/Projects/imagevalidation2/data/FloodingDataset2/processed_data/binary/train/non_flood/river/river_000156.jpg,0.00020581483840942383,False
/Users/aanyasingh/Projects/imagevalidation2/data/FloodingDataset2/processed_data/binary/train/non_flood/street_clear/street_clear_000494.jpg,0.00020581483840942383,False
/Users/aanyasingh/Projects/imagevalidation2/data/FloodingDataset2/processed_data/binary/train/non_flood/park_walkway/park_walkway_000019.jpg,0.00020545721054077148,False
/Users/aanyasingh/Projects/imagevalidation2/data/FloodingDataset2/processed_data/binary/train/non_flood/vehicle/vehicle_000026.jpg,0.0002047419548034668,False
/Users/aanyasingh/Projects/imagevalidation2/data/FloodingDataset2/processed_data/binary/train/non_flood/street_clear/street_clear_000408.jpg,0.00020426511764526367,False
/Users/aanyasingh/Projects/imagevalidation2/data/FloodingDataset2/processed_data/binary/train/non_flood/park_walkway/park_walkway_000088.jpg,0.0002041459083557129,False
/Users/aanyasingh/Projects/imagevalidation2/data/FloodingDataset2/processed_data/binary/train/non_flood/building/building_000095.jpg,0.0002022385597229004,False
/Users/aanyasingh/Projects/imagevalidation2/data/FloodingDataset2/processed_data/binary/train/non_flood/vehicle/vehicle_000037.jpg,0.00020140409469604492,False
/Users/aanyasingh/Projects/imagevalidation2/data/FloodingDataset2/processed_data/binary/train/non_flood/river/river_000140.jpg,0.0002009272575378418,False
/Users/aanyasingh/Projects/imagevalidation2/data/FloodingDataset2/processed_data/binary/train/non_flood/vehicle/vehicle_000101.jpg,0.00020045042037963867,False
/Users/aanyasingh/Projects/imagevalidation2/data/FloodingDataset2/processed_data/binary/train/non_flood/vehicle/vehicle_000225.jpg,0.0001984238624572754,False
/Users/aanyasingh/Projects/imagevalidation2/data/FloodingDataset2/processed_data/binary/train/non_flood/river/river_000399.jpg,0.00019794702529907227,False
/Users/aanyasingh/Projects/imagevalidation2/data/FloodingDataset2/processed_data/binary/train/non_flood/street_clear/street_clear_000393.jpg,0.00019794702529907227,False
/Users/aanyasingh/Projects/imagevalidation2/data/FloodingDataset2/processed_data/binary/train/non_flood/park_walkway/park_walkway_000202.jpg,0.00019735097885131836,False
/Users/aanyasingh/Projects/imagevalidation2/data/FloodingDataset2/processed_data/binary/train/non_flood/park_walkway/park_walkway_000350.jpg,0.00019735097885131836,False
/Users/aanyasingh/Projects/imagevalidation2/data/FloodingDataset2/processed_data/binary/train/non_flood/vehicle/vehicle_000147.jpg,0.0001971125602722168,False
/Users/aanyasingh/Projects/imagevalidation2/data/FloodingDataset2/processed_data/binary/train/non_flood/building/building_000206.jpg,0.00019603967666625977,False
/Users/aanyasingh/Projects/imagevalidation2/data/FloodingDataset2/processed_data/binary/train/non_flood/street_clear/street_clear_000511.jpg,0.00019603967666625977,False
/Users/aanyasingh/Projects/imagevalidation2/data/FloodingDataset2/processed_data/binary/train/non_flood/animal/animal_000191.jpg,0.0001958012580871582,False
/Users/aanyasingh/Projects/imagevalidation2/data/FloodingDataset2/processed_data/binary/train/non_flood/park_walkway/park_walkway_000193.jpg,0.0001958012580871582,False
/Users/aanyasingh/Projects/imagevalidation2/data/FloodingDataset2/processed_data/binary/train/non_flood/park_walkway/park_walkway_000226.jpg,0.0001958012580871582,False
/Users/aanyasingh/Projects/imagevalidation2/data/FloodingDataset2/processed_data/binary/train/non_flood/river/river_000292.jpg,0.00019532442092895508,False
/Users/aanyasingh/Projects/imagevalidation2/data/FloodingDataset2/processed_data/binary/train/non_flood/river/river_000167.jpg,0.0001952052116394043,False
/Users/aanyasingh/Projects/imagevalidation2/data/FloodingDataset2/processed_data/binary/train/non_flood/building/building_000013.jpg,0.00019472837448120117,False
/Users/aanyasingh/Projects/imagevalidation2/data/FloodingDataset2/processed_data/binary/train/non_flood/animal/animal_000164.jpg,0.0001938939094543457,False
/Users/aanyasingh/Projects/imagevalidation2/data/FloodingDataset2/processed_data/binary/train/non_flood/street_clear/street_clear_000268.jpg,0.00019377470016479492,False
/Users/aanyasingh/Projects/imagevalidation2/data/FloodingDataset2/processed_data/binary/train/non_flood/building/building_000083.jpg,0.00019353628158569336,False
/Users/aanyasingh/Projects/imagevalidation2/data/FloodingDataset2/processed_data/binary/train/non_flood/street_clear/street_clear_000194.jpg,0.00019353628158569336,False
/Users/aanyasingh/Projects/imagevalidation2/data/FloodingDataset2/processed_data/binary/train/non_flood/plant/plant_000035.jpg,0.0001927018165588379,False
/Users/aanyasingh/Projects/imagevalidation2/data/FloodingDataset2/processed_data/binary/train/non_flood/river/river_000101.jpg,0.0001927018165588379,False
/Users/aanyasingh/Projects/imagevalidation2/data/FloodingDataset2/processed_data/binary/train/non_flood/park_walkway/park_walkway_000022.jpg,0.00019246339797973633,False
/Users/aanyasingh/Projects/imagevalidation2/data/FloodingDataset2/processed_data/binary/train/non_flood/street_clear/street_clear_000539.jpg,0.00019246339797973633,False
/Users/aanyasingh/Projects/imagevalidation2/data/FloodingDataset2/processed_data/binary/train/non_flood/building/building_000086.jpg,0.00019162893295288086,False
/Users/aanyasingh/Projects/imagevalidation2/data/FloodingDataset2/processed_data/binary/train/non_flood/plant/plant_000147.jpg,0.00018984079360961914,False
/Users/aanyasingh/Projects/imagevalidation2/data/FloodingDataset2/processed_data/binary/train/non_flood/building/building_000093.jpg,0.00018912553787231445,False
/Users/aanyasingh/Projects/imagevalidation2/data/FloodingDataset2/processed_data/binary/train/non_flood/animal/animal_000253.jpg,0.00018864870071411133,False
/Users/aanyasingh/Projects/imagevalidation2/data/FloodingDataset2/processed_data/binary/train/non_flood/building/building_000038.jpg,0.00018864870071411133,False
/Users/aanyasingh/Projects/imagevalidation2/data/FloodingDataset2/processed_data/binary/train/non_flood/animal/animal_000007.jpg,0.0001875758171081543,False
/Users/aanyasingh/Projects/imagevalidation2/data/FloodingDataset2/processed_data/binary/train/non_flood/river/river_000301.jpg,0.00018745660781860352,False
/Users/aanyasingh/Projects/imagevalidation2/data/FloodingDataset2/processed_data/binary/train/non_flood/street_clear/street_clear_000389.jpg,0.00018709897994995117,False
/Users/aanyasingh/Projects/imagevalidation2/data/FloodingDataset2/processed_data/binary/train/non_flood/vehicle/vehicle_000149.jpg,0.00018709897994995117,False
/Users/aanyasingh/Projects/imagevalidation2/data/FloodingDataset2/processed_data/binary/train/non_flood/street_clear/street_clear_000396.jpg,0.0001868605613708496,False
/Users/aanyasingh/Projects/imagevalidation2/data/FloodingDataset2/processed_data/binary/train/non_flood/street_clear/street_clear_000237.jpg,0.00018650293350219727,False
/Users/aanyasingh/Projects/imagevalidation2/data/FloodingDataset2/processed_data/binary/train/non_flood/street_clear/street_clear_000348.jpg,0.00018638372421264648,False
/Users/aanyasingh/Projects/imagevalidation2/data/FloodingDataset2/processed_data/binary/train/non_flood/street_clear/street_clear_000556.jpg,0.00018590688705444336,False
/Users/aanyasingh/Projects/imagevalidation2/data/FloodingDataset2/processed_data/binary/train/non_flood/park_walkway/park_walkway_000015.jpg,0.00018578767776489258,False
/Users/aanyasingh/Projects/imagevalidation2/data/FloodingDataset2/processed_data/binary/train/non_flood/building/building_000194.jpg,0.0001850724220275879,False
/Users/aanyasingh/Projects/imagevalidation2/data/FloodingDataset2/processed_data/binary/train/non_flood/river/river_000121.jpg,0.00018459558486938477,False
/Users/aanyasingh/Projects/imagevalidation2/data/FloodingDataset2/processed_data/binary/train/non_flood/river/river_000330.jpg,0.00018459558486938477,False
/Users/aanyasingh/Projects/imagevalidation2/data/FloodingDataset2/processed_data/binary/train/non_flood/park_walkway/park_walkway_000042.jpg,0.00018292665481567383,False
/Users/aanyasingh/Projects/imagevalidation2/data/FloodingDataset2/processed_data/binary/train/non_flood/animal/animal_000074.jpg,0.00018137693405151367,False
/Users/aanyasingh/Projects/imagevalidation2/data/FloodingDataset2/processed_data/binary/train/non_flood/animal/animal_000162.jpg,0.0001811385154724121,False
/Users/aanyasingh/Projects/imagevalidation2/data/FloodingDataset2/processed_data/binary/train/non_flood/street_clear/street_clear_000325.jpg,0.00018078088760375977,False
/Users/aanyasingh/Projects/imagevalidation2/data/FloodingDataset2/processed_data/binary/train/non_flood/animal/animal_000107.jpg,0.00018066167831420898,False
/Users/aanyasingh/Projects/imagevalidation2/data/FloodingDataset2/processed_data/binary/train/non_flood/building/building_000051.jpg,0.00018042325973510742,False
/Users/aanyasingh/Projects/imagevalidation2/data/FloodingDataset2/processed_data/binary/train/non_flood/park_walkway/park_walkway_000218.jpg,0.00018018484115600586,False
/Users/aanyasingh/Projects/imagevalidation2/data/FloodingDataset2/processed_data/binary/train/non_flood/park_walkway/park_walkway_000155.jpg,0.0001793503761291504,False
/Users/aanyasingh/Projects/imagevalidation2/data/FloodingDataset2/processed_data/binary/train/non_flood/plant/plant_000146.jpg,0.0001786351203918457,False
/Users/aanyasingh/Projects/imagevalidation2/data/FloodingDataset2/processed_data/binary/train/non_flood/vehicle/vehicle_000197.jpg,0.00017827749252319336,False
/Users/aanyasingh/Projects/imagevalidation2/data/FloodingDataset2/processed_data/binary/train/non_flood/river/river_000123.jpg,0.00017768144607543945,False
/Users/aanyasingh/Projects/imagevalidation2/data/FloodingDataset2/processed_data/binary/train/non_flood/vehicle/vehicle_000116.jpg,0.0001773238182067871,False
/Users/aanyasingh/Projects/imagevalidation2/data/FloodingDataset2/processed_data/binary/train/non_flood/vehicle/vehicle_000065.jpg,0.00017601251602172852,False
/Users/aanyasingh/Projects/imagevalidation2/data/FloodingDataset2/processed_data/binary/train/non_flood/animal/animal_000145.jpg,0.00017589330673217773,False
/Users/aanyasingh/Projects/imagevalidation2/data/FloodingDataset2/processed_data/binary/train/non_flood/park_walkway/park_walkway_000094.jpg,0.00017577409744262695,False
/Users/aanyasingh/Projects/imagevalidation2/data/FloodingDataset2/processed_data/binary/train/non_flood/vehicle/vehicle_000217.jpg,0.0001755356788635254,False
/Users/aanyasingh/Projects/imagevalidation2/data/FloodingDataset2/processed_data/binary/train/non_flood/park_walkway/park_walkway_000303.jpg,0.00017315149307250977,False
/Users/aanyasingh/Projects/imagevalidation2/data/FloodingDataset2/processed_data/binary/train/non_flood/river/river_000129.jpg,0.00017315149307250977,False
/Users/aanyasingh/Projects/imagevalidation2/data/FloodingDataset2/processed_data/binary/train/non_flood/street_clear/street_clear_000217.jpg,0.00017267465591430664,False
/Users/aanyasingh/Projects/imagevalidation2/data/FloodingDataset2/processed_data/binary/train/non_flood/vehicle/vehicle_000221.jpg,0.00017201900482177734,False
/Users/aanyasingh/Projects/imagevalidation2/data/FloodingDataset2/processed_data/binary/train/non_flood/building/building_000267.jpg,0.0001697540283203125,False
/Users/aanyasingh/Projects/imagevalidation2/data/FloodingDataset2/processed_data/binary/train/non_flood/river/river_000319.jpg,0.0001697540283203125,False
/Users/aanyasingh/Projects/imagevalidation2/data/FloodingDataset2/processed_data/binary/train/non_flood/animal/animal_000176.jpg,0.00016963481903076172,False
/Users/aanyasingh/Projects/imagevalidation2/data/FloodingDataset2/processed_data/binary/train/non_flood/park_walkway/park_walkway_000099.jpg,0.00016963481903076172,False
/Users/aanyasingh/Projects/imagevalidation2/data/FloodingDataset2/processed_data/binary/train/non_flood/vehicle/vehicle_000067.jpg,0.00016927719116210938,False
/Users/aanyasingh/Projects/imagevalidation2/data/FloodingDataset2/processed_data/binary/train/non_flood/plant/plant_000011.jpg,0.0001690387725830078,False
/Users/aanyasingh/Projects/imagevalidation2/data/FloodingDataset2/processed_data/binary/train/non_flood/street_clear/street_clear_000487.jpg,0.0001690387725830078,False
/Users/aanyasingh/Projects/imagevalidation2/data/FloodingDataset2/processed_data/binary/train/non_flood/park_walkway/park_walkway_000095.jpg,0.00016868114471435547,False
/Users/aanyasingh/Projects/imagevalidation2/data/FloodingDataset2/processed_data/binary/train/non_flood/river/river_000115.jpg,0.0001684427261352539,False
/Users/aanyasingh/Projects/imagevalidation2/data/FloodingDataset2/processed_data/binary/train/non_flood/park_walkway/park_walkway_000225.jpg,0.00016796588897705078,False
/Users/aanyasingh/Projects/imagevalidation2/data/FloodingDataset2/processed_data/binary/train/non_flood/park_walkway/park_walkway_000053.jpg,0.0001671314239501953,False
/Users/aanyasingh/Projects/imagevalidation2/data/FloodingDataset2/processed_data/binary/train/non_flood/street_clear/street_clear_000061.jpg,0.0001671314239501953,False
/Users/aanyasingh/Projects/imagevalidation2/data/FloodingDataset2/processed_data/binary/train/non_flood/park_walkway/park_walkway_000114.jpg,0.00016617774963378906,False
/Users/aanyasingh/Projects/imagevalidation2/data/FloodingDataset2/processed_data/binary/train/non_flood/vehicle/vehicle_000021.jpg,0.00016546249389648438,False
/Users/aanyasingh/Projects/imagevalidation2/data/FloodingDataset2/processed_data/binary/train/non_flood/street_clear/street_clear_000244.jpg,0.0001653432846069336,False
/Users/aanyasingh/Projects/imagevalidation2/data/FloodingDataset2/processed_data/binary/train/non_flood/park_walkway/park_walkway_000394.jpg,0.00016498565673828125,False
/Users/aanyasingh/Projects/imagevalidation2/data/FloodingDataset2/processed_data/binary/train/non_flood/vehicle/vehicle_000127.jpg,0.00016486644744873047,False
/Users/aanyasingh/Projects/imagevalidation2/data/FloodingDataset2/processed_data/binary/train/non_flood/river/river_000362.jpg,0.0001647472381591797,False
/Users/aanyasingh/Projects/imagevalidation2/data/FloodingDataset2/processed_data/binary/train/non_flood/street_clear/street_clear_000106.jpg,0.00016450881958007812,False
/Users/aanyasingh/Projects/imagevalidation2/data/FloodingDataset2/processed_data/binary/train/non_flood/street_clear/street_clear_000164.jpg,0.00016415119171142578,False
/Users/aanyasingh/Projects/imagevalidation2/data/FloodingDataset2/processed_data/binary/train/non_flood/street_clear/street_clear_000334.jpg,0.00016415119171142578,False
/Users/aanyasingh/Projects/imagevalidation2/data/FloodingDataset2/processed_data/binary/train/non_flood/animal/animal_000154.jpg,0.00016391277313232422,False
/Users/aanyasingh/Projects/imagevalidation2/data/FloodingDataset2/processed_data/binary/train/non_flood/building/building_000117.jpg,0.00016236305236816406,False
/Users/aanyasingh/Projects/imagevalidation2/data/FloodingDataset2/processed_data/binary/train/non_flood/park_walkway/park_walkway_000341.jpg,0.00016224384307861328,False
/Users/aanyasingh/Projects/imagevalidation2/data/FloodingDataset2/processed_data/binary/train/non_flood/plant/plant_000033.jpg,0.00016200542449951172,False
/Users/aanyasingh/Projects/imagevalidation2/data/FloodingDataset2/processed_data/binary/train/non_flood/animal/animal_000065.jpg,0.00016117095947265625,False
/Users/aanyasingh/Projects/imagevalidation2/data/FloodingDataset2/processed_data/binary/train/non_flood/park_walkway/park_walkway_000290.jpg,0.00016117095947265625,False
/Users/aanyasingh/Projects/imagevalidation2/data/FloodingDataset2/processed_data/binary/train/non_flood/street_clear/street_clear_000561.jpg,0.00016045570373535156,False
/Users/aanyasingh/Projects/imagevalidation2/data/FloodingDataset2/processed_data/binary/train/non_flood/park_walkway/park_walkway_000396.jpg,0.00016033649444580078,False
/Users/aanyasingh/Projects/imagevalidation2/data/FloodingDataset2/processed_data/binary/train/non_flood/swimming_pool/swimming_pool_000037.jpg,0.00016021728515625,False
/Users/aanyasingh/Projects/imagevalidation2/data/FloodingDataset2/processed_data/binary/train/non_flood/street_clear/street_clear_000416.jpg,0.00015985965728759766,False
/Users/aanyasingh/Projects/imagevalidation2/data/FloodingDataset2/processed_data/binary/train/non_flood/building/building_000081.jpg,0.0001595020294189453,False
/Users/aanyasingh/Projects/imagevalidation2/data/FloodingDataset2/processed_data/binary/train/non_flood/street_clear/street_clear_000466.jpg,0.00015938282012939453,False
/Users/aanyasingh/Projects/imagevalidation2/data/FloodingDataset2/processed_data/binary/train/non_flood/vehicle/vehicle_000060.jpg,0.00015914440155029297,False
/Users/aanyasingh/Projects/imagevalidation2/data/FloodingDataset2/processed_data/binary/train/non_flood/building/building_000135.jpg,0.0001590251922607422,False
/Users/aanyasingh/Projects/imagevalidation2/data/FloodingDataset2/processed_data/binary/train/non_flood/building/building_000009.jpg,0.0001589059829711914,False
/Users/aanyasingh/Projects/imagevalidation2/data/FloodingDataset2/processed_data/binary/train/non_flood/street_clear/street_clear_000102.jpg,0.0001589059829711914,False
/Users/aanyasingh/Projects/imagevalidation2/data/FloodingDataset2/processed_data/binary/train/non_flood/park_walkway/park_walkway_000043.jpg,0.0001583099365234375,False
/Users/aanyasingh/Projects/imagevalidation2/data/FloodingDataset2/processed_data/binary/train/non_flood/building/building_000118.jpg,0.00015795230865478516,False
/Users/aanyasingh/Projects/imagevalidation2/data/FloodingDataset2/processed_data/binary/train/non_flood/street_clear/street_clear_000265.jpg,0.00015723705291748047,False
/Users/aanyasingh/Projects/imagevalidation2/data/FloodingDataset2/processed_data/binary/train/non_flood/plant/plant_000171.jpg,0.0001569986343383789,False
/Users/aanyasingh/Projects/imagevalidation2/data/FloodingDataset2/processed_data/binary/train/non_flood/animal/animal_000269.jpg,0.00015664100646972656,False
/Users/aanyasingh/Projects/imagevalidation2/data/FloodingDataset2/processed_data/binary/train/non_flood/river/river_000203.jpg,0.00015664100646972656,False
/Users/aanyasingh/Projects/imagevalidation2/data/FloodingDataset2/processed_data/binary/train/non_flood/park_walkway/park_walkway_000006.jpg,0.00015616416931152344,False
/Users/aanyasingh/Projects/imagevalidation2/data/FloodingDataset2/processed_data/binary/train/non_flood/river/river_000246.jpg,0.00015592575073242188,False
/Users/aanyasingh/Projects/imagevalidation2/data/FloodingDataset2/processed_data/binary/train/non_flood/building/building_000133.jpg,0.0001558065414428711,False
/Users/aanyasingh/Projects/imagevalidation2/data/FloodingDataset2/processed_data/binary/train/non_flood/street_clear/street_clear_000196.jpg,0.00015556812286376953,False
/Users/aanyasingh/Projects/imagevalidation2/data/FloodingDataset2/processed_data/binary/train/non_flood/animal/animal_000267.jpg,0.00015485286712646484,False
/Users/aanyasingh/Projects/imagevalidation2/data/FloodingDataset2/processed_data/binary/train/non_flood/vehicle/vehicle_000109.jpg,0.00015485286712646484,False
/Users/aanyasingh/Projects/imagevalidation2/data/FloodingDataset2/processed_data/binary/train/non_flood/street_clear/street_clear_000481.jpg,0.00015437602996826172,False
/Users/aanyasingh/Projects/imagevalidation2/data/FloodingDataset2/processed_data/binary/train/non_flood/animal/animal_000117.jpg,0.00015401840209960938,False
/Users/aanyasingh/Projects/imagevalidation2/data/FloodingDataset2/processed_data/binary/train/non_flood/building/building_000005.jpg,0.00015401840209960938,False
/Users/aanyasingh/Projects/imagevalidation2/data/FloodingDataset2/processed_data/binary/train/non_flood/animal/animal_000021.jpg,0.0001538991928100586,False
/Users/aanyasingh/Projects/imagevalidation2/data/FloodingDataset2/processed_data/binary/train/non_flood/building/building_000028.jpg,0.00015342235565185547,False
/Users/aanyasingh/Projects/imagevalidation2/data/FloodingDataset2/processed_data/binary/train/non_flood/animal/animal_000256.jpg,0.00015306472778320312,False
/Users/aanyasingh/Projects/imagevalidation2/data/FloodingDataset2/processed_data/binary/train/non_flood/park_walkway/park_walkway_000153.jpg,0.00015270709991455078,False
/Users/aanyasingh/Projects/imagevalidation2/data/FloodingDataset2/processed_data/binary/train/non_flood/street_clear/street_clear_000438.jpg,0.00015223026275634766,False
/Users/aanyasingh/Projects/imagevalidation2/data/FloodingDataset2/processed_data/binary/train/non_flood/vehicle/vehicle_000029.jpg,0.0001513957977294922,False
/Users/aanyasingh/Projects/imagevalidation2/data/FloodingDataset2/processed_data/binary/train/non_flood/animal/animal_000207.jpg,0.00015020370483398438,False
/Users/aanyasingh/Projects/imagevalidation2/data/FloodingDataset2/processed_data/binary/train/non_flood/river/river_000361.jpg,0.0001499652862548828,False
/Users/aanyasingh/Projects/imagevalidation2/data/FloodingDataset2/processed_data/binary/train/non_flood/street_clear/street_clear_000306.jpg,0.0001493692398071289,False
/Users/aanyasingh/Projects/imagevalidation2/data/FloodingDataset2/processed_data/binary/train/non_flood/street_clear/street_clear_000468.jpg,0.00014925003051757812,False
/Users/aanyasingh/Projects/imagevalidation2/data/FloodingDataset2/processed_data/binary/train/non_flood/river/river_000347.jpg,0.00014901161193847656,False
/Users/aanyasingh/Projects/imagevalidation2/data/FloodingDataset2/processed_data/binary/train/non_flood/street_clear/street_clear_000064.jpg,0.00014901161193847656,False
/Users/aanyasingh/Projects/imagevalidation2/data/FloodingDataset2/processed_data/binary/train/non_flood/street_clear/street_clear_000462.jpg,0.00014853477478027344,False
/Users/aanyasingh/Projects/imagevalidation2/data/FloodingDataset2/processed_data/binary/train/non_flood/river/river_000241.jpg,0.00014841556549072266,False
/Users/aanyasingh/Projects/imagevalidation2/data/FloodingDataset2/processed_data/binary/train/non_flood/street_clear/street_clear_000073.jpg,0.00014770030975341797,False
/Users/aanyasingh/Projects/imagevalidation2/data/FloodingDataset2/processed_data/binary/train/non_flood/vehicle/vehicle_000075.jpg,0.00014722347259521484,False
/Users/aanyasingh/Projects/imagevalidation2/data/FloodingDataset2/processed_data/binary/train/non_flood/street_clear/street_clear_000523.jpg,0.00014662742614746094,False
/Users/aanyasingh/Projects/imagevalidation2/data/FloodingDataset2/processed_data/binary/train/non_flood/park_walkway/park_walkway_000199.jpg,0.0001462697982788086,False
/Users/aanyasingh/Projects/imagevalidation2/data/FloodingDataset2/processed_data/binary/train/non_flood/river/river_000238.jpg,0.00014591217041015625,False
/Users/aanyasingh/Projects/imagevalidation2/data/FloodingDataset2/processed_data/binary/train/non_flood/plant/plant_000060.jpg,0.0001455545425415039,False
/Users/aanyasingh/Projects/imagevalidation2/data/FloodingDataset2/processed_data/binary/train/non_flood/plant/plant_000167.jpg,0.0001455545425415039,False
/Users/aanyasingh/Projects/imagevalidation2/data/FloodingDataset2/processed_data/binary/train/non_flood/park_walkway/park_walkway_000372.jpg,0.00014448165893554688,False
/Users/aanyasingh/Projects/imagevalidation2/data/FloodingDataset2/processed_data/binary/train/non_flood/river/river_000020.jpg,0.0001443624496459961,False
/Users/aanyasingh/Projects/imagevalidation2/data/FloodingDataset2/processed_data/binary/train/non_flood/building/building_000124.jpg,0.00014340877532958984,False
/Users/aanyasingh/Projects/imagevalidation2/data/FloodingDataset2/processed_data/binary/train/non_flood/building/building_000264.jpg,0.00014317035675048828,False
/Users/aanyasingh/Projects/imagevalidation2/data/FloodingDataset2/processed_data/binary/train/non_flood/river/river_000249.jpg,0.0001424551010131836,False
/Users/aanyasingh/Projects/imagevalidation2/data/FloodingDataset2/processed_data/binary/train/non_flood/park_walkway/park_walkway_000183.jpg,0.00014221668243408203,False
/Users/aanyasingh/Projects/imagevalidation2/data/FloodingDataset2/processed_data/binary/train/non_flood/park_walkway/park_walkway_000232.jpg,0.0001417398452758789,False
/Users/aanyasingh/Projects/imagevalidation2/data/FloodingDataset2/processed_data/binary/train/non_flood/street_clear/street_clear_000018.jpg,0.00014150142669677734,False
/Users/aanyasingh/Projects/imagevalidation2/data/FloodingDataset2/processed_data/binary/train/non_flood/plant/plant_000113.jpg,0.00014090538024902344,False
/Users/aanyasingh/Projects/imagevalidation2/data/FloodingDataset2/processed_data/binary/train/non_flood/street_clear/street_clear_000078.jpg,0.00014090538024902344,False
/Users/aanyasingh/Projects/imagevalidation2/data/FloodingDataset2/processed_data/binary/train/non_flood/animal/animal_000054.jpg,0.0001404285430908203,False
/Users/aanyasingh/Projects/imagevalidation2/data/FloodingDataset2/processed_data/binary/train/non_flood/building/building_000138.jpg,0.0001404285430908203,False
/Users/aanyasingh/Projects/imagevalidation2/data/FloodingDataset2/processed_data/binary/train/non_flood/park_walkway/park_walkway_000191.jpg,0.00013935565948486328,False
/Users/aanyasingh/Projects/imagevalidation2/data/FloodingDataset2/processed_data/binary/train/non_flood/street_clear/street_clear_000580.jpg,0.0001392364501953125,False
/Users/aanyasingh/Projects/imagevalidation2/data/FloodingDataset2/processed_data/binary/train/non_flood/swimming_pool/swimming_pool_000094.jpg,0.00013899803161621094,False
/Users/aanyasingh/Projects/imagevalidation2/data/FloodingDataset2/processed_data/binary/train/non_flood/building/building_000246.jpg,0.00013875961303710938,False
/Users/aanyasingh/Projects/imagevalidation2/data/FloodingDataset2/processed_data/binary/train/non_flood/park_walkway/park_walkway_000178.jpg,0.00013875961303710938,False
/Users/aanyasingh/Projects/imagevalidation2/data/FloodingDataset2/processed_data/binary/train/non_flood/river/river_000306.jpg,0.00013828277587890625,False
/Users/aanyasingh/Projects/imagevalidation2/data/FloodingDataset2/processed_data/binary/train/non_flood/park_walkway/park_walkway_000209.jpg,0.0001379251480102539,False
/Users/aanyasingh/Projects/imagevalidation2/data/FloodingDataset2/processed_data/binary/train/non_flood/river/river_000143.jpg,0.00013768672943115234,False
/Users/aanyasingh/Projects/imagevalidation2/data/FloodingDataset2/processed_data/binary/train/non_flood/building/building_000205.jpg,0.00013709068298339844,False
/Users/aanyasingh/Projects/imagevalidation2/data/FloodingDataset2/processed_data/binary/train/non_flood/plant/plant_000013.jpg,0.00013685226440429688,False
/Users/aanyasingh/Projects/imagevalidation2/data/FloodingDataset2/processed_data/binary/train/non_flood/animal/animal_000294.jpg,0.00013625621795654297,False
/Users/aanyasingh/Projects/imagevalidation2/data/FloodingDataset2/processed_data/binary/train/non_flood/street_clear/street_clear_000139.jpg,0.00013625621795654297,False
/Users/aanyasingh/Projects/imagevalidation2/data/FloodingDataset2/processed_data/binary/train/non_flood/park_walkway/park_walkway_000063.jpg,0.00013577938079833984,False
/Users/aanyasingh/Projects/imagevalidation2/data/FloodingDataset2/processed_data/binary/train/non_flood/building/building_000063.jpg,0.00013554096221923828,False
/Users/aanyasingh/Projects/imagevalidation2/data/FloodingDataset2/processed_data/binary/train/non_flood/park_walkway/park_walkway_000182.jpg,0.0001348257064819336,False
/Users/aanyasingh/Projects/imagevalidation2/data/FloodingDataset2/processed_data/binary/train/non_flood/park_walkway/park_walkway_000137.jpg,0.00013446807861328125,False
/Users/aanyasingh/Projects/imagevalidation2/data/FloodingDataset2/processed_data/binary/train/non_flood/vehicle/vehicle_000057.jpg,0.00013446807861328125,False
/Users/aanyasingh/Projects/imagevalidation2/data/FloodingDataset2/processed_data/binary/train/non_flood/street_clear/street_clear_000310.jpg,0.00013375282287597656,False
/Users/aanyasingh/Projects/imagevalidation2/data/FloodingDataset2/processed_data/binary/train/non_flood/swimming_pool/swimming_pool_000003.jpg,0.00013375282287597656,False
/Users/aanyasingh/Projects/imagevalidation2/data/FloodingDataset2/processed_data/binary/train/non_flood/park_walkway/park_walkway_000007.jpg,0.000133514404296875,False
/Users/aanyasingh/Projects/imagevalidation2/data/FloodingDataset2/processed_data/binary/train/non_flood/street_clear/street_clear_000353.jpg,0.00013339519500732422,False
/Users/aanyasingh/Projects/imagevalidation2/data/FloodingDataset2/processed_data/binary/train/non_flood/street_clear/street_clear_000074.jpg,0.00013315677642822266,False
/Users/aanyasingh/Projects/imagevalidation2/data/FloodingDataset2/processed_data/binary/train/non_flood/animal/animal_000137.jpg,0.0001327991485595703,False
/Users/aanyasingh/Projects/imagevalidation2/data/FloodingDataset2/processed_data/binary/train/non_flood/animal/animal_000047.jpg,0.00013267993927001953,False
/Users/aanyasingh/Projects/imagevalidation2/data/FloodingDataset2/processed_data/binary/train/non_flood/park_walkway/park_walkway_000014.jpg,0.00013256072998046875,False
/Users/aanyasingh/Projects/imagevalidation2/data/FloodingDataset2/processed_data/binary/train/non_flood/street_clear/street_clear_000450.jpg,0.00013196468353271484,False
/Users/aanyasingh/Projects/imagevalidation2/data/FloodingDataset2/processed_data/binary/train/non_flood/street_clear/street_clear_000080.jpg,0.00013077259063720703,False
/Users/aanyasingh/Projects/imagevalidation2/data/FloodingDataset2/processed_data/binary/train/non_flood/animal/animal_000243.jpg,0.00013065338134765625,False
/Users/aanyasingh/Projects/imagevalidation2/data/FloodingDataset2/processed_data/binary/train/non_flood/animal/animal_000084.jpg,0.00013053417205810547,False
/Users/aanyasingh/Projects/imagevalidation2/data/FloodingDataset2/processed_data/binary/train/non_flood/street_clear/street_clear_000081.jpg,0.00013053417205810547,False
/Users/aanyasingh/Projects/imagevalidation2/data/FloodingDataset2/processed_data/binary/train/non_flood/animal/animal_000067.jpg,0.00013017654418945312,False
/Users/aanyasingh/Projects/imagevalidation2/data/FloodingDataset2/processed_data/binary/train/non_flood/river/river_000234.jpg,0.00013005733489990234,False
/Users/aanyasingh/Projects/imagevalidation2/data/FloodingDataset2/processed_data/binary/train/non_flood/vehicle/vehicle_000191.jpg,0.00012922286987304688,False
/Users/aanyasingh/Projects/imagevalidation2/data/FloodingDataset2/processed_data/binary/train/non_flood/vehicle/vehicle_000213.jpg,0.00012886524200439453,False
/Users/aanyasingh/Projects/imagevalidation2/data/FloodingDataset2/processed_data/binary/train/non_flood/animal/animal_000293.jpg,0.0001283884048461914,False
/Users/aanyasingh/Projects/imagevalidation2/data/FloodingDataset2/processed_data/binary/train/non_flood/plant/plant_000070.jpg,0.0001283884048461914,False
/Users/aanyasingh/Projects/imagevalidation2/data/FloodingDataset2/processed_data/binary/train/non_flood/animal/animal_000087.jpg,0.00012791156768798828,False
/Users/aanyasingh/Projects/imagevalidation2/data/FloodingDataset2/processed_data/binary/train/non_flood/vehicle/vehicle_000194.jpg,0.0001277923583984375,False
/Users/aanyasingh/Projects/imagevalidation2/data/FloodingDataset2/processed_data/binary/train/non_flood/animal/animal_000027.jpg,0.00012695789337158203,False
/Users/aanyasingh/Projects/imagevalidation2/data/FloodingDataset2/processed_data/binary/train/non_flood/animal/animal_000178.jpg,0.00012552738189697266,False
/Users/aanyasingh/Projects/imagevalidation2/data/FloodingDataset2/processed_data/binary/train/non_flood/animal/animal_000165.jpg,0.00012540817260742188,False
/Users/aanyasingh/Projects/imagevalidation2/data/FloodingDataset2/processed_data/binary/train/non_flood/park_walkway/park_walkway_000387.jpg,0.0001251697540283203,False
/Users/aanyasingh/Projects/imagevalidation2/data/FloodingDataset2/processed_data/binary/train/non_flood/street_clear/street_clear_000119.jpg,0.00012493133544921875,False
/Users/aanyasingh/Projects/imagevalidation2/data/FloodingDataset2/processed_data/binary/train/non_flood/park_walkway/park_walkway_000028.jpg,0.00012481212615966797,False
/Users/aanyasingh/Projects/imagevalidation2/data/FloodingDataset2/processed_data/binary/train/non_flood/park_walkway/park_walkway_000264.jpg,0.0001246929168701172,False
/Users/aanyasingh/Projects/imagevalidation2/data/FloodingDataset2/processed_data/binary/train/non_flood/vehicle/vehicle_000102.jpg,0.0001246929168701172,False
/Users/aanyasingh/Projects/imagevalidation2/data/FloodingDataset2/processed_data/binary/train/non_flood/animal/animal_000224.jpg,0.0001239776611328125,False
/Users/aanyasingh/Projects/imagevalidation2/data/FloodingDataset2/processed_data/binary/train/non_flood/building/building_000017.jpg,0.0001239776611328125,False
/Users/aanyasingh/Projects/imagevalidation2/data/FloodingDataset2/processed_data/binary/train/non_flood/building/building_000100.jpg,0.00012385845184326172,False
/Users/aanyasingh/Projects/imagevalidation2/data/FloodingDataset2/processed_data/binary/train/non_flood/street_clear/street_clear_000427.jpg,0.0001233816146850586,False
/Users/aanyasingh/Projects/imagevalidation2/data/FloodingDataset2/processed_data/binary/train/non_flood/swimming_pool/swimming_pool_000064.jpg,0.0001233816146850586,False
/Users/aanyasingh/Projects/imagevalidation2/data/FloodingDataset2/processed_data/binary/train/non_flood/street_clear/street_clear_000417.jpg,0.00012314319610595703,False
/Users/aanyasingh/Projects/imagevalidation2/data/FloodingDataset2/processed_data/binary/train/non_flood/street_clear/street_clear_000532.jpg,0.00012302398681640625,False
/Users/aanyasingh/Projects/imagevalidation2/data/FloodingDataset2/processed_data/binary/train/non_flood/building/building_000201.jpg,0.00012290477752685547,False
/Users/aanyasingh/Projects/imagevalidation2/data/FloodingDataset2/processed_data/binary/train/non_flood/vehicle/vehicle_000228.jpg,0.00012242794036865234,False
/Users/aanyasingh/Projects/imagevalidation2/data/FloodingDataset2/processed_data/binary/train/non_flood/building/building_000154.jpg,0.0001214742660522461,False
/Users/aanyasingh/Projects/imagevalidation2/data/FloodingDataset2/processed_data/binary/train/non_flood/vehicle/vehicle_000059.jpg,0.0001214742660522461,False
/Users/aanyasingh/Projects/imagevalidation2/data/FloodingDataset2/processed_data/binary/train/non_flood/building/building_000022.jpg,0.00012111663818359375,False
/Users/aanyasingh/Projects/imagevalidation2/data/FloodingDataset2/processed_data/binary/train/non_flood/animal/animal_000237.jpg,0.00012052059173583984,False
/Users/aanyasingh/Projects/imagevalidation2/data/FloodingDataset2/processed_data/binary/train/non_flood/animal/animal_000129.jpg,0.00012028217315673828,False
/Users/aanyasingh/Projects/imagevalidation2/data/FloodingDataset2/processed_data/binary/train/non_flood/street_clear/street_clear_000030.jpg,0.00011944770812988281,False
/Users/aanyasingh/Projects/imagevalidation2/data/FloodingDataset2/processed_data/binary/train/non_flood/park_walkway/park_walkway_000188.jpg,0.0001188516616821289,False
/Users/aanyasingh/Projects/imagevalidation2/data/FloodingDataset2/processed_data/binary/train/non_flood/park_walkway/park_walkway_000023.jpg,0.00011873245239257812,False
/Users/aanyasingh/Projects/imagevalidation2/data/FloodingDataset2/processed_data/binary/train/non_flood/animal/animal_000016.jpg,0.00011861324310302734,False
/Users/aanyasingh/Projects/imagevalidation2/data/FloodingDataset2/processed_data/binary/train/non_flood/animal/animal_000219.jpg,0.00011849403381347656,False
/Users/aanyasingh/Projects/imagevalidation2/data/FloodingDataset2/processed_data/binary/train/non_flood/building/building_000273.jpg,0.00011849403381347656,False
/Users/aanyasingh/Projects/imagevalidation2/data/FloodingDataset2/processed_data/binary/train/non_flood/park_walkway/park_walkway_000227.jpg,0.00011813640594482422,False
/Users/aanyasingh/Projects/imagevalidation2/data/FloodingDataset2/processed_data/binary/train/non_flood/vehicle/vehicle_000099.jpg,0.00011813640594482422,False
/Users/aanyasingh/Projects/imagevalidation2/data/FloodingDataset2/processed_data/binary/train/non_flood/building/building_000087.jpg,0.00011801719665527344,False
/Users/aanyasingh/Projects/imagevalidation2/data/FloodingDataset2/processed_data/binary/train/non_flood/animal/animal_000172.jpg,0.00011789798736572266,False
/Users/aanyasingh/Projects/imagevalidation2/data/FloodingDataset2/processed_data/binary/train/non_flood/building/building_000110.jpg,0.00011777877807617188,False
/Users/aanyasingh/Projects/imagevalidation2/data/FloodingDataset2/processed_data/binary/train/non_flood/plant/plant_000023.jpg,0.00011777877807617188,False
/Users/aanyasingh/Projects/imagevalidation2/data/FloodingDataset2/processed_data/binary/train/non_flood/plant/plant_000053.jpg,0.00011718273162841797,False
/Users/aanyasingh/Projects/imagevalidation2/data/FloodingDataset2/processed_data/binary/train/non_flood/building/building_000276.jpg,0.00011682510375976562,False
/Users/aanyasingh/Projects/imagevalidation2/data/FloodingDataset2/processed_data/binary/train/non_flood/park_walkway/park_walkway_000340.jpg,0.00011670589447021484,False
/Users/aanyasingh/Projects/imagevalidation2/data/FloodingDataset2/processed_data/binary/train/non_flood/park_walkway/park_walkway_000219.jpg,0.00011658668518066406,False
/Users/aanyasingh/Projects/imagevalidation2/data/FloodingDataset2/processed_data/binary/train/non_flood/swimming_pool/swimming_pool_000085.jpg,0.00011587142944335938,False
/Users/aanyasingh/Projects/imagevalidation2/data/FloodingDataset2/processed_data/binary/train/non_flood/vehicle/vehicle_000208.jpg,0.00011587142944335938,False
/Users/aanyasingh/Projects/imagevalidation2/data/FloodingDataset2/processed_data/binary/train/non_flood/river/river_000207.jpg,0.00011551380157470703,False
/Users/aanyasingh/Projects/imagevalidation2/data/FloodingDataset2/processed_data/binary/train/non_flood/park_walkway/park_walkway_000091.jpg,0.00011539459228515625,False
/Users/aanyasingh/Projects/imagevalidation2/data/FloodingDataset2/processed_data/binary/train/non_flood/building/building_000193.jpg,0.00011515617370605469,False
/Users/aanyasingh/Projects/imagevalidation2/data/FloodingDataset2/processed_data/binary/train/non_flood/park_walkway/park_walkway_000122.jpg,0.00011515617370605469,False
/Users/aanyasingh/Projects/imagevalidation2/data/FloodingDataset2/processed_data/binary/train/non_flood/park_walkway/park_walkway_000265.jpg,0.00011515617370605469,False
/Users/aanyasingh/Projects/imagevalidation2/data/FloodingDataset2/processed_data/binary/train/non_flood/street_clear/street_clear_000044.jpg,0.0001150369644165039,False
/Users/aanyasingh/Projects/imagevalidation2/data/FloodingDataset2/processed_data/binary/train/non_flood/vehicle/vehicle_000218.jpg,0.00011467933654785156,False
/Users/aanyasingh/Projects/imagevalidation2/data/FloodingDataset2/processed_data/binary/train/non_flood/park_walkway/park_walkway_000406.jpg,0.00011408329010009766,False
/Users/aanyasingh/Projects/imagevalidation2/data/FloodingDataset2/processed_data/binary/train/non_flood/street_clear/street_clear_000309.jpg,0.00011396408081054688,False
/Users/aanyasingh/Projects/imagevalidation2/data/FloodingDataset2/processed_data/binary/train/non_flood/animal/animal_000238.jpg,0.00011372566223144531,False
/Users/aanyasingh/Projects/imagevalidation2/data/FloodingDataset2/processed_data/binary/train/non_flood/street_clear/street_clear_000143.jpg,0.00011360645294189453,False
/Users/aanyasingh/Projects/imagevalidation2/data/FloodingDataset2/processed_data/binary/train/non_flood/street_clear/street_clear_000535.jpg,0.00011336803436279297,False
/Users/aanyasingh/Projects/imagevalidation2/data/FloodingDataset2/processed_data/binary/train/non_flood/vehicle/vehicle_000005.jpg,0.0001131296157836914,False
/Users/aanyasingh/Projects/imagevalidation2/data/FloodingDataset2/processed_data/binary/train/non_flood/building/building_000092.jpg,0.00011301040649414062,False
/Users/aanyasingh/Projects/imagevalidation2/data/FloodingDataset2/processed_data/binary/train/non_flood/building/building_000240.jpg,0.00011289119720458984,False
/Users/aanyasingh/Projects/imagevalidation2/data/FloodingDataset2/processed_data/binary/train/non_flood/vehicle/vehicle_000027.jpg,0.00011277198791503906,False
/Users/aanyasingh/Projects/imagevalidation2/data/FloodingDataset2/processed_data/binary/train/non_flood/street_clear/street_clear_000406.jpg,0.00011241436004638672,False
/Users/aanyasingh/Projects/imagevalidation2/data/FloodingDataset2/processed_data/binary/train/non_flood/street_clear/street_clear_000529.jpg,0.00011229515075683594,False
/Users/aanyasingh/Projects/imagevalidation2/data/FloodingDataset2/processed_data/binary/train/non_flood/street_clear/street_clear_000174.jpg,0.00011169910430908203,False
/Users/aanyasingh/Projects/imagevalidation2/data/FloodingDataset2/processed_data/binary/train/non_flood/street_clear/street_clear_000365.jpg,0.00011169910430908203,False
/Users/aanyasingh/Projects/imagevalidation2/data/FloodingDataset2/processed_data/binary/train/non_flood/street_clear/street_clear_000320.jpg,0.00011146068572998047,False
/Users/aanyasingh/Projects/imagevalidation2/data/FloodingDataset2/processed_data/binary/train/non_flood/street_clear/street_clear_000280.jpg,0.00011134147644042969,False
/Users/aanyasingh/Projects/imagevalidation2/data/FloodingDataset2/processed_data/binary/train/non_flood/river/river_000371.jpg,0.00011110305786132812,False
/Users/aanyasingh/Projects/imagevalidation2/data/FloodingDataset2/processed_data/binary/train/non_flood/park_walkway/park_walkway_000299.jpg,0.000110626220703125,False
/Users/aanyasingh/Projects/imagevalidation2/data/FloodingDataset2/processed_data/binary/train/non_flood/vehicle/vehicle_000044.jpg,0.00011038780212402344,False
/Users/aanyasingh/Projects/imagevalidation2/data/FloodingDataset2/processed_data/binary/train/non_flood/park_walkway/park_walkway_000148.jpg,0.00011014938354492188,False
/Users/aanyasingh/Projects/imagevalidation2/data/FloodingDataset2/processed_data/binary/train/non_flood/building/building_000024.jpg,0.00010979175567626953,False
/Users/aanyasingh/Projects/imagevalidation2/data/FloodingDataset2/processed_data/binary/train/non_flood/vehicle/vehicle_000107.jpg,0.00010955333709716797,False
/Users/aanyasingh/Projects/imagevalidation2/data/FloodingDataset2/processed_data/binary/train/non_flood/building/building_000121.jpg,0.00010943412780761719,False
/Users/aanyasingh/Projects/imagevalidation2/data/FloodingDataset2/processed_data/binary/train/non_flood/river/river_000162.jpg,0.00010943412780761719,False
/Users/aanyasingh/Projects/imagevalidation2/data/FloodingDataset2/processed_data/binary/train/non_flood/animal/animal_000274.jpg,0.0001093149185180664,False
/Users/aanyasingh/Projects/imagevalidation2/data/FloodingDataset2/processed_data/binary/train/non_flood/building/building_000049.jpg,0.00010907649993896484,False
/Users/aanyasingh/Projects/imagevalidation2/data/FloodingDataset2/processed_data/binary/train/non_flood/park_walkway/park_walkway_000083.jpg,0.0001087188720703125,False
/Users/aanyasingh/Projects/imagevalidation2/data/FloodingDataset2/processed_data/binary/train/non_flood/animal/animal_000006.jpg,0.00010776519775390625,False
/Users/aanyasingh/Projects/imagevalidation2/data/FloodingDataset2/processed_data/binary/train/non_flood/plant/plant_000143.jpg,0.00010752677917480469,False
/Users/aanyasingh/Projects/imagevalidation2/data/FloodingDataset2/processed_data/binary/train/non_flood/river/river_000165.jpg,0.00010716915130615234,False
/Users/aanyasingh/Projects/imagevalidation2/data/FloodingDataset2/processed_data/binary/train/non_flood/river/river_000354.jpg,0.00010704994201660156,False
/Users/aanyasingh/Projects/imagevalidation2/data/FloodingDataset2/processed_data/binary/train/non_flood/street_clear/street_clear_000489.jpg,0.00010669231414794922,False
/Users/aanyasingh/Projects/imagevalidation2/data/FloodingDataset2/processed_data/binary/train/non_flood/river/river_000202.jpg,0.00010657310485839844,False
/Users/aanyasingh/Projects/imagevalidation2/data/FloodingDataset2/processed_data/binary/train/non_flood/park_walkway/park_walkway_000373.jpg,0.0001062154769897461,False
/Users/aanyasingh/Projects/imagevalidation2/data/FloodingDataset2/processed_data/binary/train/non_flood/plant/plant_000107.jpg,0.00010609626770019531,False
/Users/aanyasingh/Projects/imagevalidation2/data/FloodingDataset2/processed_data/binary/train/non_flood/park_walkway/park_walkway_000198.jpg,0.00010597705841064453,False
/Users/aanyasingh/Projects/imagevalidation2/data/FloodingDataset2/processed_data/binary/train/non_flood/park_walkway/park_walkway_000159.jpg,0.00010538101196289062,False
/Users/aanyasingh/Projects/imagevalidation2/data/FloodingDataset2/processed_data/binary/train/non_flood/park_walkway/park_walkway_000179.jpg,0.00010526180267333984,False
/Users/aanyasingh/Projects/imagevalidation2/data/FloodingDataset2/processed_data/binary/train/non_flood/street_clear/street_clear_000067.jpg,0.00010526180267333984,False
/Users/aanyasingh/Projects/imagevalidation2/data/FloodingDataset2/processed_data/binary/train/non_flood/park_walkway/park_walkway_000348.jpg,0.00010514259338378906,False
/Users/aanyasingh/Projects/imagevalidation2/data/FloodingDataset2/processed_data/binary/train/non_flood/street_clear/street_clear_000182.jpg,0.00010502338409423828,False
/Users/aanyasingh/Projects/imagevalidation2/data/FloodingDataset2/processed_data/binary/train/non_flood/street_clear/street_clear_000045.jpg,0.00010478496551513672,False
/Users/aanyasingh/Projects/imagevalidation2/data/FloodingDataset2/processed_data/binary/train/non_flood/park_walkway/park_walkway_000383.jpg,0.00010418891906738281,False
/Users/aanyasingh/Projects/imagevalidation2/data/FloodingDataset2/processed_data/binary/train/non_flood/swimming_pool/swimming_pool_000054.jpg,0.00010395050048828125,False
/Users/aanyasingh/Projects/imagevalidation2/data/FloodingDataset2/processed_data/binary/train/non_flood/street_clear/street_clear_000399.jpg,0.00010347366333007812,False
/Users/aanyasingh/Projects/imagevalidation2/data/FloodingDataset2/processed_data/binary/train/non_flood/park_walkway/park_walkway_000359.jpg,0.00010323524475097656,False
/Users/aanyasingh/Projects/imagevalidation2/data/FloodingDataset2/processed_data/binary/train/non_flood/plant/plant_000017.jpg,0.00010216236114501953,False
/Users/aanyasingh/Projects/imagevalidation2/data/FloodingDataset2/processed_data/binary/train/non_flood/park_walkway/park_walkway_000208.jpg,0.00010180473327636719,False
/Users/aanyasingh/Projects/imagevalidation2/data/FloodingDataset2/processed_data/binary/train/non_flood/street_clear/street_clear_000407.jpg,0.0001016855239868164,False
/Users/aanyasingh/Projects/imagevalidation2/data/FloodingDataset2/processed_data/binary/train/non_flood/vehicle/vehicle_000121.jpg,0.0001016855239868164,False
/Users/aanyasingh/Projects/imagevalidation2/data/FloodingDataset2/processed_data/binary/train/non_flood/street_clear/street_clear_000258.jpg,0.0001010894775390625,False
/Users/aanyasingh/Projects/imagevalidation2/data/FloodingDataset2/processed_data/binary/train/non_flood/street_clear/street_clear_000160.jpg,0.0001004934310913086,False
/Users/aanyasingh/Projects/imagevalidation2/data/FloodingDataset2/processed_data/binary/train/non_flood/plant/plant_000052.jpg,0.00010037422180175781,False
/Users/aanyasingh/Projects/imagevalidation2/data/FloodingDataset2/processed_data/binary/train/non_flood/vehicle/vehicle_000172.jpg,0.00010013580322265625,False
/Users/aanyasingh/Projects/imagevalidation2/data/FloodingDataset2/processed_data/binary/train/non_flood/vehicle/vehicle_000230.jpg,0.00010013580322265625,False
/Users/aanyasingh/Projects/imagevalidation2/data/FloodingDataset2/processed_data/binary/train/non_flood/park_walkway/park_walkway_000131.jpg,9.989738464355469e-05,False
/Users/aanyasingh/Projects/imagevalidation2/data/FloodingDataset2/processed_data/binary/train/non_flood/swimming_pool/swimming_pool_000021.jpg,9.942054748535156e-05,False
/Users/aanyasingh/Projects/imagevalidation2/data/FloodingDataset2/processed_data/binary/train/non_flood/street_clear/street_clear_000323.jpg,9.894371032714844e-05,False
/Users/aanyasingh/Projects/imagevalidation2/data/FloodingDataset2/processed_data/binary/train/non_flood/animal/animal_000033.jpg,9.834766387939453e-05,False
/Users/aanyasingh/Projects/imagevalidation2/data/FloodingDataset2/processed_data/binary/train/non_flood/plant/plant_000156.jpg,9.822845458984375e-05,False
/Users/aanyasingh/Projects/imagevalidation2/data/FloodingDataset2/processed_data/binary/train/non_flood/river/river_000056.jpg,9.810924530029297e-05,False
/Users/aanyasingh/Projects/imagevalidation2/data/FloodingDataset2/processed_data/binary/train/non_flood/river/river_000175.jpg,9.799003601074219e-05,False
/Users/aanyasingh/Projects/imagevalidation2/data/FloodingDataset2/processed_data/binary/train/non_flood/animal/animal_000104.jpg,9.72747802734375e-05,False
/Users/aanyasingh/Projects/imagevalidation2/data/FloodingDataset2/processed_data/binary/train/non_flood/park_walkway/park_walkway_000200.jpg,9.715557098388672e-05,False
/Users/aanyasingh/Projects/imagevalidation2/data/FloodingDataset2/processed_data/binary/train/non_flood/park_walkway/park_walkway_000009.jpg,9.703636169433594e-05,False
/Users/aanyasingh/Projects/imagevalidation2/data/FloodingDataset2/processed_data/binary/train/non_flood/park_walkway/park_walkway_000362.jpg,9.703636169433594e-05,False
/Users/aanyasingh/Projects/imagevalidation2/data/FloodingDataset2/processed_data/binary/train/non_flood/park_walkway/park_walkway_000160.jpg,9.691715240478516e-05,False
/Users/aanyasingh/Projects/imagevalidation2/data/FloodingDataset2/processed_data/binary/train/non_flood/building/building_000208.jpg,9.632110595703125e-05,False
/Users/aanyasingh/Projects/imagevalidation2/data/FloodingDataset2/processed_data/binary/train/non_flood/park_walkway/park_walkway_000295.jpg,9.620189666748047e-05,False
/Users/aanyasingh/Projects/imagevalidation2/data/FloodingDataset2/processed_data/binary/train/non_flood/vehicle/vehicle_000210.jpg,9.584426879882812e-05,False
/Users/aanyasingh/Projects/imagevalidation2/data/FloodingDataset2/processed_data/binary/train/non_flood/street_clear/street_clear_000552.jpg,9.548664093017578e-05,False
/Users/aanyasingh/Projects/imagevalidation2/data/FloodingDataset2/processed_data/binary/train/non_flood/street_clear/street_clear_000114.jpg,9.5367431640625e-05,False
/Users/aanyasingh/Projects/imagevalidation2/data/FloodingDataset2/processed_data/binary/train/non_flood/vehicle/vehicle_000162.jpg,9.524822235107422e-05,False
/Users/aanyasingh/Projects/imagevalidation2/data/FloodingDataset2/processed_data/binary/train/non_flood/river/river_000270.jpg,9.512901306152344e-05,False
/Users/aanyasingh/Projects/imagevalidation2/data/FloodingDataset2/processed_data/binary/train/non_flood/animal/animal_000119.jpg,9.441375732421875e-05,False
/Users/aanyasingh/Projects/imagevalidation2/data/FloodingDataset2/processed_data/binary/train/non_flood/plant/plant_000032.jpg,9.429454803466797e-05,False
/Users/aanyasingh/Projects/imagevalidation2/data/FloodingDataset2/processed_data/binary/train/non_flood/swimming_pool/swimming_pool_000032.jpg,9.417533874511719e-05,False
/Users/aanyasingh/Projects/imagevalidation2/data/FloodingDataset2/processed_data/binary/train/non_flood/vehicle/vehicle_000238.jpg,9.393692016601562e-05,False
/Users/aanyasingh/Projects/imagevalidation2/data/FloodingDataset2/processed_data/binary/train/non_flood/vehicle/vehicle_000168.jpg,9.369850158691406e-05,False
/Users/aanyasingh/Projects/imagevalidation2/data/FloodingDataset2/processed_data/binary/train/non_flood/vehicle/vehicle_000083.jpg,9.357929229736328e-05,False
/Users/aanyasingh/Projects/imagevalidation2/data/FloodingDataset2/processed_data/binary/train/non_flood/street_clear/street_clear_000109.jpg,9.34600830078125e-05,False
/Users/aanyasingh/Projects/imagevalidation2/data/FloodingDataset2/processed_data/binary/train/non_flood/park_walkway/park_walkway_000001.jpg,9.322166442871094e-05,False
/Users/aanyasingh/Projects/imagevalidation2/data/FloodingDataset2/processed_data/binary/train/non_flood/park_walkway/park_walkway_000392.jpg,9.274482727050781e-05,False
/Users/aanyasingh/Projects/imagevalidation2/data/FloodingDataset2/processed_data/binary/train/non_flood/vehicle/vehicle_000105.jpg,9.274482727050781e-05,False
/Users/aanyasingh/Projects/imagevalidation2/data/FloodingDataset2/processed_data/binary/train/non_flood/street_clear/street_clear_000278.jpg,9.262561798095703e-05,False
/Users/aanyasingh/Projects/imagevalidation2/data/FloodingDataset2/processed_data/binary/train/non_flood/river/river_000225.jpg,9.202957153320312e-05,False
/Users/aanyasingh/Projects/imagevalidation2/data/FloodingDataset2/processed_data/binary/train/non_flood/plant/plant_000145.jpg,9.167194366455078e-05,False
/Users/aanyasingh/Projects/imagevalidation2/data/FloodingDataset2/processed_data/binary/train/non_flood/street_clear/street_clear_000241.jpg,9.167194366455078e-05,False
/Users/aanyasingh/Projects/imagevalidation2/data/FloodingDataset2/processed_data/binary/train/non_flood/street_clear/street_clear_000261.jpg,9.167194366455078e-05,False
/Users/aanyasingh/Projects/imagevalidation2/data/FloodingDataset2/processed_data/binary/train/non_flood/vehicle/vehicle_000028.jpg,9.107589721679688e-05,False
/Users/aanyasingh/Projects/imagevalidation2/data/FloodingDataset2/processed_data/binary/train/non_flood/animal/animal_000019.jpg,9.012222290039062e-05,False
/Users/aanyasingh/Projects/imagevalidation2/data/FloodingDataset2/processed_data/binary/train/non_flood/street_clear/street_clear_000084.jpg,9.000301361083984e-05,False
/Users/aanyasingh/Projects/imagevalidation2/data/FloodingDataset2/processed_data/binary/train/non_flood/street_clear/street_clear_000163.jpg,8.952617645263672e-05,False
/Users/aanyasingh/Projects/imagevalidation2/data/FloodingDataset2/processed_data/binary/train/non_flood/building/building_000034.jpg,8.893013000488281e-05,False
/Users/aanyasingh/Projects/imagevalidation2/data/FloodingDataset2/processed_data/binary/train/non_flood/park_walkway/park_walkway_000130.jpg,8.881092071533203e-05,False
/Users/aanyasingh/Projects/imagevalidation2/data/FloodingDataset2/processed_data/binary/train/non_flood/street_clear/street_clear_000301.jpg,8.857250213623047e-05,False
/Users/aanyasingh/Projects/imagevalidation2/data/FloodingDataset2/processed_data/binary/train/non_flood/animal/animal_000239.jpg,8.83340835571289e-05,False
/Users/aanyasingh/Projects/imagevalidation2/data/FloodingDataset2/processed_data/binary/train/non_flood/river/river_000090.jpg,8.821487426757812e-05,False
/Users/aanyasingh/Projects/imagevalidation2/data/FloodingDataset2/processed_data/binary/train/non_flood/street_clear/street_clear_000541.jpg,8.821487426757812e-05,False
/Users/aanyasingh/Projects/imagevalidation2/data/FloodingDataset2/processed_data/binary/train/non_flood/park_walkway/park_walkway_000233.jpg,8.797645568847656e-05,False
/Users/aanyasingh/Projects/imagevalidation2/data/FloodingDataset2/processed_data/binary/train/non_flood/park_walkway/park_walkway_000277.jpg,8.797645568847656e-05,False
/Users/aanyasingh/Projects/imagevalidation2/data/FloodingDataset2/processed_data/binary/train/non_flood/building/building_000191.jpg,8.785724639892578e-05,False
/Users/aanyasingh/Projects/imagevalidation2/data/FloodingDataset2/processed_data/binary/train/non_flood/plant/plant_000129.jpg,8.785724639892578e-05,False
/Users/aanyasingh/Projects/imagevalidation2/data/FloodingDataset2/processed_data/binary/train/non_flood/vehicle/vehicle_000224.jpg,8.738040924072266e-05,False
/Users/aanyasingh/Projects/imagevalidation2/data/FloodingDataset2/processed_data/binary/train/non_flood/animal/animal_000113.jpg,8.678436279296875e-05,False
/Users/aanyasingh/Projects/imagevalidation2/data/FloodingDataset2/processed_data/binary/train/non_flood/street_clear/street_clear_000419.jpg,8.64267349243164e-05,False
/Users/aanyasingh/Projects/imagevalidation2/data/FloodingDataset2/processed_data/binary/train/non_flood/building/building_000226.jpg,8.630752563476562e-05,False
/Users/aanyasingh/Projects/imagevalidation2/data/FloodingDataset2/processed_data/binary/train/non_flood/park_walkway/park_walkway_000352.jpg,8.594989776611328e-05,False
/Users/aanyasingh/Projects/imagevalidation2/data/FloodingDataset2/processed_data/binary/train/non_flood/street_clear/street_clear_000331.jpg,8.535385131835938e-05,False
/Users/aanyasingh/Projects/imagevalidation2/data/FloodingDataset2/processed_data/binary/train/non_flood/animal/animal_000045.jpg,8.511543273925781e-05,False
/Users/aanyasingh/Projects/imagevalidation2/data/FloodingDataset2/processed_data/binary/train/non_flood/park_walkway/park_walkway_000005.jpg,8.475780487060547e-05,False
/Users/aanyasingh/Projects/imagevalidation2/data/FloodingDataset2/processed_data/binary/train/non_flood/street_clear/street_clear_000412.jpg,8.475780487060547e-05,False
/Users/aanyasingh/Projects/imagevalidation2/data/FloodingDataset2/processed_data/binary/train/non_flood/building/building_000044.jpg,8.45193862915039e-05,False
/Users/aanyasingh/Projects/imagevalidation2/data/FloodingDataset2/processed_data/binary/train/non_flood/street_clear/street_clear_000318.jpg,8.428096771240234e-05,False
/Users/aanyasingh/Projects/imagevalidation2/data/FloodingDataset2/processed_data/binary/train/non_flood/vehicle/vehicle_000177.jpg,8.404254913330078e-05,False
/Users/aanyasingh/Projects/imagevalidation2/data/FloodingDataset2/processed_data/binary/train/non_flood/vehicle/vehicle_000087.jpg,8.392333984375e-05,False
/Users/aanyasingh/Projects/imagevalidation2/data/FloodingDataset2/processed_data/binary/train/non_flood/park_walkway/park_walkway_000403.jpg,8.368492126464844e-05,False
/Users/aanyasingh/Projects/imagevalidation2/data/FloodingDataset2/processed_data/binary/train/non_flood/park_walkway/park_walkway_000402.jpg,8.320808410644531e-05,False
/Users/aanyasingh/Projects/imagevalidation2/data/FloodingDataset2/processed_data/binary/train/non_flood/street_clear/street_clear_000565.jpg,8.296966552734375e-05,False
/Users/aanyasingh/Projects/imagevalidation2/data/FloodingDataset2/processed_data/binary/train/non_flood/animal/animal_000218.jpg,8.285045623779297e-05,False
/Users/aanyasingh/Projects/imagevalidation2/data/FloodingDataset2/processed_data/binary/train/non_flood/building/building_000136.jpg,8.285045623779297e-05,False
/Users/aanyasingh/Projects/imagevalidation2/data/FloodingDataset2/processed_data/binary/train/non_flood/park_walkway/park_walkway_000125.jpg,8.285045623779297e-05,False
/Users/aanyasingh/Projects/imagevalidation2/data/FloodingDataset2/processed_data/binary/train/non_flood/street_clear/street_clear_000350.jpg,8.285045623779297e-05,False
/Users/aanyasingh/Projects/imagevalidation2/data/FloodingDataset2/processed_data/binary/train/non_flood/swimming_pool/swimming_pool_000010.jpg,8.273124694824219e-05,False
/Users/aanyasingh/Projects/imagevalidation2/data/FloodingDataset2/processed_data/binary/train/non_flood/vehicle/vehicle_000056.jpg,8.273124694824219e-05,False
/Users/aanyasingh/Projects/imagevalidation2/data/FloodingDataset2/processed_data/binary/train/non_flood/river/river_000022.jpg,8.249282836914062e-05,False
/Users/aanyasingh/Projects/imagevalidation2/data/FloodingDataset2/processed_data/binary/train/non_flood/vehicle/vehicle_000052.jpg,8.249282836914062e-05,False
/Users/aanyasingh/Projects/imagevalidation2/data/FloodingDataset2/processed_data/binary/train/non_flood/animal/animal_000101.jpg,8.189678192138672e-05,False
/Users/aanyasingh/Projects/imagevalidation2/data/FloodingDataset2/processed_data/binary/train/non_flood/animal/animal_000034.jpg,8.177757263183594e-05,False
/Users/aanyasingh/Projects/imagevalidation2/data/FloodingDataset2/processed_data/binary/train/non_flood/building/building_000008.jpg,8.177757263183594e-05,False
/Users/aanyasingh/Projects/imagevalidation2/data/FloodingDataset2/processed_data/binary/train/non_flood/street_clear/street_clear_000095.jpg,8.177757263183594e-05,False
/Users/aanyasingh/Projects/imagevalidation2/data/FloodingDataset2/processed_data/binary/train/non_flood/river/river_000137.jpg,8.165836334228516e-05,False
/Users/aanyasingh/Projects/imagevalidation2/data/FloodingDataset2/processed_data/binary/train/non_flood/street_clear/street_clear_000011.jpg,8.118152618408203e-05,False
/Users/aanyasingh/Projects/imagevalidation2/data/FloodingDataset2/processed_data/binary/train/non_flood/building/building_000281.jpg,8.082389831542969e-05,False
/Users/aanyasingh/Projects/imagevalidation2/data/FloodingDataset2/processed_data/binary/train/non_flood/animal/animal_000234.jpg,8.058547973632812e-05,False
/Users/aanyasingh/Projects/imagevalidation2/data/FloodingDataset2/processed_data/binary/train/non_flood/park_walkway/park_walkway_000046.jpg,7.998943328857422e-05,False
/Users/aanyasingh/Projects/imagevalidation2/data/FloodingDataset2/processed_data/binary/train/non_flood/street_clear/street_clear_000031.jpg,7.987022399902344e-05,False
/Users/aanyasingh/Projects/imagevalidation2/data/FloodingDataset2/processed_data/binary/train/non_flood/plant/plant_000159.jpg,7.939338684082031e-05,False
/Users/aanyasingh/Projects/imagevalidation2/data/FloodingDataset2/processed_data/binary/train/non_flood/building/building_000015.jpg,7.891654968261719e-05,False
/Users/aanyasingh/Projects/imagevalidation2/data/FloodingDataset2/processed_data/binary/train/non_flood/street_clear/street_clear_000449.jpg,7.891654968261719e-05,False
/Users/aanyasingh/Projects/imagevalidation2/data/FloodingDataset2/processed_data/binary/train/non_flood/park_walkway/park_walkway_000327.jpg,7.867813110351562e-05,False
/Users/aanyasingh/Projects/imagevalidation2/data/FloodingDataset2/processed_data/binary/train/non_flood/building/building_000277.jpg,7.808208465576172e-05,False
/Users/aanyasingh/Projects/imagevalidation2/data/FloodingDataset2/processed_data/binary/train/non_flood/animal/animal_000080.jpg,7.76052474975586e-05,False
/Users/aanyasingh/Projects/imagevalidation2/data/FloodingDataset2/processed_data/binary/train/non_flood/animal/animal_000288.jpg,7.736682891845703e-05,False
/Users/aanyasingh/Projects/imagevalidation2/data/FloodingDataset2/processed_data/binary/train/non_flood/building/building_000010.jpg,7.736682891845703e-05,False
/Users/aanyasingh/Projects/imagevalidation2/data/FloodingDataset2/processed_data/binary/train/non_flood/park_walkway/park_walkway_000404.jpg,7.724761962890625e-05,False
/Users/aanyasingh/Projects/imagevalidation2/data/FloodingDataset2/processed_data/binary/train/non_flood/street_clear/street_clear_000165.jpg,7.724761962890625e-05,False
/Users/aanyasingh/Projects/imagevalidation2/data/FloodingDataset2/processed_data/binary/train/non_flood/building/building_000204.jpg,7.665157318115234e-05,False
/Users/aanyasingh/Projects/imagevalidation2/data/FloodingDataset2/processed_data/binary/train/non_flood/park_walkway/park_walkway_000329.jpg,7.653236389160156e-05,False
/Users/aanyasingh/Projects/imagevalidation2/data/FloodingDataset2/processed_data/binary/train/non_flood/vehicle/vehicle_000150.jpg,7.653236389160156e-05,False
/Users/aanyasingh/Projects/imagevalidation2/data/FloodingDataset2/processed_data/binary/train/non_flood/river/river_000243.jpg,7.62939453125e-05,False
/Users/aanyasingh/Projects/imagevalidation2/data/FloodingDataset2/processed_data/binary/train/non_flood/park_walkway/park_walkway_000269.jpg,7.545948028564453e-05,False
/Users/aanyasingh/Projects/imagevalidation2/data/FloodingDataset2/processed_data/binary/train/non_flood/park_walkway/park_walkway_000386.jpg,7.545948028564453e-05,False
/Users/aanyasingh/Projects/imagevalidation2/data/FloodingDataset2/processed_data/binary/train/non_flood/park_walkway/park_walkway_000251.jpg,7.522106170654297e-05,False
/Users/aanyasingh/Projects/imagevalidation2/data/FloodingDataset2/processed_data/binary/train/non_flood/swimming_pool/swimming_pool_000050.jpg,7.486343383789062e-05,False
/Users/aanyasingh/Projects/imagevalidation2/data/FloodingDataset2/processed_data/binary/train/non_flood/street_clear/street_clear_000303.jpg,7.37905502319336e-05,False
/Users/aanyasingh/Projects/imagevalidation2/data/FloodingDataset2/processed_data/binary/train/non_flood/park_walkway/park_walkway_000157.jpg,7.355213165283203e-05,False
/Users/aanyasingh/Projects/imagevalidation2/data/FloodingDataset2/processed_data/binary/train/non_flood/street_clear/street_clear_000294.jpg,7.295608520507812e-05,False
/Users/aanyasingh/Projects/imagevalidation2/data/FloodingDataset2/processed_data/binary/train/non_flood/street_clear/street_clear_000234.jpg,7.283687591552734e-05,False
/Users/aanyasingh/Projects/imagevalidation2/data/FloodingDataset2/processed_data/binary/train/non_flood/building/building_000179.jpg,7.2479248046875e-05,False
/Users/aanyasingh/Projects/imagevalidation2/data/FloodingDataset2/processed_data/binary/train/non_flood/river/river_000236.jpg,7.2479248046875e-05,False
/Users/aanyasingh/Projects/imagevalidation2/data/FloodingDataset2/processed_data/binary/train/non_flood/park_walkway/park_walkway_000161.jpg,7.200241088867188e-05,False
/Users/aanyasingh/Projects/imagevalidation2/data/FloodingDataset2/processed_data/binary/train/non_flood/street_clear/street_clear_000488.jpg,7.200241088867188e-05,False
/Users/aanyasingh/Projects/imagevalidation2/data/FloodingDataset2/processed_data/binary/train/non_flood/building/building_000043.jpg,7.18832015991211e-05,False
/Users/aanyasingh/Projects/imagevalidation2/data/FloodingDataset2/processed_data/binary/train/non_flood/park_walkway/park_walkway_000010.jpg,7.176399230957031e-05,False
/Users/aanyasingh/Projects/imagevalidation2/data/FloodingDataset2/processed_data/binary/train/non_flood/park_walkway/park_walkway_000213.jpg,7.140636444091797e-05,False
/Users/aanyasingh/Projects/imagevalidation2/data/FloodingDataset2/processed_data/binary/train/non_flood/street_clear/street_clear_000176.jpg,7.128715515136719e-05,False
/Users/aanyasingh/Projects/imagevalidation2/data/FloodingDataset2/processed_data/binary/train/non_flood/swimming_pool/swimming_pool_000015.jpg,7.128715515136719e-05,False
/Users/aanyasingh/Projects/imagevalidation2/data/FloodingDataset2/processed_data/binary/train/non_flood/river/river_000339.jpg,7.104873657226562e-05,False
/Users/aanyasingh/Projects/imagevalidation2/data/FloodingDataset2/processed_data/binary/train/non_flood/vehicle/vehicle_000190.jpg,7.104873657226562e-05,False
/Users/aanyasingh/Projects/imagevalidation2/data/FloodingDataset2/processed_data/binary/train/non_flood/park_walkway/park_walkway_000017.jpg,7.081031799316406e-05,False
/Users/aanyasingh/Projects/imagevalidation2/data/FloodingDataset2/processed_data/binary/train/non_flood/park_walkway/park_walkway_000228.jpg,7.069110870361328e-05,False
/Users/aanyasingh/Projects/imagevalidation2/data/FloodingDataset2/processed_data/binary/train/non_flood/park_walkway/park_walkway_000221.jpg,7.05718994140625e-05,False
/Users/aanyasingh/Projects/imagevalidation2/data/FloodingDataset2/processed_data/binary/train/non_flood/street_clear/street_clear_000212.jpg,7.05718994140625e-05,False
/Users/aanyasingh/Projects/imagevalidation2/data/FloodingDataset2/processed_data/binary/train/non_flood/street_clear/street_clear_000486.jpg,7.045269012451172e-05,False
/Users/aanyasingh/Projects/imagevalidation2/data/FloodingDataset2/processed_data/binary/train/non_flood/park_walkway/park_walkway_000029.jpg,7.021427154541016e-05,False
/Users/aanyasingh/Projects/imagevalidation2/data/FloodingDataset2/processed_data/binary/train/non_flood/park_walkway/park_walkway_000319.jpg,6.949901580810547e-05,False
/Users/aanyasingh/Projects/imagevalidation2/data/FloodingDataset2/processed_data/binary/train/non_flood/street_clear/street_clear_000149.jpg,6.949901580810547e-05,False
/Users/aanyasingh/Projects/imagevalidation2/data/FloodingDataset2/processed_data/binary/train/non_flood/swimming_pool/swimming_pool_000028.jpg,6.949901580810547e-05,False
/Users/aanyasingh/Projects/imagevalidation2/data/FloodingDataset2/processed_data/binary/train/non_flood/building/building_000035.jpg,6.937980651855469e-05,False
/Users/aanyasingh/Projects/imagevalidation2/data/FloodingDataset2/processed_data/binary/train/non_flood/street_clear/street_clear_000145.jpg,6.937980651855469e-05,False
/Users/aanyasingh/Projects/imagevalidation2/data/FloodingDataset2/processed_data/binary/train/non_flood/street_clear/street_clear_000089.jpg,6.92605972290039e-05,False
/Users/aanyasingh/Projects/imagevalidation2/data/FloodingDataset2/processed_data/binary/train/non_flood/vehicle/vehicle_000215.jpg,6.842613220214844e-05,False
/Users/aanyasingh/Projects/imagevalidation2/data/FloodingDataset2/processed_data/binary/train/non_flood/park_walkway/park_walkway_000168.jpg,6.80685043334961e-05,False
/Users/aanyasingh/Projects/imagevalidation2/data/FloodingDataset2/processed_data/binary/train/non_flood/street_clear/street_clear_000498.jpg,6.80685043334961e-05,False
/Users/aanyasingh/Projects/imagevalidation2/data/FloodingDataset2/processed_data/binary/train/non_flood/park_walkway/park_walkway_000021.jpg,6.794929504394531e-05,False
/Users/aanyasingh/Projects/imagevalidation2/data/FloodingDataset2/processed_data/binary/train/non_flood/street_clear/street_clear_000121.jpg,6.771087646484375e-05,False
/Users/aanyasingh/Projects/imagevalidation2/data/FloodingDataset2/processed_data/binary/train/non_flood/street_clear/street_clear_000229.jpg,6.759166717529297e-05,False
/Users/aanyasingh/Projects/imagevalidation2/data/FloodingDataset2/processed_data/binary/train/non_flood/plant/plant_000154.jpg,6.723403930664062e-05,False
/Users/aanyasingh/Projects/imagevalidation2/data/FloodingDataset2/processed_data/binary/train/non_flood/street_clear/street_clear_000170.jpg,6.723403930664062e-05,False
/Users/aanyasingh/Projects/imagevalidation2/data/FloodingDataset2/processed_data/binary/train/non_flood/animal/animal_000008.jpg,6.699562072753906e-05,False
/Users/aanyasingh/Projects/imagevalidation2/data/FloodingDataset2/processed_data/binary/train/non_flood/street_clear/street_clear_000351.jpg,6.699562072753906e-05,False
/Users/aanyasingh/Projects/imagevalidation2/data/FloodingDataset2/processed_data/binary/train/non_flood/park_walkway/park_walkway_000027.jpg,6.687641143798828e-05,False
/Users/aanyasingh/Projects/imagevalidation2/data/FloodingDataset2/processed_data/binary/train/non_flood/vehicle/vehicle_000200.jpg,6.639957427978516e-05,False
/Users/aanyasingh/Projects/imagevalidation2/data/FloodingDataset2/processed_data/binary/train/non_flood/park_walkway/park_walkway_000081.jpg,6.61611557006836e-05,False
/Users/aanyasingh/Projects/imagevalidation2/data/FloodingDataset2/processed_data/binary/train/non_flood/plant/plant_000076.jpg,6.592273712158203e-05,False
/Users/aanyasingh/Projects/imagevalidation2/data/FloodingDataset2/processed_data/binary/train/non_flood/river/river_000077.jpg,6.580352783203125e-05,False
/Users/aanyasingh/Projects/imagevalidation2/data/FloodingDataset2/processed_data/binary/train/non_flood/building/building_000067.jpg,6.520748138427734e-05,False
/Users/aanyasingh/Projects/imagevalidation2/data/FloodingDataset2/processed_data/binary/train/non_flood/street_clear/street_clear_000006.jpg,6.508827209472656e-05,False
/Users/aanyasingh/Projects/imagevalidation2/data/FloodingDataset2/processed_data/binary/train/non_flood/park_walkway/park_walkway_000123.jpg,6.496906280517578e-05,False
/Users/aanyasingh/Projects/imagevalidation2/data/FloodingDataset2/processed_data/binary/train/non_flood/swimming_pool/swimming_pool_000061.jpg,6.496906280517578e-05,False
/Users/aanyasingh/Projects/imagevalidation2/data/FloodingDataset2/processed_data/binary/train/non_flood/vehicle/vehicle_000179.jpg,6.473064422607422e-05,False
/Users/aanyasingh/Projects/imagevalidation2/data/FloodingDataset2/processed_data/binary/train/non_flood/vehicle/vehicle_000103.jpg,6.449222564697266e-05,False
/Users/aanyasingh/Projects/imagevalidation2/data/FloodingDataset2/processed_data/binary/train/non_flood/park_walkway/park_walkway_000201.jpg,6.437301635742188e-05,False
/Users/aanyasingh/Projects/imagevalidation2/data/FloodingDataset2/processed_data/binary/train/non_flood/vehicle/vehicle_000167.jpg,6.413459777832031e-05,False
/Users/aanyasingh/Projects/imagevalidation2/data/FloodingDataset2/processed_data/binary/train/non_flood/park_walkway/park_walkway_000101.jpg,6.377696990966797e-05,False
/Users/aanyasingh/Projects/imagevalidation2/data/FloodingDataset2/processed_data/binary/train/non_flood/animal/animal_000088.jpg,6.365776062011719e-05,False
/Users/aanyasingh/Projects/imagevalidation2/data/FloodingDataset2/processed_data/binary/train/non_flood/street_clear/street_clear_000584.jpg,6.341934204101562e-05,False
/Users/aanyasingh/Projects/imagevalidation2/data/FloodingDataset2/processed_data/binary/train/non_flood/park_walkway/park_walkway_000270.jpg,6.330013275146484e-05,False
/Users/aanyasingh/Projects/imagevalidation2/data/FloodingDataset2/processed_data/binary/train/non_flood/animal/animal_000042.jpg,6.318092346191406e-05,False
/Users/aanyasingh/Projects/imagevalidation2/data/FloodingDataset2/processed_data/binary/train/non_flood/street_clear/street_clear_000233.jpg,6.282329559326172e-05,False
/Users/aanyasingh/Projects/imagevalidation2/data/FloodingDataset2/processed_data/binary/train/non_flood/plant/plant_000009.jpg,6.270408630371094e-05,False
/Users/aanyasingh/Projects/imagevalidation2/data/FloodingDataset2/processed_data/binary/train/non_flood/building/building_000241.jpg,6.210803985595703e-05,False
/Users/aanyasingh/Projects/imagevalidation2/data/FloodingDataset2/processed_data/binary/train/non_flood/plant/plant_000014.jpg,6.139278411865234e-05,False
/Users/aanyasingh/Projects/imagevalidation2/data/FloodingDataset2/processed_data/binary/train/non_flood/swimming_pool/swimming_pool_000035.jpg,6.139278411865234e-05,False
/Users/aanyasingh/Projects/imagevalidation2/data/FloodingDataset2/processed_data/binary/train/non_flood/vehicle/vehicle_000206.jpg,6.139278411865234e-05,False
/Users/aanyasingh/Projects/imagevalidation2/data/FloodingDataset2/processed_data/binary/train/non_flood/animal/animal_000280.jpg,6.127357482910156e-05,False
/Users/aanyasingh/Projects/imagevalidation2/data/FloodingDataset2/processed_data/binary/train/non_flood/animal/animal_000275.jpg,6.115436553955078e-05,False
/Users/aanyasingh/Projects/imagevalidation2/data/FloodingDataset2/processed_data/binary/train/non_flood/building/building_000090.jpg,6.0558319091796875e-05,False
/Users/aanyasingh/Projects/imagevalidation2/data/FloodingDataset2/processed_data/binary/train/non_flood/park_walkway/park_walkway_000364.jpg,5.9485435485839844e-05,False
/Users/aanyasingh/Projects/imagevalidation2/data/FloodingDataset2/processed_data/binary/train/non_flood/park_walkway/park_walkway_000328.jpg,5.8770179748535156e-05,False
/Users/aanyasingh/Projects/imagevalidation2/data/FloodingDataset2/processed_data/binary/train/non_flood/street_clear/street_clear_000551.jpg,5.8650970458984375e-05,False
/Users/aanyasingh/Projects/imagevalidation2/data/FloodingDataset2/processed_data/binary/train/non_flood/park_walkway/park_walkway_000115.jpg,5.829334259033203e-05,False
/Users/aanyasingh/Projects/imagevalidation2/data/FloodingDataset2/processed_data/binary/train/non_flood/park_walkway/park_walkway_000116.jpg,5.805492401123047e-05,False
/Users/aanyasingh/Projects/imagevalidation2/data/FloodingDataset2/processed_data/binary/train/non_flood/park_walkway/park_walkway_000320.jpg,5.793571472167969e-05,False
/Users/aanyasingh/Projects/imagevalidation2/data/FloodingDataset2/processed_data/binary/train/non_flood/park_walkway/park_walkway_000207.jpg,5.7697296142578125e-05,False
/Users/aanyasingh/Projects/imagevalidation2/data/FloodingDataset2/processed_data/binary/train/non_flood/street_clear/street_clear_000077.jpg,5.7578086853027344e-05,False
/Users/aanyasingh/Projects/imagevalidation2/data/FloodingDataset2/processed_data/binary/train/non_flood/vehicle/vehicle_000180.jpg,5.698204040527344e-05,False
/Users/aanyasingh/Projects/imagevalidation2/data/FloodingDataset2/processed_data/binary/train/non_flood/street_clear/street_clear_000012.jpg,5.626678466796875e-05,False
/Users/aanyasingh/Projects/imagevalidation2/data/FloodingDataset2/processed_data/binary/train/non_flood/plant/plant_000046.jpg,5.614757537841797e-05,False
/Users/aanyasingh/Projects/imagevalidation2/data/FloodingDataset2/processed_data/binary/train/non_flood/swimming_pool/swimming_pool_000080.jpg,5.602836608886719e-05,False
/Users/aanyasingh/Projects/imagevalidation2/data/FloodingDataset2/processed_data/binary/train/non_flood/park_walkway/park_walkway_000334.jpg,5.5789947509765625e-05,False
/Users/aanyasingh/Projects/imagevalidation2/data/FloodingDataset2/processed_data/binary/train/non_flood/animal/animal_000231.jpg,5.543231964111328e-05,False
/Users/aanyasingh/Projects/imagevalidation2/data/FloodingDataset2/processed_data/binary/train/non_flood/park_walkway/park_walkway_000047.jpg,5.543231964111328e-05,False
/Users/aanyasingh/Projects/imagevalidation2/data/FloodingDataset2/processed_data/binary/train/non_flood/building/building_000209.jpg,5.519390106201172e-05,False
/Users/aanyasingh/Projects/imagevalidation2/data/FloodingDataset2/processed_data/binary/train/non_flood/street_clear/street_clear_000156.jpg,5.519390106201172e-05,False
/Users/aanyasingh/Projects/imagevalidation2/data/FloodingDataset2/processed_data/binary/train/non_flood/swimming_pool/swimming_pool_000074.jpg,5.519390106201172e-05,False
/Users/aanyasingh/Projects/imagevalidation2/data/FloodingDataset2/processed_data/binary/train/non_flood/building/building_000262.jpg,5.507469177246094e-05,False
/Users/aanyasingh/Projects/imagevalidation2/data/FloodingDataset2/processed_data/binary/train/non_flood/park_walkway/park_walkway_000335.jpg,5.4836273193359375e-05,False
/Users/aanyasingh/Projects/imagevalidation2/data/FloodingDataset2/processed_data/binary/train/non_flood/building/building_000250.jpg,5.412101745605469e-05,False
/Users/aanyasingh/Projects/imagevalidation2/data/FloodingDataset2/processed_data/binary/train/non_flood/vehicle/vehicle_000171.jpg,5.412101745605469e-05,False
/Users/aanyasingh/Projects/imagevalidation2/data/FloodingDataset2/processed_data/binary/train/non_flood/vehicle/vehicle_000181.jpg,5.412101745605469e-05,False
/Users/aanyasingh/Projects/imagevalidation2/data/FloodingDataset2/processed_data/binary/train/non_flood/swimming_pool/swimming_pool_000034.jpg,5.4001808166503906e-05,False
/Users/aanyasingh/Projects/imagevalidation2/data/FloodingDataset2/processed_data/binary/train/non_flood/street_clear/street_clear_000179.jpg,5.364418029785156e-05,False
/Users/aanyasingh/Projects/imagevalidation2/data/FloodingDataset2/processed_data/binary/train/non_flood/plant/plant_000140.jpg,5.352497100830078e-05,False
/Users/aanyasingh/Projects/imagevalidation2/data/FloodingDataset2/processed_data/binary/train/non_flood/park_walkway/park_walkway_000082.jpg,5.340576171875e-05,False
/Users/aanyasingh/Projects/imagevalidation2/data/FloodingDataset2/processed_data/binary/train/non_flood/river/river_000130.jpg,5.2928924560546875e-05,False
/Users/aanyasingh/Projects/imagevalidation2/data/FloodingDataset2/processed_data/binary/train/non_flood/street_clear/street_clear_000528.jpg,5.2928924560546875e-05,False
/Users/aanyasingh/Projects/imagevalidation2/data/FloodingDataset2/processed_data/binary/train/non_flood/park_walkway/park_walkway_000196.jpg,5.173683166503906e-05,False
/Users/aanyasingh/Projects/imagevalidation2/data/FloodingDataset2/processed_data/binary/train/non_flood/street_clear/street_clear_000243.jpg,5.14984130859375e-05,False
/Users/aanyasingh/Projects/imagevalidation2/data/FloodingDataset2/processed_data/binary/train/non_flood/street_clear/street_clear_000459.jpg,5.125999450683594e-05,False
/Users/aanyasingh/Projects/imagevalidation2/data/FloodingDataset2/processed_data/binary/train/non_flood/building/building_000032.jpg,5.030632019042969e-05,False
/Users/aanyasingh/Projects/imagevalidation2/data/FloodingDataset2/processed_data/binary/train/non_flood/building/building_000225.jpg,5.0187110900878906e-05,False
/Users/aanyasingh/Projects/imagevalidation2/data/FloodingDataset2/processed_data/binary/train/non_flood/park_walkway/park_walkway_000138.jpg,5.0067901611328125e-05,False
/Users/aanyasingh/Projects/imagevalidation2/data/FloodingDataset2/processed_data/binary/train/non_flood/park_walkway/park_walkway_000147.jpg,4.982948303222656e-05,False
/Users/aanyasingh/Projects/imagevalidation2/data/FloodingDataset2/processed_data/binary/train/non_flood/park_walkway/park_walkway_000361.jpg,4.982948303222656e-05,False
/Users/aanyasingh/Projects/imagevalidation2/data/FloodingDataset2/processed_data/binary/train/non_flood/animal/animal_000250.jpg,4.9591064453125e-05,False
/Users/aanyasingh/Projects/imagevalidation2/data/FloodingDataset2/processed_data/binary/train/non_flood/park_walkway/park_walkway_000304.jpg,4.9233436584472656e-05,False
/Users/aanyasingh/Projects/imagevalidation2/data/FloodingDataset2/processed_data/binary/train/non_flood/park_walkway/park_walkway_000349.jpg,4.9233436584472656e-05,False
/Users/aanyasingh/Projects/imagevalidation2/data/FloodingDataset2/processed_data/binary/train/non_flood/park_walkway/park_walkway_000366.jpg,4.9233436584472656e-05,False
/Users/aanyasingh/Projects/imagevalidation2/data/FloodingDataset2/processed_data/binary/train/non_flood/building/building_000252.jpg,4.9114227294921875e-05,False
/Users/aanyasingh/Projects/imagevalidation2/data/FloodingDataset2/processed_data/binary/train/non_flood/building/building_000058.jpg,4.887580871582031e-05,False
/Users/aanyasingh/Projects/imagevalidation2/data/FloodingDataset2/processed_data/binary/train/non_flood/park_walkway/park_walkway_000127.jpg,4.887580871582031e-05,False
/Users/aanyasingh/Projects/imagevalidation2/data/FloodingDataset2/processed_data/binary/train/non_flood/park_walkway/park_walkway_000162.jpg,4.887580871582031e-05,False
/Users/aanyasingh/Projects/imagevalidation2/data/FloodingDataset2/processed_data/binary/train/non_flood/street_clear/street_clear_000299.jpg,4.887580871582031e-05,False
/Users/aanyasingh/Projects/imagevalidation2/data/FloodingDataset2/processed_data/binary/train/non_flood/river/river_000210.jpg,4.851818084716797e-05,False
/Users/aanyasingh/Projects/imagevalidation2/data/FloodingDataset2/processed_data/binary/train/non_flood/street_clear/street_clear_000129.jpg,4.851818084716797e-05,False
/Users/aanyasingh/Projects/imagevalidation2/data/FloodingDataset2/processed_data/binary/train/non_flood/park_walkway/park_walkway_000317.jpg,4.839897155761719e-05,False
/Users/aanyasingh/Projects/imagevalidation2/data/FloodingDataset2/processed_data/binary/train/non_flood/plant/plant_000034.jpg,4.8279762268066406e-05,False
/Users/aanyasingh/Projects/imagevalidation2/data/FloodingDataset2/processed_data/binary/train/non_flood/street_clear/street_clear_000065.jpg,4.8279762268066406e-05,False
/Users/aanyasingh/Projects/imagevalidation2/data/FloodingDataset2/processed_data/binary/train/non_flood/plant/plant_000088.jpg,4.8160552978515625e-05,False
/Users/aanyasingh/Projects/imagevalidation2/data/FloodingDataset2/processed_data/binary/train/non_flood/animal/animal_000230.jpg,4.8041343688964844e-05,False
/Users/aanyasingh/Projects/imagevalidation2/data/FloodingDataset2/processed_data/binary/train/non_flood/building/building_000128.jpg,4.792213439941406e-05,False
/Users/aanyasingh/Projects/imagevalidation2/data/FloodingDataset2/processed_data/binary/train/non_flood/park_walkway/park_walkway_000073.jpg,4.792213439941406e-05,False
/Users/aanyasingh/Projects/imagevalidation2/data/FloodingDataset2/processed_data/binary/train/non_flood/building/building_000012.jpg,4.76837158203125e-05,False
/Users/aanyasingh/Projects/imagevalidation2/data/FloodingDataset2/processed_data/binary/train/non_flood/building/building_000101.jpg,4.756450653076172e-05,False
/Users/aanyasingh/Projects/imagevalidation2/data/FloodingDataset2/processed_data/binary/train/non_flood/park_walkway/park_walkway_000297.jpg,4.756450653076172e-05,False
/Users/aanyasingh/Projects/imagevalidation2/data/FloodingDataset2/processed_data/binary/train/non_flood/street_clear/street_clear_000002.jpg,4.756450653076172e-05,False
/Users/aanyasingh/Projects/imagevalidation2/data/FloodingDataset2/processed_data/binary/train/non_flood/animal/animal_000132.jpg,4.7326087951660156e-05,False
/Users/aanyasingh/Projects/imagevalidation2/data/FloodingDataset2/processed_data/binary/train/non_flood/park_walkway/park_walkway_000037.jpg,4.7326087951660156e-05,False
/Users/aanyasingh/Projects/imagevalidation2/data/FloodingDataset2/processed_data/binary/train/non_flood/park_walkway/park_walkway_000126.jpg,4.7206878662109375e-05,False
/Users/aanyasingh/Projects/imagevalidation2/data/FloodingDataset2/processed_data/binary/train/non_flood/animal/animal_000262.jpg,4.673004150390625e-05,False
/Users/aanyasingh/Projects/imagevalidation2/data/FloodingDataset2/processed_data/binary/train/non_flood/animal/animal_000273.jpg,4.673004150390625e-05,False
/Users/aanyasingh/Projects/imagevalidation2/data/FloodingDataset2/processed_data/binary/train/non_flood/building/building_000132.jpg,4.673004150390625e-05,False
/Users/aanyasingh/Projects/imagevalidation2/data/FloodingDataset2/processed_data/binary/train/non_flood/park_walkway/park_walkway_000186.jpg,4.661083221435547e-05,False
/Users/aanyasingh/Projects/imagevalidation2/data/FloodingDataset2/processed_data/binary/train/non_flood/park_walkway/park_walkway_000381.jpg,4.661083221435547e-05,False
/Users/aanyasingh/Projects/imagevalidation2/data/FloodingDataset2/processed_data/binary/train/non_flood/swimming_pool/swimming_pool_000008.jpg,4.649162292480469e-05,False
/Users/aanyasingh/Projects/imagevalidation2/data/FloodingDataset2/processed_data/binary/train/non_flood/street_clear/street_clear_000515.jpg,4.6253204345703125e-05,False
/Users/aanyasingh/Projects/imagevalidation2/data/FloodingDataset2/processed_data/binary/train/non_flood/street_clear/street_clear_000290.jpg,4.6133995056152344e-05,False
/Users/aanyasingh/Projects/imagevalidation2/data/FloodingDataset2/processed_data/binary/train/non_flood/building/building_000107.jpg,4.589557647705078e-05,False
/Users/aanyasingh/Projects/imagevalidation2/data/FloodingDataset2/processed_data/binary/train/non_flood/street_clear/street_clear_000120.jpg,4.589557647705078e-05,False
/Users/aanyasingh/Projects/imagevalidation2/data/FloodingDataset2/processed_data/binary/train/non_flood/street_clear/street_clear_000458.jpg,4.589557647705078e-05,False
/Users/aanyasingh/Projects/imagevalidation2/data/FloodingDataset2/processed_data/binary/train/non_flood/vehicle/vehicle_000188.jpg,4.553794860839844e-05,False
/Users/aanyasingh/Projects/imagevalidation2/data/FloodingDataset2/processed_data/binary/train/non_flood/vehicle/vehicle_000169.jpg,4.5180320739746094e-05,False
/Users/aanyasingh/Projects/imagevalidation2/data/FloodingDataset2/processed_data/binary/train/non_flood/street_clear/street_clear_000372.jpg,4.506111145019531e-05,False
/Users/aanyasingh/Projects/imagevalidation2/data/FloodingDataset2/processed_data/binary/train/non_flood/building/building_000116.jpg,4.494190216064453e-05,False
/Users/aanyasingh/Projects/imagevalidation2/data/FloodingDataset2/processed_data/binary/train/non_flood/park_walkway/park_walkway_000358.jpg,4.494190216064453e-05,False
/Users/aanyasingh/Projects/imagevalidation2/data/FloodingDataset2/processed_data/binary/train/non_flood/vehicle/vehicle_000154.jpg,4.482269287109375e-05,False
/Users/aanyasingh/Projects/imagevalidation2/data/FloodingDataset2/processed_data/binary/train/non_flood/street_clear/street_clear_000090.jpg,4.458427429199219e-05,False
/Users/aanyasingh/Projects/imagevalidation2/data/FloodingDataset2/processed_data/binary/train/non_flood/river/river_000208.jpg,4.4226646423339844e-05,False
/Users/aanyasingh/Projects/imagevalidation2/data/FloodingDataset2/processed_data/binary/train/non_flood/park_walkway/park_walkway_000237.jpg,4.398822784423828e-05,False
/Users/aanyasingh/Projects/imagevalidation2/data/FloodingDataset2/processed_data/binary/train/non_flood/street_clear/street_clear_000086.jpg,4.374980926513672e-05,False
/Users/aanyasingh/Projects/imagevalidation2/data/FloodingDataset2/processed_data/binary/train/non_flood/park_walkway/park_walkway_000065.jpg,4.3511390686035156e-05,False
/Users/aanyasingh/Projects/imagevalidation2/data/FloodingDataset2/processed_data/binary/train/non_flood/plant/plant_000030.jpg,4.3511390686035156e-05,False
/Users/aanyasingh/Projects/imagevalidation2/data/FloodingDataset2/processed_data/binary/train/non_flood/street_clear/street_clear_000581.jpg,4.3511390686035156e-05,False
/Users/aanyasingh/Projects/imagevalidation2/data/FloodingDataset2/processed_data/binary/train/non_flood/vehicle/vehicle_000001.jpg,4.3392181396484375e-05,False
/Users/aanyasingh/Projects/imagevalidation2/data/FloodingDataset2/processed_data/binary/train/non_flood/river/river_000197.jpg,4.3272972106933594e-05,False
/Users/aanyasingh/Projects/imagevalidation2/data/FloodingDataset2/processed_data/binary/train/non_flood/street_clear/street_clear_000373.jpg,4.3272972106933594e-05,False
/Users/aanyasingh/Projects/imagevalidation2/data/FloodingDataset2/processed_data/binary/train/non_flood/building/building_000256.jpg,4.303455352783203e-05,False
/Users/aanyasingh/Projects/imagevalidation2/data/FloodingDataset2/processed_data/binary/train/non_flood/street_clear/street_clear_000055.jpg,4.279613494873047e-05,False
/Users/aanyasingh/Projects/imagevalidation2/data/FloodingDataset2/processed_data/binary/train/non_flood/animal/animal_000044.jpg,4.2557716369628906e-05,False
/Users/aanyasingh/Projects/imagevalidation2/data/FloodingDataset2/processed_data/binary/train/non_flood/river/river_000237.jpg,4.2557716369628906e-05,False
/Users/aanyasingh/Projects/imagevalidation2/data/FloodingDataset2/processed_data/binary/train/non_flood/street_clear/street_clear_000155.jpg,4.2319297790527344e-05,False
/Users/aanyasingh/Projects/imagevalidation2/data/FloodingDataset2/processed_data/binary/train/non_flood/street_clear/street_clear_000403.jpg,4.2319297790527344e-05,False
/Users/aanyasingh/Projects/imagevalidation2/data/FloodingDataset2/processed_data/binary/train/non_flood/animal/animal_000183.jpg,4.208087921142578e-05,False
/Users/aanyasingh/Projects/imagevalidation2/data/FloodingDataset2/processed_data/binary/train/non_flood/park_walkway/park_walkway_000062.jpg,4.1961669921875e-05,False
/Users/aanyasingh/Projects/imagevalidation2/data/FloodingDataset2/processed_data/binary/train/non_flood/vehicle/vehicle_000236.jpg,4.1961669921875e-05,False
/Users/aanyasingh/Projects/imagevalidation2/data/FloodingDataset2/processed_data/binary/train/non_flood/river/river_000178.jpg,4.184246063232422e-05,False
/Users/aanyasingh/Projects/imagevalidation2/data/FloodingDataset2/processed_data/binary/train/non_flood/swimming_pool/swimming_pool_000012.jpg,4.184246063232422e-05,False
/Users/aanyasingh/Projects/imagevalidation2/data/FloodingDataset2/processed_data/binary/train/non_flood/river/river_000006.jpg,4.172325134277344e-05,False
/Users/aanyasingh/Projects/imagevalidation2/data/FloodingDataset2/processed_data/binary/train/non_flood/animal/animal_000077.jpg,4.1365623474121094e-05,False
/Users/aanyasingh/Projects/imagevalidation2/data/FloodingDataset2/processed_data/binary/train/non_flood/park_walkway/park_walkway_000217.jpg,4.124641418457031e-05,False
/Users/aanyasingh/Projects/imagevalidation2/data/FloodingDataset2/processed_data/binary/train/non_flood/street_clear/street_clear_000496.jpg,4.124641418457031e-05,False
/Users/aanyasingh/Projects/imagevalidation2/data/FloodingDataset2/processed_data/binary/train/non_flood/building/building_000284.jpg,4.112720489501953e-05,False
/Users/aanyasingh/Projects/imagevalidation2/data/FloodingDataset2/processed_data/binary/train/non_flood/plant/plant_000150.jpg,4.100799560546875e-05,False
/Users/aanyasingh/Projects/imagevalidation2/data/FloodingDataset2/processed_data/binary/train/non_flood/park_walkway/park_walkway_000008.jpg,4.076957702636719e-05,False
/Users/aanyasingh/Projects/imagevalidation2/data/FloodingDataset2/processed_data/binary/train/non_flood/park_walkway/park_walkway_000077.jpg,4.0650367736816406e-05,False
/Users/aanyasingh/Projects/imagevalidation2/data/FloodingDataset2/processed_data/binary/train/non_flood/street_clear/street_clear_000205.jpg,4.0531158447265625e-05,False
/Users/aanyasingh/Projects/imagevalidation2/data/FloodingDataset2/processed_data/binary/train/non_flood/street_clear/street_clear_000409.jpg,4.029273986816406e-05,False
/Users/aanyasingh/Projects/imagevalidation2/data/FloodingDataset2/processed_data/binary/train/non_flood/street_clear/street_clear_000497.jpg,4.029273986816406e-05,False
/Users/aanyasingh/Projects/imagevalidation2/data/FloodingDataset2/processed_data/binary/train/non_flood/street_clear/street_clear_000442.jpg,4.00543212890625e-05,False
/Users/aanyasingh/Projects/imagevalidation2/data/FloodingDataset2/processed_data/binary/train/non_flood/vehicle/vehicle_000064.jpg,4.00543212890625e-05,False
/Users/aanyasingh/Projects/imagevalidation2/data/FloodingDataset2/processed_data/binary/train/non_flood/park_walkway/park_walkway_000281.jpg,3.981590270996094e-05,False
/Users/aanyasingh/Projects/imagevalidation2/data/FloodingDataset2/processed_data/binary/train/non_flood/street_clear/street_clear_000159.jpg,3.9577484130859375e-05,False
/Users/aanyasingh/Projects/imagevalidation2/data/FloodingDataset2/processed_data/binary/train/non_flood/park_walkway/park_walkway_000271.jpg,3.9458274841308594e-05,False
/Users/aanyasingh/Projects/imagevalidation2/data/FloodingDataset2/processed_data/binary/train/non_flood/street_clear/street_clear_000032.jpg,3.933906555175781e-05,False
/Users/aanyasingh/Projects/imagevalidation2/data/FloodingDataset2/processed_data/binary/train/non_flood/street_clear/street_clear_000308.jpg,3.933906555175781e-05,False
/Users/aanyasingh/Projects/imagevalidation2/data/FloodingDataset2/processed_data/binary/train/non_flood/park_walkway/park_walkway_000069.jpg,3.921985626220703e-05,False
/Users/aanyasingh/Projects/imagevalidation2/data/FloodingDataset2/processed_data/binary/train/non_flood/animal/animal_000035.jpg,3.910064697265625e-05,False
/Users/aanyasingh/Projects/imagevalidation2/data/FloodingDataset2/processed_data/binary/train/non_flood/building/building_000139.jpg,3.910064697265625e-05,False
/Users/aanyasingh/Projects/imagevalidation2/data/FloodingDataset2/processed_data/binary/train/non_flood/street_clear/street_clear_000413.jpg,3.8623809814453125e-05,False
/Users/aanyasingh/Projects/imagevalidation2/data/FloodingDataset2/processed_data/binary/train/non_flood/street_clear/street_clear_000547.jpg,3.838539123535156e-05,False
/Users/aanyasingh/Projects/imagevalidation2/data/FloodingDataset2/processed_data/binary/train/non_flood/park_walkway/park_walkway_000245.jpg,3.790855407714844e-05,False
/Users/aanyasingh/Projects/imagevalidation2/data/FloodingDataset2/processed_data/binary/train/non_flood/plant/plant_000162.jpg,3.790855407714844e-05,False
/Users/aanyasingh/Projects/imagevalidation2/data/FloodingDataset2/processed_data/binary/train/non_flood/building/building_000216.jpg,3.7789344787597656e-05,False
/Users/aanyasingh/Projects/imagevalidation2/data/FloodingDataset2/processed_data/binary/train/non_flood/street_clear/street_clear_000281.jpg,3.7670135498046875e-05,False
/Users/aanyasingh/Projects/imagevalidation2/data/FloodingDataset2/processed_data/binary/train/non_flood/swimming_pool/swimming_pool_000040.jpg,3.7550926208496094e-05,False
/Users/aanyasingh/Projects/imagevalidation2/data/FloodingDataset2/processed_data/binary/train/non_flood/animal/animal_000284.jpg,3.731250762939453e-05,False
/Users/aanyasingh/Projects/imagevalidation2/data/FloodingDataset2/processed_data/binary/train/non_flood/plant/plant_000050.jpg,3.719329833984375e-05,False
/Users/aanyasingh/Projects/imagevalidation2/data/FloodingDataset2/processed_data/binary/train/non_flood/street_clear/street_clear_000253.jpg,3.707408905029297e-05,False
/Users/aanyasingh/Projects/imagevalidation2/data/FloodingDataset2/processed_data/binary/train/non_flood/swimming_pool/swimming_pool_000059.jpg,3.707408905029297e-05,False
/Users/aanyasingh/Projects/imagevalidation2/data/FloodingDataset2/processed_data/binary/train/non_flood/animal/animal_000028.jpg,3.6835670471191406e-05,False
/Users/aanyasingh/Projects/imagevalidation2/data/FloodingDataset2/processed_data/binary/train/non_flood/park_walkway/park_walkway_000112.jpg,3.6716461181640625e-05,False
/Users/aanyasingh/Projects/imagevalidation2/data/FloodingDataset2/processed_data/binary/train/non_flood/street_clear/street_clear_000135.jpg,3.6716461181640625e-05,False
/Users/aanyasingh/Projects/imagevalidation2/data/FloodingDataset2/processed_data/binary/train/non_flood/street_clear/street_clear_000376.jpg,3.6716461181640625e-05,False
/Users/aanyasingh/Projects/imagevalidation2/data/FloodingDataset2/processed_data/binary/train/non_flood/park_walkway/park_walkway_000100.jpg,3.635883331298828e-05,False
/Users/aanyasingh/Projects/imagevalidation2/data/FloodingDataset2/processed_data/binary/train/non_flood/vehicle/vehicle_000176.jpg,3.612041473388672e-05,False
/Users/aanyasingh/Projects/imagevalidation2/data/FloodingDataset2/processed_data/binary/train/non_flood/building/building_000266.jpg,3.5881996154785156e-05,False
/Users/aanyasingh/Projects/imagevalidation2/data/FloodingDataset2/processed_data/binary/train/non_flood/park_walkway/park_walkway_000103.jpg,3.5762786865234375e-05,False
/Users/aanyasingh/Projects/imagevalidation2/data/FloodingDataset2/processed_data/binary/train/non_flood/street_clear/street_clear_000574.jpg,3.5762786865234375e-05,False
/Users/aanyasingh/Projects/imagevalidation2/data/FloodingDataset2/processed_data/binary/train/non_flood/river/river_000015.jpg,3.552436828613281e-05,False
/Users/aanyasingh/Projects/imagevalidation2/data/FloodingDataset2/processed_data/binary/train/non_flood/vehicle/vehicle_000222.jpg,3.552436828613281e-05,False
/Users/aanyasingh/Projects/imagevalidation2/data/FloodingDataset2/processed_data/binary/train/non_flood/street_clear/street_clear_000015.jpg,3.540515899658203e-05,False
/Users/aanyasingh/Projects/imagevalidation2/data/FloodingDataset2/processed_data/binary/train/non_flood/park_walkway/park_walkway_000061.jpg,3.528594970703125e-05,False
/Users/aanyasingh/Projects/imagevalidation2/data/FloodingDataset2/processed_data/binary/train/non_flood/river/river_000235.jpg,3.528594970703125e-05,False
/Users/aanyasingh/Projects/imagevalidation2/data/FloodingDataset2/processed_data/binary/train/non_flood/river/river_000345.jpg,3.528594970703125e-05,False
/Users/aanyasingh/Projects/imagevalidation2/data/FloodingDataset2/processed_data/binary/train/non_flood/vehicle/vehicle_000002.jpg,3.528594970703125e-05,False
/Users/aanyasingh/Projects/imagevalidation2/data/FloodingDataset2/processed_data/binary/train/non_flood/park_walkway/park_walkway_000124.jpg,3.504753112792969e-05,False
/Users/aanyasingh/Projects/imagevalidation2/data/FloodingDataset2/processed_data/binary/train/non_flood/building/building_000021.jpg,3.4928321838378906e-05,False
/Users/aanyasingh/Projects/imagevalidation2/data/FloodingDataset2/processed_data/binary/train/non_flood/street_clear/street_clear_000017.jpg,3.4928321838378906e-05,False
/Users/aanyasingh/Projects/imagevalidation2/data/FloodingDataset2/processed_data/binary/train/non_flood/animal/animal_000282.jpg,3.445148468017578e-05,False
/Users/aanyasingh/Projects/imagevalidation2/data/FloodingDataset2/processed_data/binary/train/non_flood/street_clear/street_clear_000097.jpg,3.421306610107422e-05,False
/Users/aanyasingh/Projects/imagevalidation2/data/FloodingDataset2/processed_data/binary/train/non_flood/park_walkway/park_walkway_000400.jpg,3.361701965332031e-05,False
/Users/aanyasingh/Projects/imagevalidation2/data/FloodingDataset2/processed_data/binary/train/non_flood/park_walkway/park_walkway_000057.jpg,3.2901763916015625e-05,False
/Users/aanyasingh/Projects/imagevalidation2/data/FloodingDataset2/processed_data/binary/train/non_flood/swimming_pool/swimming_pool_000002.jpg,3.2901763916015625e-05,False
/Users/aanyasingh/Projects/imagevalidation2/data/FloodingDataset2/processed_data/binary/train/non_flood/park_walkway/park_walkway_000145.jpg,3.230571746826172e-05,False
/Users/aanyasingh/Projects/imagevalidation2/data/FloodingDataset2/processed_data/binary/train/non_flood/building/building_000078.jpg,3.218650817871094e-05,False
/Users/aanyasingh/Projects/imagevalidation2/data/FloodingDataset2/processed_data/binary/train/non_flood/park_walkway/park_walkway_000266.jpg,3.218650817871094e-05,False
/Users/aanyasingh/Projects/imagevalidation2/data/FloodingDataset2/processed_data/binary/train/non_flood/park_walkway/park_walkway_000279.jpg,3.2067298889160156e-05,False
/Users/aanyasingh/Projects/imagevalidation2/data/FloodingDataset2/processed_data/binary/train/non_flood/park_walkway/park_walkway_000084.jpg,3.1948089599609375e-05,False
/Users/aanyasingh/Projects/imagevalidation2/data/FloodingDataset2/processed_data/binary/train/non_flood/river/river_000240.jpg,3.1948089599609375e-05,False
/Users/aanyasingh/Projects/imagevalidation2/data/FloodingDataset2/processed_data/binary/train/non_flood/park_walkway/park_walkway_000041.jpg,3.1828880310058594e-05,False
/Users/aanyasingh/Projects/imagevalidation2/data/FloodingDataset2/processed_data/binary/train/non_flood/animal/animal_000254.jpg,3.147125244140625e-05,False
/Users/aanyasingh/Projects/imagevalidation2/data/FloodingDataset2/processed_data/binary/train/non_flood/building/building_000037.jpg,3.0875205993652344e-05,False
/Users/aanyasingh/Projects/imagevalidation2/data/FloodingDataset2/processed_data/binary/train/non_flood/park_walkway/park_walkway_000378.jpg,3.0875205993652344e-05,False
/Users/aanyasingh/Projects/imagevalidation2/data/FloodingDataset2/processed_data/binary/train/non_flood/park_walkway/park_walkway_000120.jpg,3.075599670410156e-05,False
/Users/aanyasingh/Projects/imagevalidation2/data/FloodingDataset2/processed_data/binary/train/non_flood/park_walkway/park_walkway_000316.jpg,3.075599670410156e-05,False
/Users/aanyasingh/Projects/imagevalidation2/data/FloodingDataset2/processed_data/binary/train/non_flood/street_clear/street_clear_000221.jpg,3.063678741455078e-05,False
/Users/aanyasingh/Projects/imagevalidation2/data/FloodingDataset2/processed_data/binary/train/non_flood/vehicle/vehicle_000223.jpg,3.063678741455078e-05,False
/Users/aanyasingh/Projects/imagevalidation2/data/FloodingDataset2/processed_data/binary/train/non_flood/vehicle/vehicle_000009.jpg,3.0517578125e-05,False
/Users/aanyasingh/Projects/imagevalidation2/data/FloodingDataset2/processed_data/binary/train/non_flood/vehicle/vehicle_000166.jpg,3.039836883544922e-05,False
/Users/aanyasingh/Projects/imagevalidation2/data/FloodingDataset2/processed_data/binary/train/non_flood/park_walkway/park_walkway_000405.jpg,3.0159950256347656e-05,False
/Users/aanyasingh/Projects/imagevalidation2/data/FloodingDataset2/processed_data/binary/train/non_flood/street_clear/street_clear_000085.jpg,2.9921531677246094e-05,False
/Users/aanyasingh/Projects/imagevalidation2/data/FloodingDataset2/processed_data/binary/train/non_flood/street_clear/street_clear_000550.jpg,2.9921531677246094e-05,False
/Users/aanyasingh/Projects/imagevalidation2/data/FloodingDataset2/processed_data/binary/train/non_flood/street_clear/street_clear_000076.jpg,2.9802322387695312e-05,False
/Users/aanyasingh/Projects/imagevalidation2/data/FloodingDataset2/processed_data/binary/train/non_flood/building/building_000014.jpg,2.968311309814453e-05,False
/Users/aanyasingh/Projects/imagevalidation2/data/FloodingDataset2/processed_data/binary/train/non_flood/park_walkway/park_walkway_000075.jpg,2.968311309814453e-05,False
/Users/aanyasingh/Projects/imagevalidation2/data/FloodingDataset2/processed_data/binary/train/non_flood/street_clear/street_clear_000010.jpg,2.956390380859375e-05,False
/Users/aanyasingh/Projects/imagevalidation2/data/FloodingDataset2/processed_data/binary/train/non_flood/park_walkway/park_walkway_000177.jpg,2.944469451904297e-05,False
/Users/aanyasingh/Projects/imagevalidation2/data/FloodingDataset2/processed_data/binary/train/non_flood/plant/plant_000172.jpg,2.944469451904297e-05,False
/Users/aanyasingh/Projects/imagevalidation2/data/FloodingDataset2/processed_data/binary/train/non_flood/animal/animal_000204.jpg,2.9206275939941406e-05,False
/Users/aanyasingh/Projects/imagevalidation2/data/FloodingDataset2/processed_data/binary/train/non_flood/street_clear/street_clear_000020.jpg,2.9206275939941406e-05,False
/Users/aanyasingh/Projects/imagevalidation2/data/FloodingDataset2/processed_data/binary/train/non_flood/street_clear/street_clear_000250.jpg,2.9087066650390625e-05,False
/Users/aanyasingh/Projects/imagevalidation2/data/FloodingDataset2/processed_data/binary/train/non_flood/swimming_pool/swimming_pool_000011.jpg,2.8967857360839844e-05,False
/Users/aanyasingh/Projects/imagevalidation2/data/FloodingDataset2/processed_data/binary/train/non_flood/street_clear/street_clear_000382.jpg,2.872943878173828e-05,False
/Users/aanyasingh/Projects/imagevalidation2/data/FloodingDataset2/processed_data/binary/train/non_flood/street_clear/street_clear_000195.jpg,2.8371810913085938e-05,False
/Users/aanyasingh/Projects/imagevalidation2/data/FloodingDataset2/processed_data/binary/train/non_flood/river/river_000265.jpg,2.8252601623535156e-05,False
/Users/aanyasingh/Projects/imagevalidation2/data/FloodingDataset2/processed_data/binary/train/non_flood/building/building_000076.jpg,2.8133392333984375e-05,False
/Users/aanyasingh/Projects/imagevalidation2/data/FloodingDataset2/processed_data/binary/train/non_flood/street_clear/street_clear_000171.jpg,2.8014183044433594e-05,False
/Users/aanyasingh/Projects/imagevalidation2/data/FloodingDataset2/processed_data/binary/train/non_flood/park_walkway/park_walkway_000181.jpg,2.7894973754882812e-05,False
/Users/aanyasingh/Projects/imagevalidation2/data/FloodingDataset2/processed_data/binary/train/non_flood/park_walkway/park_walkway_000250.jpg,2.7894973754882812e-05,False
/Users/aanyasingh/Projects/imagevalidation2/data/FloodingDataset2/processed_data/binary/train/non_flood/park_walkway/park_walkway_000033.jpg,2.777576446533203e-05,False
/Users/aanyasingh/Projects/imagevalidation2/data/FloodingDataset2/processed_data/binary/train/non_flood/plant/plant_000139.jpg,2.753734588623047e-05,False
/Users/aanyasingh/Projects/imagevalidation2/data/FloodingDataset2/processed_data/binary/train/non_flood/street_clear/street_clear_000363.jpg,2.753734588623047e-05,False
/Users/aanyasingh/Projects/imagevalidation2/data/FloodingDataset2/processed_data/binary/train/non_flood/street_clear/street_clear_000546.jpg,2.753734588623047e-05,False
/Users/aanyasingh/Projects/imagevalidation2/data/FloodingDataset2/processed_data/binary/train/non_flood/park_walkway/park_walkway_000257.jpg,2.7418136596679688e-05,False
/Users/aanyasingh/Projects/imagevalidation2/data/FloodingDataset2/processed_data/binary/train/non_flood/park_walkway/park_walkway_000205.jpg,2.7298927307128906e-05,False
/Users/aanyasingh/Projects/imagevalidation2/data/FloodingDataset2/processed_data/binary/train/non_flood/street_clear/street_clear_000113.jpg,2.7298927307128906e-05,False
/Users/aanyasingh/Projects/imagevalidation2/data/FloodingDataset2/processed_data/binary/train/non_flood/street_clear/street_clear_000578.jpg,2.7179718017578125e-05,False
/Users/aanyasingh/Projects/imagevalidation2/data/FloodingDataset2/processed_data/binary/train/non_flood/animal/animal_000291.jpg,2.7060508728027344e-05,False
/Users/aanyasingh/Projects/imagevalidation2/data/FloodingDataset2/processed_data/binary/train/non_flood/swimming_pool/swimming_pool_000006.jpg,2.682209014892578e-05,False
/Users/aanyasingh/Projects/imagevalidation2/data/FloodingDataset2/processed_data/binary/train/non_flood/park_walkway/park_walkway_000311.jpg,2.658367156982422e-05,False
/Users/aanyasingh/Projects/imagevalidation2/data/FloodingDataset2/processed_data/binary/train/non_flood/swimming_pool/swimming_pool_000058.jpg,2.658367156982422e-05,False
/Users/aanyasingh/Projects/imagevalidation2/data/FloodingDataset2/processed_data/binary/train/non_flood/building/building_000023.jpg,2.6464462280273438e-05,False
/Users/aanyasingh/Projects/imagevalidation2/data/FloodingDataset2/processed_data/binary/train/non_flood/park_walkway/park_walkway_000236.jpg,2.5987625122070312e-05,False
/Users/aanyasingh/Projects/imagevalidation2/data/FloodingDataset2/processed_data/binary/train/non_flood/street_clear/street_clear_000420.jpg,2.586841583251953e-05,False
/Users/aanyasingh/Projects/imagevalidation2/data/FloodingDataset2/processed_data/binary/train/non_flood/street_clear/street_clear_000404.jpg,2.574920654296875e-05,False
/Users/aanyasingh/Projects/imagevalidation2/data/FloodingDataset2/processed_data/binary/train/non_flood/park_walkway/park_walkway_000288.jpg,2.5510787963867188e-05,False
/Users/aanyasingh/Projects/imagevalidation2/data/FloodingDataset2/processed_data/binary/train/non_flood/building/building_000091.jpg,2.5391578674316406e-05,False
/Users/aanyasingh/Projects/imagevalidation2/data/FloodingDataset2/processed_data/binary/train/non_flood/park_walkway/park_walkway_000049.jpg,2.5153160095214844e-05,False
/Users/aanyasingh/Projects/imagevalidation2/data/FloodingDataset2/processed_data/binary/train/non_flood/park_walkway/park_walkway_000368.jpg,2.5153160095214844e-05,False
/Users/aanyasingh/Projects/imagevalidation2/data/FloodingDataset2/processed_data/binary/train/non_flood/plant/plant_000036.jpg,2.5153160095214844e-05,False
/Users/aanyasingh/Projects/imagevalidation2/data/FloodingDataset2/processed_data/binary/train/non_flood/plant/plant_000164.jpg,2.467632293701172e-05,False
/Users/aanyasingh/Projects/imagevalidation2/data/FloodingDataset2/processed_data/binary/train/non_flood/animal/animal_000069.jpg,2.4437904357910156e-05,False
/Users/aanyasingh/Projects/imagevalidation2/data/FloodingDataset2/processed_data/binary/train/non_flood/river/river_000057.jpg,2.4437904357910156e-05,False
/Users/aanyasingh/Projects/imagevalidation2/data/FloodingDataset2/processed_data/binary/train/non_flood/street_clear/street_clear_000434.jpg,2.4437904357910156e-05,False
/Users/aanyasingh/Projects/imagevalidation2/data/FloodingDataset2/processed_data/binary/train/non_flood/animal/animal_000091.jpg,2.4199485778808594e-05,False
/Users/aanyasingh/Projects/imagevalidation2/data/FloodingDataset2/processed_data/binary/train/non_flood/park_walkway/park_walkway_000379.jpg,2.4080276489257812e-05,False
/Users/aanyasingh/Projects/imagevalidation2/data/FloodingDataset2/processed_data/binary/train/non_flood/swimming_pool/swimming_pool_000036.jpg,2.4080276489257812e-05,False
/Users/aanyasingh/Projects/imagevalidation2/data/FloodingDataset2/processed_data/binary/train/non_flood/park_walkway/park_walkway_000390.jpg,2.396106719970703e-05,False
/Users/aanyasingh/Projects/imagevalidation2/data/FloodingDataset2/processed_data/binary/train/non_flood/plant/plant_000041.jpg,2.384185791015625e-05,False
/Users/aanyasingh/Projects/imagevalidation2/data/FloodingDataset2/processed_data/binary/train/non_flood/animal/animal_000122.jpg,2.372264862060547e-05,False
/Users/aanyasingh/Projects/imagevalidation2/data/FloodingDataset2/processed_data/binary/train/non_flood/park_walkway/park_walkway_000376.jpg,2.3603439331054688e-05,False
/Users/aanyasingh/Projects/imagevalidation2/data/FloodingDataset2/processed_data/binary/train/non_flood/building/building_000007.jpg,2.3484230041503906e-05,False
/Users/aanyasingh/Projects/imagevalidation2/data/FloodingDataset2/processed_data/binary/train/non_flood/building/building_000053.jpg,2.3484230041503906e-05,False
/Users/aanyasingh/Projects/imagevalidation2/data/FloodingDataset2/processed_data/binary/train/non_flood/street_clear/street_clear_000383.jpg,2.3484230041503906e-05,False
/Users/aanyasingh/Projects/imagevalidation2/data/FloodingDataset2/processed_data/binary/train/non_flood/plant/plant_000083.jpg,2.3245811462402344e-05,False
/Users/aanyasingh/Projects/imagevalidation2/data/FloodingDataset2/processed_data/binary/train/non_flood/plant/plant_000114.jpg,2.3126602172851562e-05,False
/Users/aanyasingh/Projects/imagevalidation2/data/FloodingDataset2/processed_data/binary/train/non_flood/park_walkway/park_walkway_000325.jpg,2.300739288330078e-05,False
/Users/aanyasingh/Projects/imagevalidation2/data/FloodingDataset2/processed_data/binary/train/non_flood/vehicle/vehicle_000030.jpg,2.276897430419922e-05,False
/Users/aanyasingh/Projects/imagevalidation2/data/FloodingDataset2/processed_data/binary/train/non_flood/vehicle/vehicle_000014.jpg,2.2530555725097656e-05,False
/Users/aanyasingh/Projects/imagevalidation2/data/FloodingDataset2/processed_data/binary/train/non_flood/park_walkway/park_walkway_000175.jpg,2.2411346435546875e-05,False
/Users/aanyasingh/Projects/imagevalidation2/data/FloodingDataset2/processed_data/binary/train/non_flood/park_walkway/park_walkway_000215.jpg,2.2172927856445312e-05,False
/Users/aanyasingh/Projects/imagevalidation2/data/FloodingDataset2/processed_data/binary/train/non_flood/street_clear/street_clear_000063.jpg,2.2172927856445312e-05,False
/Users/aanyasingh/Projects/imagevalidation2/data/FloodingDataset2/processed_data/binary/train/non_flood/park_walkway/park_walkway_000167.jpg,2.205371856689453e-05,False
/Users/aanyasingh/Projects/imagevalidation2/data/FloodingDataset2/processed_data/binary/train/non_flood/plant/plant_000001.jpg,2.205371856689453e-05,False
/Users/aanyasingh/Projects/imagevalidation2/data/FloodingDataset2/processed_data/binary/train/non_flood/street_clear/street_clear_000091.jpg,2.205371856689453e-05,False
/Users/aanyasingh/Projects/imagevalidation2/data/FloodingDataset2/processed_data/binary/train/non_flood/park_walkway/park_walkway_000260.jpg,2.181529998779297e-05,False
/Users/aanyasingh/Projects/imagevalidation2/data/FloodingDataset2/processed_data/binary/train/non_flood/street_clear/street_clear_000560.jpg,2.1696090698242188e-05,False
/Users/aanyasingh/Projects/imagevalidation2/data/FloodingDataset2/processed_data/binary/train/non_flood/street_clear/street_clear_000260.jpg,2.09808349609375e-05,False
/Users/aanyasingh/Projects/imagevalidation2/data/FloodingDataset2/processed_data/binary/train/non_flood/street_clear/street_clear_000251.jpg,2.0265579223632812e-05,False
/Users/aanyasingh/Projects/imagevalidation2/data/FloodingDataset2/processed_data/binary/train/non_flood/street_clear/street_clear_000377.jpg,2.0265579223632812e-05,False
/Users/aanyasingh/Projects/imagevalidation2/data/FloodingDataset2/processed_data/binary/train/non_flood/street_clear/street_clear_000123.jpg,2.014636993408203e-05,False
/Users/aanyasingh/Projects/imagevalidation2/data/FloodingDataset2/processed_data/binary/train/non_flood/street_clear/street_clear_000130.jpg,2.002716064453125e-05,False
/Users/aanyasingh/Projects/imagevalidation2/data/FloodingDataset2/processed_data/binary/train/non_flood/building/building_000003.jpg,1.9788742065429688e-05,False
/Users/aanyasingh/Projects/imagevalidation2/data/FloodingDataset2/processed_data/binary/train/non_flood/building/building_000089.jpg,1.9788742065429688e-05,False
/Users/aanyasingh/Projects/imagevalidation2/data/FloodingDataset2/processed_data/binary/train/non_flood/swimming_pool/swimming_pool_000045.jpg,1.9788742065429688e-05,False
/Users/aanyasingh/Projects/imagevalidation2/data/FloodingDataset2/processed_data/binary/train/non_flood/park_walkway/park_walkway_000371.jpg,1.9669532775878906e-05,False
/Users/aanyasingh/Projects/imagevalidation2/data/FloodingDataset2/processed_data/binary/train/non_flood/park_walkway/park_walkway_000107.jpg,1.9311904907226562e-05,False
/Users/aanyasingh/Projects/imagevalidation2/data/FloodingDataset2/processed_data/binary/train/non_flood/park_walkway/park_walkway_000253.jpg,1.9311904907226562e-05,False
/Users/aanyasingh/Projects/imagevalidation2/data/FloodingDataset2/processed_data/binary/train/non_flood/vehicle/vehicle_000184.jpg,1.9311904907226562e-05,False
/Users/aanyasingh/Projects/imagevalidation2/data/FloodingDataset2/processed_data/binary/train/non_flood/park_walkway/park_walkway_000172.jpg,1.9073486328125e-05,False
/Users/aanyasingh/Projects/imagevalidation2/data/FloodingDataset2/processed_data/binary/train/non_flood/street_clear/street_clear_000218.jpg,1.8835067749023438e-05,False
/Users/aanyasingh/Projects/imagevalidation2/data/FloodingDataset2/processed_data/binary/train/non_flood/street_clear/street_clear_000384.jpg,1.8835067749023438e-05,False
/Users/aanyasingh/Projects/imagevalidation2/data/FloodingDataset2/processed_data/binary/train/non_flood/building/building_000098.jpg,1.8358230590820312e-05,False
/Users/aanyasingh/Projects/imagevalidation2/data/FloodingDataset2/processed_data/binary/train/non_flood/park_walkway/park_walkway_000276.jpg,1.811981201171875e-05,False
/Users/aanyasingh/Projects/imagevalidation2/data/FloodingDataset2/processed_data/binary/train/non_flood/park_walkway/park_walkway_000093.jpg,1.800060272216797e-05,False
/Users/aanyasingh/Projects/imagevalidation2/data/FloodingDataset2/processed_data/binary/train/non_flood/park_walkway/park_walkway_000331.jpg,1.800060272216797e-05,False
/Users/aanyasingh/Projects/imagevalidation2/data/FloodingDataset2/processed_data/binary/train/non_flood/swimming_pool/swimming_pool_000083.jpg,1.800060272216797e-05,False
/Users/aanyasingh/Projects/imagevalidation2/data/FloodingDataset2/processed_data/binary/train/non_flood/park_walkway/park_walkway_000385.jpg,1.7881393432617188e-05,False
/Users/aanyasingh/Projects/imagevalidation2/data/FloodingDataset2/processed_data/binary/train/non_flood/plant/plant_000042.jpg,1.7881393432617188e-05,False
/Users/aanyasingh/Projects/imagevalidation2/data/FloodingDataset2/processed_data/binary/train/non_flood/vehicle/vehicle_000165.jpg,1.7881393432617188e-05,False
/Users/aanyasingh/Projects/imagevalidation2/data/FloodingDataset2/processed_data/binary/train/non_flood/plant/plant_000048.jpg,1.7762184143066406e-05,False
/Users/aanyasingh/Projects/imagevalidation2/data/FloodingDataset2/processed_data/binary/train/non_flood/plant/plant_000067.jpg,1.7642974853515625e-05,False
/Users/aanyasingh/Projects/imagevalidation2/data/FloodingDataset2/processed_data/binary/train/non_flood/street_clear/street_clear_000300.jpg,1.728534698486328e-05,False
/Users/aanyasingh/Projects/imagevalidation2/data/FloodingDataset2/processed_data/binary/train/non_flood/building/building_000068.jpg,1.71661376953125e-05,False
/Users/aanyasingh/Projects/imagevalidation2/data/FloodingDataset2/processed_data/binary/train/non_flood/park_walkway/park_walkway_000035.jpg,1.6808509826660156e-05,False
/Users/aanyasingh/Projects/imagevalidation2/data/FloodingDataset2/processed_data/binary/train/non_flood/park_walkway/park_walkway_000154.jpg,1.6450881958007812e-05,False
/Users/aanyasingh/Projects/imagevalidation2/data/FloodingDataset2/processed_data/binary/train/non_flood/building/building_000131.jpg,1.621246337890625e-05,False
/Users/aanyasingh/Projects/imagevalidation2/data/FloodingDataset2/processed_data/binary/train/non_flood/street_clear/street_clear_000118.jpg,1.621246337890625e-05,False
/Users/aanyasingh/Projects/imagevalidation2/data/FloodingDataset2/processed_data/binary/train/non_flood/street_clear/street_clear_000274.jpg,1.5974044799804688e-05,False
/Users/aanyasingh/Projects/imagevalidation2/data/FloodingDataset2/processed_data/binary/train/non_flood/swimming_pool/swimming_pool_000052.jpg,1.5854835510253906e-05,False
/Users/aanyasingh/Projects/imagevalidation2/data/FloodingDataset2/processed_data/binary/train/non_flood/vehicle/vehicle_000183.jpg,1.5854835510253906e-05,False
/Users/aanyasingh/Projects/imagevalidation2/data/FloodingDataset2/processed_data/binary/train/non_flood/building/building_000105.jpg,1.5735626220703125e-05,False
/Users/aanyasingh/Projects/imagevalidation2/data/FloodingDataset2/processed_data/binary/train/non_flood/building/building_000236.jpg,1.5616416931152344e-05,False
/Users/aanyasingh/Projects/imagevalidation2/data/FloodingDataset2/processed_data/binary/train/non_flood/plant/plant_000016.jpg,1.5616416931152344e-05,False
/Users/aanyasingh/Projects/imagevalidation2/data/FloodingDataset2/processed_data/binary/train/non_flood/plant/plant_000082.jpg,1.537799835205078e-05,False
/Users/aanyasingh/Projects/imagevalidation2/data/FloodingDataset2/processed_data/binary/train/non_flood/street_clear/street_clear_000216.jpg,1.537799835205078e-05,False
/Users/aanyasingh/Projects/imagevalidation2/data/FloodingDataset2/processed_data/binary/train/non_flood/park_walkway/park_walkway_000380.jpg,1.52587890625e-05,False
/Users/aanyasingh/Projects/imagevalidation2/data/FloodingDataset2/processed_data/binary/train/non_flood/park_walkway/park_walkway_000076.jpg,1.5020370483398438e-05,False
/Users/aanyasingh/Projects/imagevalidation2/data/FloodingDataset2/processed_data/binary/train/non_flood/street_clear/street_clear_000096.jpg,1.5020370483398438e-05,False
/Users/aanyasingh/Projects/imagevalidation2/data/FloodingDataset2/processed_data/binary/train/non_flood/river/river_000138.jpg,1.4901161193847656e-05,False
/Users/aanyasingh/Projects/imagevalidation2/data/FloodingDataset2/processed_data/binary/train/non_flood/street_clear/street_clear_000573.jpg,1.4424324035644531e-05,False
/Users/aanyasingh/Projects/imagevalidation2/data/FloodingDataset2/processed_data/binary/train/non_flood/plant/plant_000170.jpg,1.430511474609375e-05,False
/Users/aanyasingh/Projects/imagevalidation2/data/FloodingDataset2/processed_data/binary/train/non_flood/street_clear/street_clear_000415.jpg,1.430511474609375e-05,False
/Users/aanyasingh/Projects/imagevalidation2/data/FloodingDataset2/processed_data/binary/train/non_flood/park_walkway/park_walkway_000036.jpg,1.4185905456542969e-05,False
/Users/aanyasingh/Projects/imagevalidation2/data/FloodingDataset2/processed_data/binary/train/non_flood/street_clear/street_clear_000448.jpg,1.4185905456542969e-05,False
/Users/aanyasingh/Projects/imagevalidation2/data/FloodingDataset2/processed_data/binary/train/non_flood/vehicle/vehicle_000234.jpg,1.4185905456542969e-05,False
/Users/aanyasingh/Projects/imagevalidation2/data/FloodingDataset2/processed_data/binary/train/non_flood/park_walkway/park_walkway_000121.jpg,1.4066696166992188e-05,False
/Users/aanyasingh/Projects/imagevalidation2/data/FloodingDataset2/processed_data/binary/train/non_flood/building/building_000183.jpg,1.3947486877441406e-05,False
/Users/aanyasingh/Projects/imagevalidation2/data/FloodingDataset2/processed_data/binary/train/non_flood/park_walkway/park_walkway_000012.jpg,1.3947486877441406e-05,False
/Users/aanyasingh/Projects/imagevalidation2/data/FloodingDataset2/processed_data/binary/train/non_flood/street_clear/street_clear_000461.jpg,1.3947486877441406e-05,False
/Users/aanyasingh/Projects/imagevalidation2/data/FloodingDataset2/processed_data/binary/train/non_flood/building/building_000195.jpg,1.3709068298339844e-05,False
/Users/aanyasingh/Projects/imagevalidation2/data/FloodingDataset2/processed_data/binary/train/non_flood/plant/plant_000104.jpg,1.3589859008789062e-05,False
/Users/aanyasingh/Projects/imagevalidation2/data/FloodingDataset2/processed_data/binary/train/non_flood/park_walkway/park_walkway_000105.jpg,1.3470649719238281e-05,False
/Users/aanyasingh/Projects/imagevalidation2/data/FloodingDataset2/processed_data/binary/train/non_flood/vehicle/vehicle_000189.jpg,1.3470649719238281e-05,False
/Users/aanyasingh/Projects/imagevalidation2/data/FloodingDataset2/processed_data/binary/train/non_flood/park_walkway/park_walkway_000333.jpg,1.33514404296875e-05,False
/Users/aanyasingh/Projects/imagevalidation2/data/FloodingDataset2/processed_data/binary/train/non_flood/street_clear/street_clear_000028.jpg,1.33514404296875e-05,False
/Users/aanyasingh/Projects/imagevalidation2/data/FloodingDataset2/processed_data/binary/train/non_flood/street_clear/street_clear_000307.jpg,1.3113021850585938e-05,False
/Users/aanyasingh/Projects/imagevalidation2/data/FloodingDataset2/processed_data/binary/train/non_flood/park_walkway/park_walkway_000248.jpg,1.2874603271484375e-05,False
/Users/aanyasingh/Projects/imagevalidation2/data/FloodingDataset2/processed_data/binary/train/non_flood/plant/plant_000130.jpg,1.2755393981933594e-05,False
/Users/aanyasingh/Projects/imagevalidation2/data/FloodingDataset2/processed_data/binary/train/non_flood/park_walkway/park_walkway_000045.jpg,1.2636184692382812e-05,False
/Users/aanyasingh/Projects/imagevalidation2/data/FloodingDataset2/processed_data/binary/train/non_flood/street_clear/street_clear_000410.jpg,1.239776611328125e-05,False
/Users/aanyasingh/Projects/imagevalidation2/data/FloodingDataset2/processed_data/binary/train/non_flood/plant/plant_000045.jpg,1.2159347534179688e-05,False
/Users/aanyasingh/Projects/imagevalidation2/data/FloodingDataset2/processed_data/binary/train/non_flood/plant/plant_000040.jpg,1.1801719665527344e-05,False
/Users/aanyasingh/Projects/imagevalidation2/data/FloodingDataset2/processed_data/binary/train/non_flood/street_clear/street_clear_000062.jpg,1.1444091796875e-05,False
/Users/aanyasingh/Projects/imagevalidation2/data/FloodingDataset2/processed_data/binary/train/non_flood/street_clear/street_clear_000239.jpg,1.1444091796875e-05,False
/Users/aanyasingh/Projects/imagevalidation2/data/FloodingDataset2/processed_data/binary/train/non_flood/street_clear/street_clear_000296.jpg,1.1444091796875e-05,False
/Users/aanyasingh/Projects/imagevalidation2/data/FloodingDataset2/processed_data/binary/train/non_flood/park_walkway/park_walkway_000143.jpg,1.049041748046875e-05,False
/Users/aanyasingh/Projects/imagevalidation2/data/FloodingDataset2/processed_data/binary/train/non_flood/park_walkway/park_walkway_000347.jpg,1.049041748046875e-05,False
/Users/aanyasingh/Projects/imagevalidation2/data/FloodingDataset2/processed_data/binary/train/non_flood/street_clear/street_clear_000572.jpg,1.049041748046875e-05,False
/Users/aanyasingh/Projects/imagevalidation2/data/FloodingDataset2/processed_data/binary/train/non_flood/swimming_pool/swimming_pool_000096.jpg,1.049041748046875e-05,False
/Users/aanyasingh/Projects/imagevalidation2/data/FloodingDataset2/processed_data/binary/train/non_flood/building/building_000094.jpg,1.0251998901367188e-05,False
/Users/aanyasingh/Projects/imagevalidation2/data/FloodingDataset2/processed_data/binary/train/non_flood/park_walkway/park_walkway_000111.jpg,1.0132789611816406e-05,False
/Users/aanyasingh/Projects/imagevalidation2/data/FloodingDataset2/processed_data/binary/train/non_flood/park_walkway/park_walkway_000291.jpg,1.0013580322265625e-05,False
/Users/aanyasingh/Projects/imagevalidation2/data/FloodingDataset2/processed_data/binary/train/non_flood/street_clear/street_clear_000349.jpg,1.0013580322265625e-05,False
/Users/aanyasingh/Projects/imagevalidation2/data/FloodingDataset2/processed_data/binary/train/non_flood/park_walkway/park_walkway_000280.jpg,9.894371032714844e-06,False
/Users/aanyasingh/Projects/imagevalidation2/data/FloodingDataset2/processed_data/binary/train/non_flood/street_clear/street_clear_000014.jpg,9.775161743164062e-06,False
/Users/aanyasingh/Projects/imagevalidation2/data/FloodingDataset2/processed_data/binary/train/non_flood/street_clear/street_clear_000378.jpg,9.775161743164062e-06,False
/Users/aanyasingh/Projects/imagevalidation2/data/FloodingDataset2/processed_data/binary/train/non_flood/street_clear/street_clear_000504.jpg,9.775161743164062e-06,False
/Users/aanyasingh/Projects/imagevalidation2/data/FloodingDataset2/processed_data/binary/train/non_flood/building/building_000073.jpg,9.655952453613281e-06,False
/Users/aanyasingh/Projects/imagevalidation2/data/FloodingDataset2/processed_data/binary/train/non_flood/park_walkway/park_walkway_000346.jpg,9.655952453613281e-06,False
/Users/aanyasingh/Projects/imagevalidation2/data/FloodingDataset2/processed_data/binary/train/non_flood/street_clear/street_clear_000272.jpg,9.417533874511719e-06,False
/Users/aanyasingh/Projects/imagevalidation2/data/FloodingDataset2/processed_data/binary/train/non_flood/street_clear/street_clear_000421.jpg,8.940696716308594e-06,False
/Users/aanyasingh/Projects/imagevalidation2/data/FloodingDataset2/processed_data/binary/train/non_flood/street_clear/street_clear_000053.jpg,8.702278137207031e-06,False
/Users/aanyasingh/Projects/imagevalidation2/data/FloodingDataset2/processed_data/binary/train/non_flood/building/building_000018.jpg,8.58306884765625e-06,False
/Users/aanyasingh/Projects/imagevalidation2/data/FloodingDataset2/processed_data/binary/train/non_flood/park_walkway/park_walkway_000249.jpg,8.58306884765625e-06,False
/Users/aanyasingh/Projects/imagevalidation2/data/FloodingDataset2/processed_data/binary/train/non_flood/park_walkway/park_walkway_000139.jpg,8.225440979003906e-06,False
/Users/aanyasingh/Projects/imagevalidation2/data/FloodingDataset2/processed_data/binary/train/non_flood/street_clear/street_clear_000008.jpg,8.106231689453125e-06,False
/Users/aanyasingh/Projects/imagevalidation2/data/FloodingDataset2/processed_data/binary/train/non_flood/plant/plant_000024.jpg,7.987022399902344e-06,False
/Users/aanyasingh/Projects/imagevalidation2/data/FloodingDataset2/processed_data/binary/train/non_flood/plant/plant_000018.jpg,7.867813110351562e-06,False
/Users/aanyasingh/Projects/imagevalidation2/data/FloodingDataset2/processed_data/binary/train/non_flood/park_walkway/park_walkway_000133.jpg,7.510185241699219e-06,False
/Users/aanyasingh/Projects/imagevalidation2/data/FloodingDataset2/processed_data/binary/train/non_flood/swimming_pool/swimming_pool_000082.jpg,7.3909759521484375e-06,False
/Users/aanyasingh/Projects/imagevalidation2/data/FloodingDataset2/processed_data/binary/train/non_flood/park_walkway/park_walkway_000038.jpg,7.271766662597656e-06,False
/Users/aanyasingh/Projects/imagevalidation2/data/FloodingDataset2/processed_data/binary/train/non_flood/building/building_000265.jpg,7.152557373046875e-06,False
/Users/aanyasingh/Projects/imagevalidation2/data/FloodingDataset2/processed_data/binary/train/non_flood/park_walkway/park_walkway_000044.jpg,6.9141387939453125e-06,False
/Users/aanyasingh/Projects/imagevalidation2/data/FloodingDataset2/processed_data/binary/train/non_flood/street_clear/street_clear_000328.jpg,6.794929504394531e-06,False
/Users/aanyasingh/Projects/imagevalidation2/data/FloodingDataset2/processed_data/binary/train/non_flood/street_clear/street_clear_000039.jpg,6.556510925292969e-06,False
/Users/aanyasingh/Projects/imagevalidation2/data/FloodingDataset2/processed_data/binary/train/non_flood/river/river_000139.jpg,6.4373016357421875e-06,False
/Users/aanyasingh/Projects/imagevalidation2/data/FloodingDataset2/processed_data/binary/train/non_flood/park_walkway/park_walkway_000151.jpg,6.198883056640625e-06,False
/Users/aanyasingh/Projects/imagevalidation2/data/FloodingDataset2/processed_data/binary/train/non_flood/park_walkway/park_walkway_000229.jpg,5.9604644775390625e-06,False
/Users/aanyasingh/Projects/imagevalidation2/data/FloodingDataset2/processed_data/binary/train/non_flood/park_walkway/park_walkway_000273.jpg,5.9604644775390625e-06,False
/Users/aanyasingh/Projects/imagevalidation2/data/FloodingDataset2/processed_data/binary/train/non_flood/park_walkway/park_walkway_000343.jpg,5.7220458984375e-06,False
/Users/aanyasingh/Projects/imagevalidation2/data/FloodingDataset2/processed_data/binary/train/non_flood/plant/plant_000169.jpg,5.7220458984375e-06,False
/Users/aanyasingh/Projects/imagevalidation2/data/FloodingDataset2/processed_data/binary/train/non_flood/plant/plant_000124.jpg,5.602836608886719e-06,False
/Users/aanyasingh/Projects/imagevalidation2/data/FloodingDataset2/processed_data/binary/train/non_flood/street_clear/street_clear_000273.jpg,5.602836608886719e-06,False
/Users/aanyasingh/Projects/imagevalidation2/data/FloodingDataset2/processed_data/binary/train/non_flood/street_clear/street_clear_000050.jpg,5.364418029785156e-06,False
/Users/aanyasingh/Projects/imagevalidation2/data/FloodingDataset2/processed_data/binary/train/non_flood/street_clear/street_clear_000302.jpg,5.364418029785156e-06,False
/Users/aanyasingh/Projects/imagevalidation2/data/FloodingDataset2/processed_data/binary/train/non_flood/park_walkway/park_walkway_000355.jpg,5.245208740234375e-06,False
/Users/aanyasingh/Projects/imagevalidation2/data/FloodingDataset2/processed_data/binary/train/non_flood/plant/plant_000055.jpg,5.245208740234375e-06,False
/Users/aanyasingh/Projects/imagevalidation2/data/FloodingDataset2/processed_data/binary/train/non_flood/street_clear/street_clear_000398.jpg,5.245208740234375e-06,False
/Users/aanyasingh/Projects/imagevalidation2/data/FloodingDataset2/processed_data/binary/train/non_flood/park_walkway/park_walkway_000216.jpg,5.125999450683594e-06,False
/Users/aanyasingh/Projects/imagevalidation2/data/FloodingDataset2/processed_data/binary/train/non_flood/park_walkway/park_walkway_000117.jpg,5.0067901611328125e-06,False
/Users/aanyasingh/Projects/imagevalidation2/data/FloodingDataset2/processed_data/binary/train/non_flood/park_walkway/park_walkway_000337.jpg,5.0067901611328125e-06,False
/Users/aanyasingh/Projects/imagevalidation2/data/FloodingDataset2/processed_data/binary/train/non_flood/street_clear/street_clear_000211.jpg,4.887580871582031e-06,False
/Users/aanyasingh/Projects/imagevalidation2/data/FloodingDataset2/processed_data/binary/train/non_flood/street_clear/street_clear_000510.jpg,4.887580871582031e-06,False
/Users/aanyasingh/Projects/imagevalidation2/data/FloodingDataset2/processed_data/binary/train/non_flood/park_walkway/park_walkway_000087.jpg,4.410743713378906e-06,False
/Users/aanyasingh/Projects/imagevalidation2/data/FloodingDataset2/processed_data/binary/train/non_flood/street_clear/street_clear_000154.jpg,4.410743713378906e-06,False
/Users/aanyasingh/Projects/imagevalidation2/data/FloodingDataset2/processed_data/binary/train/non_flood/park_walkway/park_walkway_000244.jpg,4.291534423828125e-06,False
/Users/aanyasingh/Projects/imagevalidation2/data/FloodingDataset2/processed_data/binary/train/non_flood/park_walkway/park_walkway_000242.jpg,4.172325134277344e-06,False
/Users/aanyasingh/Projects/imagevalidation2/data/FloodingDataset2/processed_data/binary/train/non_flood/street_clear/street_clear_000339.jpg,4.172325134277344e-06,False
/Users/aanyasingh/Projects/imagevalidation2/data/FloodingDataset2/processed_data/binary/train/non_flood/street_clear/street_clear_000230.jpg,3.6954879760742188e-06,False
/Users/aanyasingh/Projects/imagevalidation2/data/FloodingDataset2/processed_data/binary/train/non_flood/street_clear/street_clear_000112.jpg,3.337860107421875e-06,False
/Users/aanyasingh/Projects/imagevalidation2/data/FloodingDataset2/processed_data/binary/train/non_flood/street_clear/street_clear_000146.jpg,3.2186508178710938e-06,False
/Users/aanyasingh/Projects/imagevalidation2/data/FloodingDataset2/processed_data/binary/train/non_flood/street_clear/street_clear_000430.jpg,3.2186508178710938e-06,False
/Users/aanyasingh/Projects/imagevalidation2/data/FloodingDataset2/processed_data/binary/train/non_flood/street_clear/street_clear_000524.jpg,3.2186508178710938e-06,False
/Users/aanyasingh/Projects/imagevalidation2/data/FloodingDataset2/processed_data/binary/train/non_flood/building/building_000027.jpg,2.86102294921875e-06,False
/Users/aanyasingh/Projects/imagevalidation2/data/FloodingDataset2/processed_data/binary/train/non_flood/plant/plant_000037.jpg,2.86102294921875e-06,False
/Users/aanyasingh/Projects/imagevalidation2/data/FloodingDataset2/processed_data/binary/train/non_flood/park_walkway/park_walkway_000025.jpg,2.7418136596679688e-06,False
/Users/aanyasingh/Projects/imagevalidation2/data/FloodingDataset2/processed_data/binary/train/non_flood/plant/plant_000122.jpg,2.7418136596679688e-06,False
/Users/aanyasingh/Projects/imagevalidation2/data/FloodingDataset2/processed_data/binary/train/non_flood/park_walkway/park_walkway_000040.jpg,2.5033950805664062e-06,False
/Users/aanyasingh/Projects/imagevalidation2/data/FloodingDataset2/processed_data/binary/train/non_flood/street_clear/street_clear_000516.jpg,2.5033950805664062e-06,False
/Users/aanyasingh/Projects/imagevalidation2/data/FloodingDataset2/processed_data/binary/train/non_flood/park_walkway/park_walkway_000398.jpg,2.1457672119140625e-06,False
/Users/aanyasingh/Projects/imagevalidation2/data/FloodingDataset2/processed_data/binary/train/non_flood/park_walkway/park_walkway_000031.jpg,1.3113021850585938e-06,False
/Users/aanyasingh/Projects/imagevalidation2/data/FloodingDataset2/processed_data/binary/train/non_flood/street_clear/street_clear_000222.jpg,1.1920928955078125e-06,False
/Users/aanyasingh/Projects/imagevalidation2/data/FloodingDataset2/processed_data/binary/train/non_flood/park_walkway/park_walkway_000235.jpg,4.76837158203125e-07,False
/Users/aanyasingh/Projects/imagevalidation2/data/FloodingDataset2/processed_data/binary/train/non_flood/park_walkway/park_walkway_000002.jpg,3.5762786865234375e-07,False
