path,flood_prob,is_hard_negative
/Users/aanyasingh/Projects/imagevalidation2/data/FloodingDataset2/processed_data/binary/train/non_flood/river/river_000191.jpg,0.7985489517450333,True
/Users/aanyasingh/Projects/imagevalidation2/data/FloodingDataset2/processed_data/binary/train/non_flood/street_clear/street_clear_000207.jpg,0.3060171604156494,True
/Users/aanyasingh/Projects/imagevalidation2/data/FloodingDataset2/processed_data/binary/train/non_flood/river/river_000164.jpg,0.29722708463668823,True
/Users/aanyasingh/Projects/imagevalidation2/data/FloodingDataset2/processed_data/binary/train/non_flood/street_clear/street_clear_000202.jpg,0.2305738925933838,True
/Users/aanyasingh/Projects/imagevalidation2/data/FloodingDataset2/processed_data/binary/train/non_flood/river/river_000179.jpg,0.1863132119178772,True
/Users/aanyasingh/Projects/imagevalidation2/data/FloodingDataset2/processed_data/binary/train/non_flood/street_clear/street_clear_000357.jpg,0.18450844287872314,True
/Users/aanyasingh/Projects/imagevalidation2/data/FloodingDataset2/processed_data/binary/train/non_flood/street_clear/street_clear_000500.jpg,0.17904740571975708,True
/Users/aanyasingh/Projects/imagevalidation2/data/FloodingDataset2/processed_data/binary/train/non_flood/river/river_000268.jpg,0.1407182216644287,True
/Users/aanyasingh/Projects/imagevalidation2/data/FloodingDataset2/processed_data/binary/train/non_flood/street_clear/street_clear_000381.jpg,0.1392572522163391,True
/Users/aanyasingh/Projects/imagevalidation2/data/FloodingDataset2/processed_data/binary/train/non_flood/street_clear/street_clear_000484.jpg,0.12609487771987915,True
/Users/aanyasingh/Projects/imagevalidation2/data/FloodingDataset2/processed_data/binary/train/non_flood/plant/plant_000084.jpg,0.1216171383857727,True
/Users/aanyasingh/Projects/imagevalidation2/data/FloodingDataset2/processed_data/binary/train/non_flood/street_clear/street_clear_000304.jpg,0.11177229881286621,True
/Users/aanyasingh/Projects/imagevalidation2/data/FloodingDataset2/processed_data/binary/train/non_flood/river/river_000320.jpg,0.11146241426467896,True
/Users/aanyasingh/Projects/imagevalidation2/data/FloodingDataset2/processed_data/binary/train/non_flood/street_clear/street_clear_000016.jpg,0.11057239770889282,True
/Users/aanyasingh/Projects/imagevalidation2/data/FloodingDataset2/processed_data/binary/train/non_flood/street_clear/street_clear_000492.jpg,0.10830438137054443,True
/Users/aanyasingh/Projects/imagevalidation2/data/FloodingDataset2/processed_data/binary/train/non_flood/river/river_000229.jpg,0.09842616319656372,True
/Users/aanyasingh/Projects/imagevalidation2/data/FloodingDataset2/processed_data/binary/train/non_flood/building/building_000113.jpg,0.09653133153915405,True
/Users/aanyasingh/Projects/imagevalidation2/data/FloodingDataset2/processed_data/binary/train/non_flood/park_walkway/park_walkway_000258.jpg,0.09518778324127197,True
/Users/aanyasingh/Projects/imagevalidation2/data/FloodingDataset2/processed_data/binary/train/non_flood/river/river_000122.jpg,0.09366744756698608,True
/Users/aanyasingh/Projects/imagevalidation2/data/FloodingDataset2/processed_data/binary/train/non_flood/street_clear/street_clear_000291.jpg,0.09307122230529785,True
/Users/aanyasingh/Projects/imagevalidation2/data/FloodingDataset2/processed_data/binary/train/non_flood/animal/animal_000199.jpg,0.09294295310974121,True
/Users/aanyasingh/Projects/imagevalidation2/data/FloodingDataset2/processed_data/binary/train/non_flood/river/river_000071.jpg,0.09123826026916504,True
/Users/aanyasingh/Projects/imagevalidation2/data/FloodingDataset2/processed_data/binary/train/non_flood/river/river_000064.jpg,0.08547782897949219,True
/Users/aanyasingh/Projects/imagevalidation2/data/FloodingDataset2/processed_data/binary/train/non_flood/street_clear/street_clear_000175.jpg,0.08449482917785645,True
/Users/aanyasingh/Projects/imagevalidation2/data/FloodingDataset2/processed_data/binary/train/non_flood/street_clear/street_clear_000495.jpg,0.08192002773284912,True
/Users/aanyasingh/Projects/imagevalidation2/data/FloodingDataset2/processed_data/binary/train/non_flood/street_clear/street_clear_000227.jpg,0.08095961809158325,True
/Users/aanyasingh/Projects/imagevalidation2/data/FloodingDataset2/processed_data/binary/train/non_flood/building/building_000163.jpg,0.08073502779006958,True
/Users/aanyasingh/Projects/imagevalidation2/data/FloodingDataset2/processed_data/binary/train/non_flood/plant/plant_000134.jpg,0.08018660545349121,True
/Users/aanyasingh/Projects/imagevalidation2/data/FloodingDataset2/processed_data/binary/train/non_flood/river/river_000002.jpg,0.0788220763206482,True
/Users/aanyasingh/Projects/imagevalidation2/data/FloodingDataset2/processed_data/binary/train/non_flood/street_clear/street_clear_000041.jpg,0.07748520374298096,True
/Users/aanyasingh/Projects/imagevalidation2/data/FloodingDataset2/processed_data/binary/train/non_flood/river/river_000014.jpg,0.07631224393844604,True
/Users/aanyasingh/Projects/imagevalidation2/data/FloodingDataset2/processed_data/binary/train/non_flood/river/river_000397.jpg,0.07393622398376465,True
/Users/aanyasingh/Projects/imagevalidation2/data/FloodingDataset2/processed_data/binary/train/non_flood/street_clear/street_clear_000105.jpg,0.07376348972320557,True
/Users/aanyasingh/Projects/imagevalidation2/data/FloodingDataset2/processed_data/binary/train/non_flood/river/river_000125.jpg,0.07208740711212158,True
/Users/aanyasingh/Projects/imagevalidation2/data/FloodingDataset2/processed_data/binary/train/non_flood/street_clear/street_clear_000224.jpg,0.07204729318618774,True
/Users/aanyasingh/Projects/imagevalidation2/data/FloodingDataset2/processed_data/binary/train/non_flood/river/river_000350.jpg,0.07150423526763916,True
/Users/aanyasingh/Projects/imagevalidation2/data/FloodingDataset2/processed_data/binary/train/non_flood/street_clear/street_clear_000509.jpg,0.07057005167007446,True
/Users/aanyasingh/Projects/imagevalidation2/data/FloodingDataset2/processed_data/binary/train/non_flood/street_clear/street_clear_000380.jpg,0.07031893730163574,True
/Users/aanyasingh/Projects/imagevalidation2/data/FloodingDataset2/processed_data/binary/train/non_flood/river/river_000257.jpg,0.06973147392272949,True
/Users/aanyasingh/Projects/imagevalidation2/data/FloodingDataset2/processed_data/binary/train/non_flood/street_clear/street_clear_000267.jpg,0.06486916542053223,True
/Users/aanyasingh/Projects/imagevalidation2/data/FloodingDataset2/processed_data/binary/train/non_flood/street_clear/street_clear_000467.jpg,0.06391948461532593,True
/Users/aanyasingh/Projects/imagevalidation2/data/FloodingDataset2/processed_data/binary/train/non_flood/street_clear/street_clear_000071.jpg,0.06296670436859131,True
/Users/aanyasingh/Projects/imagevalidation2/data/FloodingDataset2/processed_data/binary/train/non_flood/river/river_000251.jpg,0.06134599447250366,True
/Users/aanyasingh/Projects/imagevalidation2/data/FloodingDataset2/processed_data/binary/train/non_flood/river/river_000001.jpg,0.06061577796936035,True
/Users/aanyasingh/Projects/imagevalidation2/data/FloodingDataset2/processed_data/binary/train/non_flood/street_clear/street_clear_000521.jpg,0.060214221477508545,True
/Users/aanyasingh/Projects/imagevalidation2/data/FloodingDataset2/processed_data/binary/train/non_flood/street_clear/street_clear_000436.jpg,0.058388352394104004,True
/Users/aanyasingh/Projects/imagevalidation2/data/FloodingDataset2/processed_data/binary/train/non_flood/river/river_000363.jpg,0.05732220411300659,True
/Users/aanyasingh/Projects/imagevalidation2/data/FloodingDataset2/processed_data/binary/train/non_flood/building/building_000140.jpg,0.05717122554779053,True
/Users/aanyasingh/Projects/imagevalidation2/data/FloodingDataset2/processed_data/binary/train/non_flood/street_clear/street_clear_000173.jpg,0.057056427001953125,True
/Users/aanyasingh/Projects/imagevalidation2/data/FloodingDataset2/processed_data/binary/train/non_flood/river/river_000098.jpg,0.05582922697067261,True
/Users/aanyasingh/Projects/imagevalidation2/data/FloodingDataset2/processed_data/binary/train/non_flood/river/river_000031.jpg,0.05446958541870117,True
/Users/aanyasingh/Projects/imagevalidation2/data/FloodingDataset2/processed_data/binary/train/non_flood/street_clear/street_clear_000327.jpg,0.053266286849975586,True
/Users/aanyasingh/Projects/imagevalidation2/data/FloodingDataset2/processed_data/binary/train/non_flood/street_clear/street_clear_000285.jpg,0.05235046148300171,True
/Users/aanyasingh/Projects/imagevalidation2/data/FloodingDataset2/processed_data/binary/train/non_flood/street_clear/street_clear_000330.jpg,0.05180501937866211,True
/Users/aanyasingh/Projects/imagevalidation2/data/FloodingDataset2/processed_data/binary/train/non_flood/river/river_000316.jpg,0.05075192451477051,True
/Users/aanyasingh/Projects/imagevalidation2/data/FloodingDataset2/processed_data/binary/train/non_flood/river/river_000228.jpg,0.04991114139556885,True
/Users/aanyasingh/Projects/imagevalidation2/data/FloodingDataset2/processed_data/binary/train/non_flood/animal/animal_000086.jpg,0.0492895245552063,True
/Users/aanyasingh/Projects/imagevalidation2/data/FloodingDataset2/processed_data/binary/train/non_flood/vehicle/vehicle_000173.jpg,0.04868417978286743,True
/Users/aanyasingh/Projects/imagevalidation2/data/FloodingDataset2/processed_data/binary/train/non_flood/river/river_000018.jpg,0.048484981060028076,True
/Users/aanyasingh/Projects/imagevalidation2/data/FloodingDataset2/processed_data/binary/train/non_flood/river/river_000282.jpg,0.04704558849334717,True
/Users/aanyasingh/Projects/imagevalidation2/data/FloodingDataset2/processed_data/binary/train/non_flood/river/river_000255.jpg,0.046890854835510254,True
/Users/aanyasingh/Projects/imagevalidation2/data/FloodingDataset2/processed_data/binary/train/non_flood/river/river_000349.jpg,0.04687774181365967,True
/Users/aanyasingh/Projects/imagevalidation2/data/FloodingDataset2/processed_data/binary/train/non_flood/street_clear/street_clear_000551.jpg,0.04657846689224243,True
/Users/aanyasingh/Projects/imagevalidation2/data/FloodingDataset2/processed_data/binary/train/non_flood/river/river_000050.jpg,0.04609566926956177,True
/Users/aanyasingh/Projects/imagevalidation2/data/FloodingDataset2/processed_data/binary/train/non_flood/river/river_000145.jpg,0.045887112617492676,True
/Users/aanyasingh/Projects/imagevalidation2/data/FloodingDataset2/processed_data/binary/train/non_flood/river/river_000046.jpg,0.04569089412689209,True
/Users/aanyasingh/Projects/imagevalidation2/data/FloodingDataset2/processed_data/binary/train/non_flood/river/river_000026.jpg,0.04416388273239136,True
/Users/aanyasingh/Projects/imagevalidation2/data/FloodingDataset2/processed_data/binary/train/non_flood/plant/plant_000144.jpg,0.04402107000350952,True
/Users/aanyasingh/Projects/imagevalidation2/data/FloodingDataset2/processed_data/binary/train/non_flood/river/river_000157.jpg,0.04394108057022095,True
/Users/aanyasingh/Projects/imagevalidation2/data/FloodingDataset2/processed_data/binary/train/non_flood/river/river_000058.jpg,0.043676793575286865,True
/Users/aanyasingh/Projects/imagevalidation2/data/FloodingDataset2/processed_data/binary/train/non_flood/animal/animal_000103.jpg,0.043444931507110596,True
/Users/aanyasingh/Projects/imagevalidation2/data/FloodingDataset2/processed_data/binary/train/non_flood/river/river_000273.jpg,0.04332941770553589,True
/Users/aanyasingh/Projects/imagevalidation2/data/FloodingDataset2/processed_data/binary/train/non_flood/plant/plant_000110.jpg,0.04322075843811035,True
/Users/aanyasingh/Projects/imagevalidation2/data/FloodingDataset2/processed_data/binary/train/non_flood/street_clear/street_clear_000321.jpg,0.04251188039779663,True
/Users/aanyasingh/Projects/imagevalidation2/data/FloodingDataset2/processed_data/binary/train/non_flood/river/river_000044.jpg,0.042376697063446045,True
/Users/aanyasingh/Projects/imagevalidation2/data/FloodingDataset2/processed_data/binary/train/non_flood/river/river_000302.jpg,0.0422632098197937,True
/Users/aanyasingh/Projects/imagevalidation2/data/FloodingDataset2/processed_data/binary/train/non_flood/river/river_000254.jpg,0.04181396961212158,True
/Users/aanyasingh/Projects/imagevalidation2/data/FloodingDataset2/processed_data/binary/train/non_flood/river/river_000357.jpg,0.04160892963409424,True
/Users/aanyasingh/Projects/imagevalidation2/data/FloodingDataset2/processed_data/binary/train/non_flood/plant/plant_000077.jpg,0.04144865274429321,True
/Users/aanyasingh/Projects/imagevalidation2/data/FloodingDataset2/processed_data/binary/train/non_flood/river/river_000099.jpg,0.04144108295440674,True
/Users/aanyasingh/Projects/imagevalidation2/data/FloodingDataset2/processed_data/binary/train/non_flood/plant/plant_000101.jpg,0.04109382629394531,True
/Users/aanyasingh/Projects/imagevalidation2/data/FloodingDataset2/processed_data/binary/train/non_flood/building/building_000149.jpg,0.04025685787200928,True
/Users/aanyasingh/Projects/imagevalidation2/data/FloodingDataset2/processed_data/binary/train/non_flood/river/river_000038.jpg,0.039907217025756836,True
/Users/aanyasingh/Projects/imagevalidation2/data/FloodingDataset2/processed_data/binary/train/non_flood/plant/plant_000053.jpg,0.03976929187774658,True
/Users/aanyasingh/Projects/imagevalidation2/data/FloodingDataset2/processed_data/binary/train/non_flood/park_walkway/park_walkway_000195.jpg,0.039450883865356445,True
/Users/aanyasingh/Projects/imagevalidation2/data/FloodingDataset2/processed_data/binary/train/non_flood/street_clear/street_clear_000313.jpg,0.039093971252441406,True
/Users/aanyasingh/Projects/imagevalidation2/data/FloodingDataset2/processed_data/binary/train/non_flood/park_walkway/park_walkway_000377.jpg,0.038854897022247314,True
/Users/aanyasingh/Projects/imagevalidation2/data/FloodingDataset2/processed_data/binary/train/non_flood/river/river_000367.jpg,0.03862494230270386,True
/Users/aanyasingh/Projects/imagevalidation2/data/FloodingDataset2/processed_data/binary/train/non_flood/street_clear/street_clear_000414.jpg,0.03855925798416138,True
/Users/aanyasingh/Projects/imagevalidation2/data/FloodingDataset2/processed_data/binary/train/non_flood/street_clear/street_clear_000059.jpg,0.038430213928222656,True
/Users/aanyasingh/Projects/imagevalidation2/data/FloodingDataset2/processed_data/binary/train/non_flood/river/river_000366.jpg,0.038325488567352295,True
/Users/aanyasingh/Projects/imagevalidation2/data/FloodingDataset2/processed_data/binary/train/non_flood/building/building_000209.jpg,0.03814983367919922,True
/Users/aanyasingh/Projects/imagevalidation2/data/FloodingDataset2/processed_data/binary/train/non_flood/street_clear/street_clear_000392.jpg,0.03802067041397095,True
/Users/aanyasingh/Projects/imagevalidation2/data/FloodingDataset2/processed_data/binary/train/non_flood/river/river_000068.jpg,0.03753864765167236,True
/Users/aanyasingh/Projects/imagevalidation2/data/FloodingDataset2/processed_data/binary/train/non_flood/building/building_000200.jpg,0.037359535694122314,True
/Users/aanyasingh/Projects/imagevalidation2/data/FloodingDataset2/processed_data/binary/train/non_flood/plant/plant_000112.jpg,0.037335872650146484,True
/Users/aanyasingh/Projects/imagevalidation2/data/FloodingDataset2/processed_data/binary/train/non_flood/building/building_000286.jpg,0.03707230091094971,True
/Users/aanyasingh/Projects/imagevalidation2/data/FloodingDataset2/processed_data/binary/train/non_flood/river/river_000387.jpg,0.03679394721984863,True
/Users/aanyasingh/Projects/imagevalidation2/data/FloodingDataset2/processed_data/binary/train/non_flood/street_clear/street_clear_000115.jpg,0.03673064708709717,True
/Users/aanyasingh/Projects/imagevalidation2/data/FloodingDataset2/processed_data/binary/train/non_flood/building/building_000159.jpg,0.03617626428604126,True
/Users/aanyasingh/Projects/imagevalidation2/data/FloodingDataset2/processed_data/binary/train/non_flood/park_walkway/park_walkway_000222.jpg,0.03585469722747803,True
/Users/aanyasingh/Projects/imagevalidation2/data/FloodingDataset2/processed_data/binary/train/non_flood/river/river_000390.jpg,0.035391151905059814,True
/Users/aanyasingh/Projects/imagevalidation2/data/FloodingDataset2/processed_data/binary/train/non_flood/river/river_000346.jpg,0.035135865211486816,True
/Users/aanyasingh/Projects/imagevalidation2/data/FloodingDataset2/processed_data/binary/train/non_flood/animal/animal_000083.jpg,0.03513365983963013,True
/Users/aanyasingh/Projects/imagevalidation2/data/FloodingDataset2/processed_data/binary/train/non_flood/park_walkway/park_walkway_000108.jpg,0.0348849892616272,True
/Users/aanyasingh/Projects/imagevalidation2/data/FloodingDataset2/processed_data/binary/train/non_flood/river/river_000249.jpg,0.03474593162536621,True
/Users/aanyasingh/Projects/imagevalidation2/data/FloodingDataset2/processed_data/binary/train/non_flood/building/building_000050.jpg,0.03458350896835327,True
/Users/aanyasingh/Projects/imagevalidation2/data/FloodingDataset2/processed_data/binary/train/non_flood/building/building_000282.jpg,0.03442448377609253,True
/Users/aanyasingh/Projects/imagevalidation2/data/FloodingDataset2/processed_data/binary/train/non_flood/street_clear/street_clear_000539.jpg,0.0342792272567749,True
/Users/aanyasingh/Projects/imagevalidation2/data/FloodingDataset2/processed_data/binary/train/non_flood/street_clear/street_clear_000208.jpg,0.03382587432861328,True
/Users/aanyasingh/Projects/imagevalidation2/data/FloodingDataset2/processed_data/binary/train/non_flood/park_walkway/park_walkway_000373.jpg,0.03361916542053223,True
/Users/aanyasingh/Projects/imagevalidation2/data/FloodingDataset2/processed_data/binary/train/non_flood/river/river_000351.jpg,0.03305482864379883,True
/Users/aanyasingh/Projects/imagevalidation2/data/FloodingDataset2/processed_data/binary/train/non_flood/street_clear/street_clear_000567.jpg,0.03304058313369751,True
/Users/aanyasingh/Projects/imagevalidation2/data/FloodingDataset2/processed_data/binary/train/non_flood/park_walkway/park_walkway_000399.jpg,0.032978594303131104,True
/Users/aanyasingh/Projects/imagevalidation2/data/FloodingDataset2/processed_data/binary/train/non_flood/river/river_000313.jpg,0.03293812274932861,True
/Users/aanyasingh/Projects/imagevalidation2/data/FloodingDataset2/processed_data/binary/train/non_flood/animal/animal_000146.jpg,0.032769858837127686,True
/Users/aanyasingh/Projects/imagevalidation2/data/FloodingDataset2/processed_data/binary/train/non_flood/river/river_000052.jpg,0.032715439796447754,True
/Users/aanyasingh/Projects/imagevalidation2/data/FloodingDataset2/processed_data/binary/train/non_flood/park_walkway/park_walkway_000270.jpg,0.032617926597595215,True
/Users/aanyasingh/Projects/imagevalidation2/data/FloodingDataset2/processed_data/binary/train/non_flood/street_clear/street_clear_000447.jpg,0.03259921073913574,True
/Users/aanyasingh/Projects/imagevalidation2/data/FloodingDataset2/processed_data/binary/train/non_flood/animal/animal_000218.jpg,0.03247225284576416,True
/Users/aanyasingh/Projects/imagevalidation2/data/FloodingDataset2/processed_data/binary/train/non_flood/animal/animal_000121.jpg,0.03212380409240723,True
/Users/aanyasingh/Projects/imagevalidation2/data/FloodingDataset2/processed_data/binary/train/non_flood/animal/animal_000037.jpg,0.031662046909332275,True
/Users/aanyasingh/Projects/imagevalidation2/data/FloodingDataset2/processed_data/binary/train/non_flood/river/river_000092.jpg,0.03150898218154907,True
/Users/aanyasingh/Projects/imagevalidation2/data/FloodingDataset2/processed_data/binary/train/non_flood/river/river_000373.jpg,0.031316280364990234,True
/Users/aanyasingh/Projects/imagevalidation2/data/FloodingDataset2/processed_data/binary/train/non_flood/plant/plant_000127.jpg,0.031204640865325928,True
/Users/aanyasingh/Projects/imagevalidation2/data/FloodingDataset2/processed_data/binary/train/non_flood/river/river_000344.jpg,0.031190216541290283,True
/Users/aanyasingh/Projects/imagevalidation2/data/FloodingDataset2/processed_data/binary/train/non_flood/park_walkway/park_walkway_000173.jpg,0.031114161014556885,True
/Users/aanyasingh/Projects/imagevalidation2/data/FloodingDataset2/processed_data/binary/train/non_flood/river/river_000224.jpg,0.03099370002746582,True
/Users/aanyasingh/Projects/imagevalidation2/data/FloodingDataset2/processed_data/binary/train/non_flood/river/river_000188.jpg,0.030860483646392822,True
/Users/aanyasingh/Projects/imagevalidation2/data/FloodingDataset2/processed_data/binary/train/non_flood/park_walkway/park_walkway_000104.jpg,0.030853748321533203,True
/Users/aanyasingh/Projects/imagevalidation2/data/FloodingDataset2/processed_data/binary/train/non_flood/river/river_000008.jpg,0.030836164951324463,True
/Users/aanyasingh/Projects/imagevalidation2/data/FloodingDataset2/processed_data/binary/train/non_flood/street_clear/street_clear_000268.jpg,0.030803024768829346,True
/Users/aanyasingh/Projects/imagevalidation2/data/FloodingDataset2/processed_data/binary/train/non_flood/street_clear/street_clear_000390.jpg,0.030792653560638428,True
/Users/aanyasingh/Projects/imagevalidation2/data/FloodingDataset2/processed_data/binary/train/non_flood/swimming_pool/swimming_pool_000023.jpg,0.030641555786132812,True
/Users/aanyasingh/Projects/imagevalidation2/data/FloodingDataset2/processed_data/binary/train/non_flood/river/river_000079.jpg,0.03052818775177002,True
/Users/aanyasingh/Projects/imagevalidation2/data/FloodingDataset2/processed_data/binary/train/non_flood/animal/animal_000038.jpg,0.030365347862243652,True
/Users/aanyasingh/Projects/imagevalidation2/data/FloodingDataset2/processed_data/binary/train/non_flood/plant/plant_000132.jpg,0.03028768301010132,True
/Users/aanyasingh/Projects/imagevalidation2/data/FloodingDataset2/processed_data/binary/train/non_flood/river/river_000269.jpg,0.030223429203033447,True
/Users/aanyasingh/Projects/imagevalidation2/data/FloodingDataset2/processed_data/binary/train/non_flood/street_clear/street_clear_000361.jpg,0.03021717071533203,True
/Users/aanyasingh/Projects/imagevalidation2/data/FloodingDataset2/processed_data/binary/train/non_flood/river/river_000067.jpg,0.030130505561828613,True
/Users/aanyasingh/Projects/imagevalidation2/data/FloodingDataset2/processed_data/binary/train/non_flood/animal/animal_000220.jpg,0.02985072135925293,True
/Users/aanyasingh/Projects/imagevalidation2/data/FloodingDataset2/processed_data/binary/train/non_flood/river/river_000289.jpg,0.029547274112701416,True
/Users/aanyasingh/Projects/imagevalidation2/data/FloodingDataset2/processed_data/binary/train/non_flood/street_clear/street_clear_000191.jpg,0.02944844961166382,True
/Users/aanyasingh/Projects/imagevalidation2/data/FloodingDataset2/processed_data/binary/train/non_flood/river/river_000221.jpg,0.028972327709197998,True
/Users/aanyasingh/Projects/imagevalidation2/data/FloodingDataset2/processed_data/binary/train/non_flood/river/river_000317.jpg,0.02893805503845215,True
/Users/aanyasingh/Projects/imagevalidation2/data/FloodingDataset2/processed_data/binary/train/non_flood/plant/plant_000170.jpg,0.02893143892288208,True
/Users/aanyasingh/Projects/imagevalidation2/data/FloodingDataset2/processed_data/binary/train/non_flood/street_clear/street_clear_000157.jpg,0.0288202166557312,True
/Users/aanyasingh/Projects/imagevalidation2/data/FloodingDataset2/processed_data/binary/train/non_flood/building/building_000228.jpg,0.028579533100128174,True
/Users/aanyasingh/Projects/imagevalidation2/data/FloodingDataset2/processed_data/binary/train/non_flood/river/river_000385.jpg,0.02854830026626587,True
/Users/aanyasingh/Projects/imagevalidation2/data/FloodingDataset2/processed_data/binary/train/non_flood/swimming_pool/swimming_pool_000063.jpg,0.028436005115509033,True
/Users/aanyasingh/Projects/imagevalidation2/data/FloodingDataset2/processed_data/binary/train/non_flood/street_clear/street_clear_000517.jpg,0.02843576669692993,True
/Users/aanyasingh/Projects/imagevalidation2/data/FloodingDataset2/processed_data/binary/train/non_flood/plant/plant_000002.jpg,0.028027892112731934,True
/Users/aanyasingh/Projects/imagevalidation2/data/FloodingDataset2/processed_data/binary/train/non_flood/river/river_000036.jpg,0.027922511100769043,True
/Users/aanyasingh/Projects/imagevalidation2/data/FloodingDataset2/processed_data/binary/train/non_flood/street_clear/street_clear_000374.jpg,0.02760857343673706,True
/Users/aanyasingh/Projects/imagevalidation2/data/FloodingDataset2/processed_data/binary/train/non_flood/swimming_pool/swimming_pool_000037.jpg,0.0276031494140625,True
/Users/aanyasingh/Projects/imagevalidation2/data/FloodingDataset2/processed_data/binary/train/non_flood/street_clear/street_clear_000400.jpg,0.02757585048675537,True
/Users/aanyasingh/Projects/imagevalidation2/data/FloodingDataset2/processed_data/binary/train/non_flood/river/river_000275.jpg,0.027411580085754395,True
/Users/aanyasingh/Projects/imagevalidation2/data/FloodingDataset2/processed_data/binary/train/non_flood/park_walkway/park_walkway_000152.jpg,0.027362525463104248,True
/Users/aanyasingh/Projects/imagevalidation2/data/FloodingDataset2/processed_data/binary/train/non_flood/street_clear/street_clear_000158.jpg,0.02726924419403076,True
/Users/aanyasingh/Projects/imagevalidation2/data/FloodingDataset2/processed_data/binary/train/non_flood/street_clear/street_clear_000103.jpg,0.02717214822769165,True
/Users/aanyasingh/Projects/imagevalidation2/data/FloodingDataset2/processed_data/binary/train/non_flood/plant/plant_000065.jpg,0.026978611946105957,True
/Users/aanyasingh/Projects/imagevalidation2/data/FloodingDataset2/processed_data/binary/train/non_flood/river/river_000360.jpg,0.02695178985595703,True
/Users/aanyasingh/Projects/imagevalidation2/data/FloodingDataset2/processed_data/binary/train/non_flood/vehicle/vehicle_000073.jpg,0.026937544345855713,True
/Users/aanyasingh/Projects/imagevalidation2/data/FloodingDataset2/processed_data/binary/train/non_flood/animal/animal_000181.jpg,0.02690345048904419,True
/Users/aanyasingh/Projects/imagevalidation2/data/FloodingDataset2/processed_data/binary/train/non_flood/river/river_000146.jpg,0.026891589164733887,True
/Users/aanyasingh/Projects/imagevalidation2/data/FloodingDataset2/processed_data/binary/train/non_flood/river/river_000266.jpg,0.026861369609832764,True
/Users/aanyasingh/Projects/imagevalidation2/data/FloodingDataset2/processed_data/binary/train/non_flood/river/river_000116.jpg,0.026617348194122314,True
/Users/aanyasingh/Projects/imagevalidation2/data/FloodingDataset2/processed_data/binary/train/non_flood/animal/animal_000116.jpg,0.026429474353790283,True
/Users/aanyasingh/Projects/imagevalidation2/data/FloodingDataset2/processed_data/binary/train/non_flood/animal/animal_000145.jpg,0.02613312005996704,True
/Users/aanyasingh/Projects/imagevalidation2/data/FloodingDataset2/processed_data/binary/train/non_flood/river/river_000301.jpg,0.02612292766571045,True
/Users/aanyasingh/Projects/imagevalidation2/data/FloodingDataset2/processed_data/binary/train/non_flood/river/river_000286.jpg,0.026106059551239014,True
/Users/aanyasingh/Projects/imagevalidation2/data/FloodingDataset2/processed_data/binary/train/non_flood/animal/animal_000124.jpg,0.02580803632736206,True
/Users/aanyasingh/Projects/imagevalidation2/data/FloodingDataset2/processed_data/binary/train/non_flood/river/river_000186.jpg,0.025578200817108154,True
/Users/aanyasingh/Projects/imagevalidation2/data/FloodingDataset2/processed_data/binary/train/non_flood/river/river_000288.jpg,0.025411784648895264,True
/Users/aanyasingh/Projects/imagevalidation2/data/FloodingDataset2/processed_data/binary/train/non_flood/river/river_000329.jpg,0.025196731090545654,True
/Users/aanyasingh/Projects/imagevalidation2/data/FloodingDataset2/processed_data/binary/train/non_flood/plant/plant_000094.jpg,0.02516549825668335,True
/Users/aanyasingh/Projects/imagevalidation2/data/FloodingDataset2/processed_data/binary/train/non_flood/street_clear/street_clear_000099.jpg,0.02514725923538208,True
/Users/aanyasingh/Projects/imagevalidation2/data/FloodingDataset2/processed_data/binary/train/non_flood/vehicle/vehicle_000069.jpg,0.024943828582763672,True
/Users/aanyasingh/Projects/imagevalidation2/data/FloodingDataset2/processed_data/binary/train/non_flood/river/river_000377.jpg,0.024760663509368896,True
/Users/aanyasingh/Projects/imagevalidation2/data/FloodingDataset2/processed_data/binary/train/non_flood/river/river_000025.jpg,0.024729490280151367,True
/Users/aanyasingh/Projects/imagevalidation2/data/FloodingDataset2/processed_data/binary/train/non_flood/river/river_000000.jpg,0.02472776174545288,True
/Users/aanyasingh/Projects/imagevalidation2/data/FloodingDataset2/processed_data/binary/train/non_flood/street_clear/street_clear_000244.jpg,0.02462083101272583,True
/Users/aanyasingh/Projects/imagevalidation2/data/FloodingDataset2/processed_data/binary/train/non_flood/plant/plant_000106.jpg,0.02455925941467285,True
/Users/aanyasingh/Projects/imagevalidation2/data/FloodingDataset2/processed_data/binary/train/non_flood/river/river_000287.jpg,0.024457275867462158,True
/Users/aanyasingh/Projects/imagevalidation2/data/FloodingDataset2/processed_data/binary/train/non_flood/building/building_000251.jpg,0.02435404062271118,True
/Users/aanyasingh/Projects/imagevalidation2/data/FloodingDataset2/processed_data/binary/train/non_flood/river/river_000321.jpg,0.024348676204681396,True
/Users/aanyasingh/Projects/imagevalidation2/data/FloodingDataset2/processed_data/binary/train/non_flood/river/river_000187.jpg,0.024251103401184082,True
/Users/aanyasingh/Projects/imagevalidation2/data/FloodingDataset2/processed_data/binary/train/non_flood/building/building_000147.jpg,0.024226784706115723,True
/Users/aanyasingh/Projects/imagevalidation2/data/FloodingDataset2/processed_data/binary/train/non_flood/street_clear/street_clear_000181.jpg,0.023990869522094727,True
/Users/aanyasingh/Projects/imagevalidation2/data/FloodingDataset2/processed_data/binary/train/non_flood/vehicle/vehicle_000022.jpg,0.02394866943359375,True
/Users/aanyasingh/Projects/imagevalidation2/data/FloodingDataset2/processed_data/binary/train/non_flood/river/river_000214.jpg,0.023776650428771973,True
/Users/aanyasingh/Projects/imagevalidation2/data/FloodingDataset2/processed_data/binary/train/non_flood/street_clear/street_clear_000490.jpg,0.02377021312713623,True
/Users/aanyasingh/Projects/imagevalidation2/data/FloodingDataset2/processed_data/binary/train/non_flood/building/building_000178.jpg,0.023751556873321533,True
/Users/aanyasingh/Projects/imagevalidation2/data/FloodingDataset2/processed_data/binary/train/non_flood/river/river_000080.jpg,0.023725450038909912,True
/Users/aanyasingh/Projects/imagevalidation2/data/FloodingDataset2/processed_data/binary/train/non_flood/river/river_000019.jpg,0.023669302463531494,True
/Users/aanyasingh/Projects/imagevalidation2/data/FloodingDataset2/processed_data/binary/train/non_flood/river/river_000033.jpg,0.023658394813537598,True
/Users/aanyasingh/Projects/imagevalidation2/data/FloodingDataset2/processed_data/binary/train/non_flood/river/river_000341.jpg,0.023633837699890137,True
/Users/aanyasingh/Projects/imagevalidation2/data/FloodingDataset2/processed_data/binary/train/non_flood/plant/plant_000041.jpg,0.023617565631866455,True
/Users/aanyasingh/Projects/imagevalidation2/data/FloodingDataset2/processed_data/binary/train/non_flood/street_clear/street_clear_000437.jpg,0.023312687873840332,False
/Users/aanyasingh/Projects/imagevalidation2/data/FloodingDataset2/processed_data/binary/train/non_flood/building/building_000080.jpg,0.023194551467895508,False
/Users/aanyasingh/Projects/imagevalidation2/data/FloodingDataset2/processed_data/binary/train/non_flood/river/river_000035.jpg,0.023083388805389404,False
/Users/aanyasingh/Projects/imagevalidation2/data/FloodingDataset2/processed_data/binary/train/non_flood/building/building_000028.jpg,0.023060858249664307,False
/Users/aanyasingh/Projects/imagevalidation2/data/FloodingDataset2/processed_data/binary/train/non_flood/swimming_pool/swimming_pool_000009.jpg,0.022838294506072998,False
/Users/aanyasingh/Projects/imagevalidation2/data/FloodingDataset2/processed_data/binary/train/non_flood/street_clear/street_clear_000561.jpg,0.0226404070854187,False
/Users/aanyasingh/Projects/imagevalidation2/data/FloodingDataset2/processed_data/binary/train/non_flood/river/river_000085.jpg,0.022611021995544434,False
/Users/aanyasingh/Projects/imagevalidation2/data/FloodingDataset2/processed_data/binary/train/non_flood/animal/animal_000248.jpg,0.02256762981414795,False
/Users/aanyasingh/Projects/imagevalidation2/data/FloodingDataset2/processed_data/binary/train/non_flood/river/river_000233.jpg,0.022481977939605713,False
/Users/aanyasingh/Projects/imagevalidation2/data/FloodingDataset2/processed_data/binary/train/non_flood/river/river_000261.jpg,0.022380709648132324,False
/Users/aanyasingh/Projects/imagevalidation2/data/FloodingDataset2/processed_data/binary/train/non_flood/vehicle/vehicle_000135.jpg,0.02234560251235962,False
/Users/aanyasingh/Projects/imagevalidation2/data/FloodingDataset2/processed_data/binary/train/non_flood/street_clear/street_clear_000569.jpg,0.022213399410247803,False
/Users/aanyasingh/Projects/imagevalidation2/data/FloodingDataset2/processed_data/binary/train/non_flood/street_clear/street_clear_000343.jpg,0.022061467170715332,False
/Users/aanyasingh/Projects/imagevalidation2/data/FloodingDataset2/processed_data/binary/train/non_flood/vehicle/vehicle_000136.jpg,0.021992146968841553,False
/Users/aanyasingh/Projects/imagevalidation2/data/FloodingDataset2/processed_data/binary/train/non_flood/building/building_000152.jpg,0.02198392152786255,False
/Users/aanyasingh/Projects/imagevalidation2/data/FloodingDataset2/processed_data/binary/train/non_flood/river/river_000327.jpg,0.021865248680114746,False
/Users/aanyasingh/Projects/imagevalidation2/data/FloodingDataset2/processed_data/binary/train/non_flood/street_clear/street_clear_000426.jpg,0.0218430757522583,False
/Users/aanyasingh/Projects/imagevalidation2/data/FloodingDataset2/processed_data/binary/train/non_flood/street_clear/street_clear_000010.jpg,0.021801471710205078,False
/Users/aanyasingh/Projects/imagevalidation2/data/FloodingDataset2/processed_data/binary/train/non_flood/building/building_000187.jpg,0.021797239780426025,False
/Users/aanyasingh/Projects/imagevalidation2/data/FloodingDataset2/processed_data/binary/train/non_flood/street_clear/street_clear_000094.jpg,0.021679043769836426,False
/Users/aanyasingh/Projects/imagevalidation2/data/FloodingDataset2/processed_data/binary/train/non_flood/street_clear/street_clear_000088.jpg,0.021670043468475342,False
/Users/aanyasingh/Projects/imagevalidation2/data/FloodingDataset2/processed_data/binary/train/non_flood/plant/plant_000108.jpg,0.0216372013092041,False
/Users/aanyasingh/Projects/imagevalidation2/data/FloodingDataset2/processed_data/binary/train/non_flood/river/river_000315.jpg,0.021596312522888184,False
/Users/aanyasingh/Projects/imagevalidation2/data/FloodingDataset2/processed_data/binary/train/non_flood/street_clear/street_clear_000128.jpg,0.021553993225097656,False
/Users/aanyasingh/Projects/imagevalidation2/data/FloodingDataset2/processed_data/binary/train/non_flood/river/river_000352.jpg,0.02127295732498169,False
/Users/aanyasingh/Projects/imagevalidation2/data/FloodingDataset2/processed_data/binary/train/non_flood/street_clear/street_clear_000114.jpg,0.021099328994750977,False
/Users/aanyasingh/Projects/imagevalidation2/data/FloodingDataset2/processed_data/binary/train/non_flood/river/river_000087.jpg,0.020857691764831543,False
/Users/aanyasingh/Projects/imagevalidation2/data/FloodingDataset2/processed_data/binary/train/non_flood/swimming_pool/swimming_pool_000091.jpg,0.020592093467712402,False
/Users/aanyasingh/Projects/imagevalidation2/data/FloodingDataset2/processed_data/binary/train/non_flood/park_walkway/park_walkway_000327.jpg,0.020556211471557617,False
/Users/aanyasingh/Projects/imagevalidation2/data/FloodingDataset2/processed_data/binary/train/non_flood/river/river_000365.jpg,0.020425021648406982,False
/Users/aanyasingh/Projects/imagevalidation2/data/FloodingDataset2/processed_data/binary/train/non_flood/river/river_000055.jpg,0.02032947540283203,False
/Users/aanyasingh/Projects/imagevalidation2/data/FloodingDataset2/processed_data/binary/train/non_flood/swimming_pool/swimming_pool_000092.jpg,0.020305216312408447,False
/Users/aanyasingh/Projects/imagevalidation2/data/FloodingDataset2/processed_data/binary/train/non_flood/park_walkway/park_walkway_000106.jpg,0.02015763521194458,False
/Users/aanyasingh/Projects/imagevalidation2/data/FloodingDataset2/processed_data/binary/train/non_flood/building/building_000153.jpg,0.020128905773162842,False
/Users/aanyasingh/Projects/imagevalidation2/data/FloodingDataset2/processed_data/binary/train/non_flood/vehicle/vehicle_000035.jpg,0.020058035850524902,False
/Users/aanyasingh/Projects/imagevalidation2/data/FloodingDataset2/processed_data/binary/train/non_flood/park_walkway/park_walkway_000402.jpg,0.02005445957183838,False
/Users/aanyasingh/Projects/imagevalidation2/data/FloodingDataset2/processed_data/binary/train/non_flood/swimming_pool/swimming_pool_000018.jpg,0.020032525062561035,False
/Users/aanyasingh/Projects/imagevalidation2/data/FloodingDataset2/processed_data/binary/train/non_flood/river/river_000242.jpg,0.01985764503479004,False
/Users/aanyasingh/Projects/imagevalidation2/data/FloodingDataset2/processed_data/binary/train/non_flood/street_clear/street_clear_000226.jpg,0.019853174686431885,False
/Users/aanyasingh/Projects/imagevalidation2/data/FloodingDataset2/processed_data/binary/train/non_flood/river/river_000089.jpg,0.019812405109405518,False
/Users/aanyasingh/Projects/imagevalidation2/data/FloodingDataset2/processed_data/binary/train/non_flood/vehicle/vehicle_000211.jpg,0.01976567506790161,False
/Users/aanyasingh/Projects/imagevalidation2/data/FloodingDataset2/processed_data/binary/train/non_flood/animal/animal_000213.jpg,0.019642293453216553,False
/Users/aanyasingh/Projects/imagevalidation2/data/FloodingDataset2/processed_data/binary/train/non_flood/river/river_000115.jpg,0.01957690715789795,False
/Users/aanyasingh/Projects/imagevalidation2/data/FloodingDataset2/processed_data/binary/train/non_flood/river/river_000190.jpg,0.01931077241897583,False
/Users/aanyasingh/Projects/imagevalidation2/data/FloodingDataset2/processed_data/binary/train/non_flood/plant/plant_000102.jpg,0.019158124923706055,False
/Users/aanyasingh/Projects/imagevalidation2/data/FloodingDataset2/processed_data/binary/train/non_flood/park_walkway/park_walkway_000356.jpg,0.018984436988830566,False
/Users/aanyasingh/Projects/imagevalidation2/data/FloodingDataset2/processed_data/binary/train/non_flood/street_clear/street_clear_000486.jpg,0.018974125385284424,False
/Users/aanyasingh/Projects/imagevalidation2/data/FloodingDataset2/processed_data/binary/train/non_flood/river/river_000183.jpg,0.01893085241317749,False
/Users/aanyasingh/Projects/imagevalidation2/data/FloodingDataset2/processed_data/binary/train/non_flood/building/building_000189.jpg,0.01886981725692749,False
/Users/aanyasingh/Projects/imagevalidation2/data/FloodingDataset2/processed_data/binary/train/non_flood/vehicle/vehicle_000013.jpg,0.018855929374694824,False
/Users/aanyasingh/Projects/imagevalidation2/data/FloodingDataset2/processed_data/binary/train/non_flood/park_walkway/park_walkway_000198.jpg,0.01882988214492798,False
/Users/aanyasingh/Projects/imagevalidation2/data/FloodingDataset2/processed_data/binary/train/non_flood/vehicle/vehicle_000053.jpg,0.018771111965179443,False
/Users/aanyasingh/Projects/imagevalidation2/data/FloodingDataset2/processed_data/binary/train/non_flood/park_walkway/park_walkway_000180.jpg,0.018703997135162354,False
/Users/aanyasingh/Projects/imagevalidation2/data/FloodingDataset2/processed_data/binary/train/non_flood/park_walkway/park_walkway_000066.jpg,0.018642783164978027,False
/Users/aanyasingh/Projects/imagevalidation2/data/FloodingDataset2/processed_data/binary/train/non_flood/river/river_000303.jpg,0.018610894680023193,False
/Users/aanyasingh/Projects/imagevalidation2/data/FloodingDataset2/processed_data/binary/train/non_flood/river/river_000201.jpg,0.01861017942428589,False
/Users/aanyasingh/Projects/imagevalidation2/data/FloodingDataset2/processed_data/binary/train/non_flood/animal/animal_000140.jpg,0.018551647663116455,False
/Users/aanyasingh/Projects/imagevalidation2/data/FloodingDataset2/processed_data/binary/train/non_flood/river/river_000016.jpg,0.01850903034210205,False
/Users/aanyasingh/Projects/imagevalidation2/data/FloodingDataset2/processed_data/binary/train/non_flood/river/river_000108.jpg,0.018444955348968506,False
/Users/aanyasingh/Projects/imagevalidation2/data/FloodingDataset2/processed_data/binary/train/non_flood/street_clear/street_clear_000200.jpg,0.018177270889282227,False
/Users/aanyasingh/Projects/imagevalidation2/data/FloodingDataset2/processed_data/binary/train/non_flood/river/river_000393.jpg,0.01807856559753418,False
/Users/aanyasingh/Projects/imagevalidation2/data/FloodingDataset2/processed_data/binary/train/non_flood/animal/animal_000233.jpg,0.01798301935195923,False
/Users/aanyasingh/Projects/imagevalidation2/data/FloodingDataset2/processed_data/binary/train/non_flood/animal/animal_000296.jpg,0.017973363399505615,False
/Users/aanyasingh/Projects/imagevalidation2/data/FloodingDataset2/processed_data/binary/train/non_flood/river/river_000336.jpg,0.017950475215911865,False
/Users/aanyasingh/Projects/imagevalidation2/data/FloodingDataset2/processed_data/binary/train/non_flood/animal/animal_000127.jpg,0.017918169498443604,False
/Users/aanyasingh/Projects/imagevalidation2/data/FloodingDataset2/processed_data/binary/train/non_flood/animal/animal_000156.jpg,0.017788350582122803,False
/Users/aanyasingh/Projects/imagevalidation2/data/FloodingDataset2/processed_data/binary/train/non_flood/animal/animal_000079.jpg,0.017766714096069336,False
/Users/aanyasingh/Projects/imagevalidation2/data/FloodingDataset2/processed_data/binary/train/non_flood/river/river_000307.jpg,0.017679989337921143,False
/Users/aanyasingh/Projects/imagevalidation2/data/FloodingDataset2/processed_data/binary/train/non_flood/swimming_pool/swimming_pool_000046.jpg,0.01764976978302002,False
/Users/aanyasingh/Projects/imagevalidation2/data/FloodingDataset2/processed_data/binary/train/non_flood/river/river_000163.jpg,0.017572224140167236,False
/Users/aanyasingh/Projects/imagevalidation2/data/FloodingDataset2/processed_data/binary/train/non_flood/building/building_000124.jpg,0.017460227012634277,False
/Users/aanyasingh/Projects/imagevalidation2/data/FloodingDataset2/processed_data/binary/train/non_flood/street_clear/street_clear_000172.jpg,0.017458856105804443,False
/Users/aanyasingh/Projects/imagevalidation2/data/FloodingDataset2/processed_data/binary/train/non_flood/river/river_000003.jpg,0.01738440990447998,False
/Users/aanyasingh/Projects/imagevalidation2/data/FloodingDataset2/processed_data/binary/train/non_flood/plant/plant_000040.jpg,0.017359554767608643,False
/Users/aanyasingh/Projects/imagevalidation2/data/FloodingDataset2/processed_data/binary/train/non_flood/river/river_000034.jpg,0.01734548807144165,False
/Users/aanyasingh/Projects/imagevalidation2/data/FloodingDataset2/processed_data/binary/train/non_flood/vehicle/vehicle_000175.jpg,0.01733952760696411,False
/Users/aanyasingh/Projects/imagevalidation2/data/FloodingDataset2/processed_data/binary/train/non_flood/street_clear/street_clear_000474.jpg,0.017332375049591064,False
/Users/aanyasingh/Projects/imagevalidation2/data/FloodingDataset2/processed_data/binary/train/non_flood/river/river_000388.jpg,0.01724916696548462,False
/Users/aanyasingh/Projects/imagevalidation2/data/FloodingDataset2/processed_data/binary/train/non_flood/river/river_000362.jpg,0.017239928245544434,False
/Users/aanyasingh/Projects/imagevalidation2/data/FloodingDataset2/processed_data/binary/train/non_flood/river/river_000173.jpg,0.01716899871826172,False
/Users/aanyasingh/Projects/imagevalidation2/data/FloodingDataset2/processed_data/binary/train/non_flood/street_clear/street_clear_000322.jpg,0.017156362533569336,False
/Users/aanyasingh/Projects/imagevalidation2/data/FloodingDataset2/processed_data/binary/train/non_flood/plant/plant_000004.jpg,0.01712280511856079,False
/Users/aanyasingh/Projects/imagevalidation2/data/FloodingDataset2/processed_data/binary/train/non_flood/river/river_000151.jpg,0.017106473445892334,False
/Users/aanyasingh/Projects/imagevalidation2/data/FloodingDataset2/processed_data/binary/train/non_flood/river/river_000245.jpg,0.016967356204986572,False
/Users/aanyasingh/Projects/imagevalidation2/data/FloodingDataset2/processed_data/binary/train/non_flood/river/river_000082.jpg,0.01658344268798828,False
/Users/aanyasingh/Projects/imagevalidation2/data/FloodingDataset2/processed_data/binary/train/non_flood/plant/plant_000072.jpg,0.01647806167602539,False
/Users/aanyasingh/Projects/imagevalidation2/data/FloodingDataset2/processed_data/binary/train/non_flood/park_walkway/park_walkway_000393.jpg,0.016475975513458252,False
/Users/aanyasingh/Projects/imagevalidation2/data/FloodingDataset2/processed_data/binary/train/non_flood/park_walkway/park_walkway_000384.jpg,0.01643162965774536,False
/Users/aanyasingh/Projects/imagevalidation2/data/FloodingDataset2/processed_data/binary/train/non_flood/river/river_000017.jpg,0.016395747661590576,False
/Users/aanyasingh/Projects/imagevalidation2/data/FloodingDataset2/processed_data/binary/train/non_flood/plant/plant_000109.jpg,0.016327202320098877,False
/Users/aanyasingh/Projects/imagevalidation2/data/FloodingDataset2/processed_data/binary/train/non_flood/street_clear/street_clear_000269.jpg,0.016226768493652344,False
/Users/aanyasingh/Projects/imagevalidation2/data/FloodingDataset2/processed_data/binary/train/non_flood/river/river_000081.jpg,0.0162162184715271,False
/Users/aanyasingh/Projects/imagevalidation2/data/FloodingDataset2/processed_data/binary/train/non_flood/building/building_000259.jpg,0.01614248752593994,False
/Users/aanyasingh/Projects/imagevalidation2/data/FloodingDataset2/processed_data/binary/train/non_flood/street_clear/street_clear_000085.jpg,0.01611548662185669,False
/Users/aanyasingh/Projects/imagevalidation2/data/FloodingDataset2/processed_data/binary/train/non_flood/animal/animal_000144.jpg,0.01601487398147583,False
/Users/aanyasingh/Projects/imagevalidation2/data/FloodingDataset2/processed_data/binary/train/non_flood/plant/plant_000128.jpg,0.01585233211517334,False
/Users/aanyasingh/Projects/imagevalidation2/data/FloodingDataset2/processed_data/binary/train/non_flood/building/building_000203.jpg,0.015826821327209473,False
/Users/aanyasingh/Projects/imagevalidation2/data/FloodingDataset2/processed_data/binary/train/non_flood/river/river_000348.jpg,0.015759289264678955,False
/Users/aanyasingh/Projects/imagevalidation2/data/FloodingDataset2/processed_data/binary/train/non_flood/river/river_000310.jpg,0.015715360641479492,False
/Users/aanyasingh/Projects/imagevalidation2/data/FloodingDataset2/processed_data/binary/train/non_flood/building/building_000283.jpg,0.015681445598602295,False
/Users/aanyasingh/Projects/imagevalidation2/data/FloodingDataset2/processed_data/binary/train/non_flood/plant/plant_000066.jpg,0.01561892032623291,False
/Users/aanyasingh/Projects/imagevalidation2/data/FloodingDataset2/processed_data/binary/train/non_flood/river/river_000285.jpg,0.015573978424072266,False
/Users/aanyasingh/Projects/imagevalidation2/data/FloodingDataset2/processed_data/binary/train/non_flood/plant/plant_000096.jpg,0.015567898750305176,False
/Users/aanyasingh/Projects/imagevalidation2/data/FloodingDataset2/processed_data/binary/train/non_flood/street_clear/street_clear_000376.jpg,0.015452206134796143,False
/Users/aanyasingh/Projects/imagevalidation2/data/FloodingDataset2/processed_data/binary/train/non_flood/river/river_000281.jpg,0.015357673168182373,False
/Users/aanyasingh/Projects/imagevalidation2/data/FloodingDataset2/processed_data/binary/train/non_flood/animal/animal_000136.jpg,0.015336394309997559,False
/Users/aanyasingh/Projects/imagevalidation2/data/FloodingDataset2/processed_data/binary/train/non_flood/plant/plant_000160.jpg,0.015205800533294678,False
/Users/aanyasingh/Projects/imagevalidation2/data/FloodingDataset2/processed_data/binary/train/non_flood/street_clear/street_clear_000356.jpg,0.015066921710968018,False
/Users/aanyasingh/Projects/imagevalidation2/data/FloodingDataset2/processed_data/binary/train/non_flood/animal/animal_000149.jpg,0.015066027641296387,False
/Users/aanyasingh/Projects/imagevalidation2/data/FloodingDataset2/processed_data/binary/train/non_flood/street_clear/street_clear_000401.jpg,0.015021145343780518,False
/Users/aanyasingh/Projects/imagevalidation2/data/FloodingDataset2/processed_data/binary/train/non_flood/street_clear/street_clear_000363.jpg,0.014905333518981934,False
/Users/aanyasingh/Projects/imagevalidation2/data/FloodingDataset2/processed_data/binary/train/non_flood/river/river_000110.jpg,0.01484912633895874,False
/Users/aanyasingh/Projects/imagevalidation2/data/FloodingDataset2/processed_data/binary/train/non_flood/river/river_000267.jpg,0.014838814735412598,False
/Users/aanyasingh/Projects/imagevalidation2/data/FloodingDataset2/processed_data/binary/train/non_flood/street_clear/street_clear_000310.jpg,0.014766514301300049,False
/Users/aanyasingh/Projects/imagevalidation2/data/FloodingDataset2/processed_data/binary/train/non_flood/street_clear/street_clear_000151.jpg,0.014765322208404541,False
/Users/aanyasingh/Projects/imagevalidation2/data/FloodingDataset2/processed_data/binary/train/non_flood/animal/animal_000106.jpg,0.014764666557312012,False
/Users/aanyasingh/Projects/imagevalidation2/data/FloodingDataset2/processed_data/binary/train/non_flood/plant/plant_000152.jpg,0.014718711376190186,False
/Users/aanyasingh/Projects/imagevalidation2/data/FloodingDataset2/processed_data/binary/train/non_flood/animal/animal_000161.jpg,0.014624714851379395,False
/Users/aanyasingh/Projects/imagevalidation2/data/FloodingDataset2/processed_data/binary/train/non_flood/river/river_000372.jpg,0.014622986316680908,False
/Users/aanyasingh/Projects/imagevalidation2/data/FloodingDataset2/processed_data/binary/train/non_flood/building/building_000196.jpg,0.014470994472503662,False
/Users/aanyasingh/Projects/imagevalidation2/data/FloodingDataset2/processed_data/binary/train/non_flood/building/building_000249.jpg,0.014456987380981445,False
/Users/aanyasingh/Projects/imagevalidation2/data/FloodingDataset2/processed_data/binary/train/non_flood/river/river_000114.jpg,0.01442629098892212,False
/Users/aanyasingh/Projects/imagevalidation2/data/FloodingDataset2/processed_data/binary/train/non_flood/plant/plant_000163.jpg,0.01441103219985962,False
/Users/aanyasingh/Projects/imagevalidation2/data/FloodingDataset2/processed_data/binary/train/non_flood/park_walkway/park_walkway_000389.jpg,0.014407575130462646,False
/Users/aanyasingh/Projects/imagevalidation2/data/FloodingDataset2/processed_data/binary/train/non_flood/park_walkway/park_walkway_000055.jpg,0.014396905899047852,False
/Users/aanyasingh/Projects/imagevalidation2/data/FloodingDataset2/processed_data/binary/train/non_flood/river/river_000013.jpg,0.014346420764923096,False
/Users/aanyasingh/Projects/imagevalidation2/data/FloodingDataset2/processed_data/binary/train/non_flood/animal/animal_000076.jpg,0.014336466789245605,False
/Users/aanyasingh/Projects/imagevalidation2/data/FloodingDataset2/processed_data/binary/train/non_flood/street_clear/street_clear_000525.jpg,0.014319539070129395,False
/Users/aanyasingh/Projects/imagevalidation2/data/FloodingDataset2/processed_data/binary/train/non_flood/street_clear/street_clear_000036.jpg,0.014276444911956787,False
/Users/aanyasingh/Projects/imagevalidation2/data/FloodingDataset2/processed_data/binary/train/non_flood/river/river_000326.jpg,0.01423102617263794,False
/Users/aanyasingh/Projects/imagevalidation2/data/FloodingDataset2/processed_data/binary/train/non_flood/animal/animal_000123.jpg,0.014211833477020264,False
/Users/aanyasingh/Projects/imagevalidation2/data/FloodingDataset2/processed_data/binary/train/non_flood/vehicle/vehicle_000023.jpg,0.014195680618286133,False
/Users/aanyasingh/Projects/imagevalidation2/data/FloodingDataset2/processed_data/binary/train/non_flood/river/river_000111.jpg,0.014176487922668457,False
/Users/aanyasingh/Projects/imagevalidation2/data/FloodingDataset2/processed_data/binary/train/non_flood/river/river_000189.jpg,0.014143109321594238,False
/Users/aanyasingh/Projects/imagevalidation2/data/FloodingDataset2/processed_data/binary/train/non_flood/park_walkway/park_walkway_000308.jpg,0.013894081115722656,False
/Users/aanyasingh/Projects/imagevalidation2/data/FloodingDataset2/processed_data/binary/train/non_flood/river/river_000343.jpg,0.013789832592010498,False
/Users/aanyasingh/Projects/imagevalidation2/data/FloodingDataset2/processed_data/binary/train/non_flood/street_clear/street_clear_000215.jpg,0.013742983341217041,False
/Users/aanyasingh/Projects/imagevalidation2/data/FloodingDataset2/processed_data/binary/train/non_flood/street_clear/street_clear_000187.jpg,0.013699054718017578,False
/Users/aanyasingh/Projects/imagevalidation2/data/FloodingDataset2/processed_data/binary/train/non_flood/river/river_000056.jpg,0.013608813285827637,False
/Users/aanyasingh/Projects/imagevalidation2/data/FloodingDataset2/processed_data/binary/train/non_flood/building/building_000066.jpg,0.013590514659881592,False
/Users/aanyasingh/Projects/imagevalidation2/data/FloodingDataset2/processed_data/binary/train/non_flood/plant/plant_000114.jpg,0.013525426387786865,False
/Users/aanyasingh/Projects/imagevalidation2/data/FloodingDataset2/processed_data/binary/train/non_flood/vehicle/vehicle_000010.jpg,0.013468682765960693,False
/Users/aanyasingh/Projects/imagevalidation2/data/FloodingDataset2/processed_data/binary/train/non_flood/building/building_000165.jpg,0.013450145721435547,False
/Users/aanyasingh/Projects/imagevalidation2/data/FloodingDataset2/processed_data/binary/train/non_flood/animal/animal_000120.jpg,0.013348102569580078,False
/Users/aanyasingh/Projects/imagevalidation2/data/FloodingDataset2/processed_data/binary/train/non_flood/plant/plant_000019.jpg,0.013285219669342041,False
/Users/aanyasingh/Projects/imagevalidation2/data/FloodingDataset2/processed_data/binary/train/non_flood/street_clear/street_clear_000098.jpg,0.013283848762512207,False
/Users/aanyasingh/Projects/imagevalidation2/data/FloodingDataset2/processed_data/binary/train/non_flood/street_clear/street_clear_000483.jpg,0.013283610343933105,False
/Users/aanyasingh/Projects/imagevalidation2/data/FloodingDataset2/processed_data/binary/train/non_flood/building/building_000271.jpg,0.013272702693939209,False
/Users/aanyasingh/Projects/imagevalidation2/data/FloodingDataset2/processed_data/binary/train/non_flood/river/river_000132.jpg,0.0131911039352417,False
/Users/aanyasingh/Projects/imagevalidation2/data/FloodingDataset2/processed_data/binary/train/non_flood/animal/animal_000133.jpg,0.013186335563659668,False
/Users/aanyasingh/Projects/imagevalidation2/data/FloodingDataset2/processed_data/binary/train/non_flood/street_clear/street_clear_000439.jpg,0.01317298412322998,False
/Users/aanyasingh/Projects/imagevalidation2/data/FloodingDataset2/processed_data/binary/train/non_flood/plant/plant_000147.jpg,0.013167977333068848,False
/Users/aanyasingh/Projects/imagevalidation2/data/FloodingDataset2/processed_data/binary/train/non_flood/street_clear/street_clear_000197.jpg,0.013141989707946777,False
/Users/aanyasingh/Projects/imagevalidation2/data/FloodingDataset2/processed_data/binary/train/non_flood/building/building_000185.jpg,0.013121426105499268,False
/Users/aanyasingh/Projects/imagevalidation2/data/FloodingDataset2/processed_data/binary/train/non_flood/animal/animal_000164.jpg,0.013104736804962158,False
/Users/aanyasingh/Projects/imagevalidation2/data/FloodingDataset2/processed_data/binary/train/non_flood/river/river_000216.jpg,0.013091564178466797,False
/Users/aanyasingh/Projects/imagevalidation2/data/FloodingDataset2/processed_data/binary/train/non_flood/river/river_000207.jpg,0.012984514236450195,False
/Users/aanyasingh/Projects/imagevalidation2/data/FloodingDataset2/processed_data/binary/train/non_flood/building/building_000246.jpg,0.012963533401489258,False
/Users/aanyasingh/Projects/imagevalidation2/data/FloodingDataset2/processed_data/binary/train/non_flood/river/river_000215.jpg,0.0129164457321167,False
/Users/aanyasingh/Projects/imagevalidation2/data/FloodingDataset2/processed_data/binary/train/non_flood/park_walkway/park_walkway_000185.jpg,0.012903571128845215,False
/Users/aanyasingh/Projects/imagevalidation2/data/FloodingDataset2/processed_data/binary/train/non_flood/street_clear/street_clear_000480.jpg,0.012903213500976562,False
/Users/aanyasingh/Projects/imagevalidation2/data/FloodingDataset2/processed_data/binary/train/non_flood/river/river_000262.jpg,0.012887179851531982,False
/Users/aanyasingh/Projects/imagevalidation2/data/FloodingDataset2/processed_data/binary/train/non_flood/street_clear/street_clear_000002.jpg,0.012829005718231201,False
/Users/aanyasingh/Projects/imagevalidation2/data/FloodingDataset2/processed_data/binary/train/non_flood/street_clear/street_clear_000190.jpg,0.012814104557037354,False
/Users/aanyasingh/Projects/imagevalidation2/data/FloodingDataset2/processed_data/binary/train/non_flood/animal/animal_000237.jpg,0.012786924839019775,False
/Users/aanyasingh/Projects/imagevalidation2/data/FloodingDataset2/processed_data/binary/train/non_flood/vehicle/vehicle_000095.jpg,0.012716412544250488,False
/Users/aanyasingh/Projects/imagevalidation2/data/FloodingDataset2/processed_data/binary/train/non_flood/plant/plant_000014.jpg,0.012674331665039062,False
/Users/aanyasingh/Projects/imagevalidation2/data/FloodingDataset2/processed_data/binary/train/non_flood/river/river_000374.jpg,0.012652397155761719,False
/Users/aanyasingh/Projects/imagevalidation2/data/FloodingDataset2/processed_data/binary/train/non_flood/street_clear/street_clear_000533.jpg,0.012604951858520508,False
/Users/aanyasingh/Projects/imagevalidation2/data/FloodingDataset2/processed_data/binary/train/non_flood/river/river_000168.jpg,0.01260066032409668,False
/Users/aanyasingh/Projects/imagevalidation2/data/FloodingDataset2/processed_data/binary/train/non_flood/street_clear/street_clear_000375.jpg,0.012571632862091064,False
/Users/aanyasingh/Projects/imagevalidation2/data/FloodingDataset2/processed_data/binary/train/non_flood/street_clear/street_clear_000250.jpg,0.012548506259918213,False
/Users/aanyasingh/Projects/imagevalidation2/data/FloodingDataset2/processed_data/binary/train/non_flood/street_clear/street_clear_000324.jpg,0.012496888637542725,False
/Users/aanyasingh/Projects/imagevalidation2/data/FloodingDataset2/processed_data/binary/train/non_flood/river/river_000049.jpg,0.012482106685638428,False
/Users/aanyasingh/Projects/imagevalidation2/data/FloodingDataset2/processed_data/binary/train/non_flood/street_clear/street_clear_000076.jpg,0.01247870922088623,False
/Users/aanyasingh/Projects/imagevalidation2/data/FloodingDataset2/processed_data/binary/train/non_flood/park_walkway/park_walkway_000290.jpg,0.012449443340301514,False
/Users/aanyasingh/Projects/imagevalidation2/data/FloodingDataset2/processed_data/binary/train/non_flood/park_walkway/park_walkway_000253.jpg,0.012394309043884277,False
/Users/aanyasingh/Projects/imagevalidation2/data/FloodingDataset2/processed_data/binary/train/non_flood/building/building_000160.jpg,0.01237642765045166,False
/Users/aanyasingh/Projects/imagevalidation2/data/FloodingDataset2/processed_data/binary/train/non_flood/vehicle/vehicle_000091.jpg,0.01236039400100708,False
/Users/aanyasingh/Projects/imagevalidation2/data/FloodingDataset2/processed_data/binary/train/non_flood/river/river_000395.jpg,0.01230853796005249,False
/Users/aanyasingh/Projects/imagevalidation2/data/FloodingDataset2/processed_data/binary/train/non_flood/vehicle/vehicle_000017.jpg,0.012244343757629395,False
/Users/aanyasingh/Projects/imagevalidation2/data/FloodingDataset2/processed_data/binary/train/non_flood/plant/plant_000047.jpg,0.012212812900543213,False
/Users/aanyasingh/Projects/imagevalidation2/data/FloodingDataset2/processed_data/binary/train/non_flood/vehicle/vehicle_000043.jpg,0.012066543102264404,False
/Users/aanyasingh/Projects/imagevalidation2/data/FloodingDataset2/processed_data/binary/train/non_flood/street_clear/street_clear_000465.jpg,0.012036561965942383,False
/Users/aanyasingh/Projects/imagevalidation2/data/FloodingDataset2/processed_data/binary/train/non_flood/park_walkway/park_walkway_000021.jpg,0.011952996253967285,False
/Users/aanyasingh/Projects/imagevalidation2/data/FloodingDataset2/processed_data/binary/train/non_flood/animal/animal_000229.jpg,0.01190805435180664,False
/Users/aanyasingh/Projects/imagevalidation2/data/FloodingDataset2/processed_data/binary/train/non_flood/park_walkway/park_walkway_000228.jpg,0.011898279190063477,False
/Users/aanyasingh/Projects/imagevalidation2/data/FloodingDataset2/processed_data/binary/train/non_flood/street_clear/street_clear_000386.jpg,0.011896789073944092,False
/Users/aanyasingh/Projects/imagevalidation2/data/FloodingDataset2/processed_data/binary/train/non_flood/park_walkway/park_walkway_000263.jpg,0.011883020401000977,False
/Users/aanyasingh/Projects/imagevalidation2/data/FloodingDataset2/processed_data/binary/train/non_flood/street_clear/street_clear_000496.jpg,0.011788666248321533,False
/Users/aanyasingh/Projects/imagevalidation2/data/FloodingDataset2/processed_data/binary/train/non_flood/river/river_000195.jpg,0.011765122413635254,False
/Users/aanyasingh/Projects/imagevalidation2/data/FloodingDataset2/processed_data/binary/train/non_flood/street_clear/street_clear_000147.jpg,0.011642634868621826,False
/Users/aanyasingh/Projects/imagevalidation2/data/FloodingDataset2/processed_data/binary/train/non_flood/park_walkway/park_walkway_000068.jpg,0.011535942554473877,False
/Users/aanyasingh/Projects/imagevalidation2/data/FloodingDataset2/processed_data/binary/train/non_flood/building/building_000026.jpg,0.011488676071166992,False
/Users/aanyasingh/Projects/imagevalidation2/data/FloodingDataset2/processed_data/binary/train/non_flood/animal/animal_000168.jpg,0.011487841606140137,False
/Users/aanyasingh/Projects/imagevalidation2/data/FloodingDataset2/processed_data/binary/train/non_flood/street_clear/street_clear_000565.jpg,0.011487603187561035,False
/Users/aanyasingh/Projects/imagevalidation2/data/FloodingDataset2/processed_data/binary/train/non_flood/animal/animal_000154.jpg,0.011486351490020752,False
/Users/aanyasingh/Projects/imagevalidation2/data/FloodingDataset2/processed_data/binary/train/non_flood/park_walkway/park_walkway_000153.jpg,0.011449158191680908,False
/Users/aanyasingh/Projects/imagevalidation2/data/FloodingDataset2/processed_data/binary/train/non_flood/animal/animal_000230.jpg,0.011380791664123535,False
/Users/aanyasingh/Projects/imagevalidation2/data/FloodingDataset2/processed_data/binary/train/non_flood/animal/animal_000245.jpg,0.01130598783493042,False
/Users/aanyasingh/Projects/imagevalidation2/data/FloodingDataset2/processed_data/binary/train/non_flood/park_walkway/park_walkway_000281.jpg,0.011262297630310059,False
/Users/aanyasingh/Projects/imagevalidation2/data/FloodingDataset2/processed_data/binary/train/non_flood/street_clear/street_clear_000111.jpg,0.01125866174697876,False
/Users/aanyasingh/Projects/imagevalidation2/data/FloodingDataset2/processed_data/binary/train/non_flood/street_clear/street_clear_000325.jpg,0.011217892169952393,False
/Users/aanyasingh/Projects/imagevalidation2/data/FloodingDataset2/processed_data/binary/train/non_flood/river/river_000134.jpg,0.0112152099609375,False
/Users/aanyasingh/Projects/imagevalidation2/data/FloodingDataset2/processed_data/binary/train/non_flood/street_clear/street_clear_000431.jpg,0.011207640171051025,False
/Users/aanyasingh/Projects/imagevalidation2/data/FloodingDataset2/processed_data/binary/train/non_flood/building/building_000222.jpg,0.01120460033416748,False
/Users/aanyasingh/Projects/imagevalidation2/data/FloodingDataset2/processed_data/binary/train/non_flood/street_clear/street_clear_000068.jpg,0.011084973812103271,False
/Users/aanyasingh/Projects/imagevalidation2/data/FloodingDataset2/processed_data/binary/train/non_flood/animal/animal_000163.jpg,0.011053740978240967,False
/Users/aanyasingh/Projects/imagevalidation2/data/FloodingDataset2/processed_data/binary/train/non_flood/building/building_000161.jpg,0.011032044887542725,False
/Users/aanyasingh/Projects/imagevalidation2/data/FloodingDataset2/processed_data/binary/train/non_flood/river/river_000375.jpg,0.011024117469787598,False
/Users/aanyasingh/Projects/imagevalidation2/data/FloodingDataset2/processed_data/binary/train/non_flood/street_clear/street_clear_000449.jpg,0.010992288589477539,False
/Users/aanyasingh/Projects/imagevalidation2/data/FloodingDataset2/processed_data/binary/train/non_flood/park_walkway/park_walkway_000086.jpg,0.01098543405532837,False
/Users/aanyasingh/Projects/imagevalidation2/data/FloodingDataset2/processed_data/binary/train/non_flood/park_walkway/park_walkway_000022.jpg,0.010983586311340332,False
/Users/aanyasingh/Projects/imagevalidation2/data/FloodingDataset2/processed_data/binary/train/non_flood/street_clear/street_clear_000089.jpg,0.010982871055603027,False
/Users/aanyasingh/Projects/imagevalidation2/data/FloodingDataset2/processed_data/binary/train/non_flood/animal/animal_000130.jpg,0.010956883430480957,False
/Users/aanyasingh/Projects/imagevalidation2/data/FloodingDataset2/processed_data/binary/train/non_flood/street_clear/street_clear_000550.jpg,0.010933160781860352,False
/Users/aanyasingh/Projects/imagevalidation2/data/FloodingDataset2/processed_data/binary/train/non_flood/river/river_000185.jpg,0.010911047458648682,False
/Users/aanyasingh/Projects/imagevalidation2/data/FloodingDataset2/processed_data/binary/train/non_flood/animal/animal_000159.jpg,0.010899007320404053,False
/Users/aanyasingh/Projects/imagevalidation2/data/FloodingDataset2/processed_data/binary/train/non_flood/plant/plant_000100.jpg,0.010832548141479492,False
/Users/aanyasingh/Projects/imagevalidation2/data/FloodingDataset2/processed_data/binary/train/non_flood/vehicle/vehicle_000062.jpg,0.010828673839569092,False
/Users/aanyasingh/Projects/imagevalidation2/data/FloodingDataset2/processed_data/binary/train/non_flood/vehicle/vehicle_000016.jpg,0.010781586170196533,False
/Users/aanyasingh/Projects/imagevalidation2/data/FloodingDataset2/processed_data/binary/train/non_flood/park_walkway/park_walkway_000115.jpg,0.010728955268859863,False
/Users/aanyasingh/Projects/imagevalidation2/data/FloodingDataset2/processed_data/binary/train/non_flood/park_walkway/park_walkway_000353.jpg,0.010580062866210938,False
/Users/aanyasingh/Projects/imagevalidation2/data/FloodingDataset2/processed_data/binary/train/non_flood/building/building_000275.jpg,0.01057809591293335,False
/Users/aanyasingh/Projects/imagevalidation2/data/FloodingDataset2/processed_data/binary/train/non_flood/animal/animal_000282.jpg,0.010531842708587646,False
/Users/aanyasingh/Projects/imagevalidation2/data/FloodingDataset2/processed_data/binary/train/non_flood/plant/plant_000124.jpg,0.010517716407775879,False
/Users/aanyasingh/Projects/imagevalidation2/data/FloodingDataset2/processed_data/binary/train/non_flood/park_walkway/park_walkway_000141.jpg,0.010504424571990967,False
/Users/aanyasingh/Projects/imagevalidation2/data/FloodingDataset2/processed_data/binary/train/non_flood/river/river_000318.jpg,0.010499417781829834,False
/Users/aanyasingh/Projects/imagevalidation2/data/FloodingDataset2/processed_data/binary/train/non_flood/river/river_000277.jpg,0.010486006736755371,False
/Users/aanyasingh/Projects/imagevalidation2/data/FloodingDataset2/processed_data/binary/train/non_flood/park_walkway/park_walkway_000225.jpg,0.010434389114379883,False
/Users/aanyasingh/Projects/imagevalidation2/data/FloodingDataset2/processed_data/binary/train/non_flood/park_walkway/park_walkway_000114.jpg,0.010417699813842773,False
/Users/aanyasingh/Projects/imagevalidation2/data/FloodingDataset2/processed_data/binary/train/non_flood/river/river_000009.jpg,0.010405421257019043,False
/Users/aanyasingh/Projects/imagevalidation2/data/FloodingDataset2/processed_data/binary/train/non_flood/plant/plant_000009.jpg,0.010396242141723633,False
/Users/aanyasingh/Projects/imagevalidation2/data/FloodingDataset2/processed_data/binary/train/non_flood/plant/plant_000136.jpg,0.010387241840362549,False
/Users/aanyasingh/Projects/imagevalidation2/data/FloodingDataset2/processed_data/binary/train/non_flood/building/building_000002.jpg,0.01034015417098999,False
/Users/aanyasingh/Projects/imagevalidation2/data/FloodingDataset2/processed_data/binary/train/non_flood/park_walkway/park_walkway_000059.jpg,0.010330498218536377,False
/Users/aanyasingh/Projects/imagevalidation2/data/FloodingDataset2/processed_data/binary/train/non_flood/street_clear/street_clear_000508.jpg,0.010317385196685791,False
/Users/aanyasingh/Projects/imagevalidation2/data/FloodingDataset2/processed_data/binary/train/non_flood/street_clear/street_clear_000444.jpg,0.010291635990142822,False
/Users/aanyasingh/Projects/imagevalidation2/data/FloodingDataset2/processed_data/binary/train/non_flood/plant/plant_000064.jpg,0.010241508483886719,False
/Users/aanyasingh/Projects/imagevalidation2/data/FloodingDataset2/processed_data/binary/train/non_flood/street_clear/street_clear_000348.jpg,0.010225176811218262,False
/Users/aanyasingh/Projects/imagevalidation2/data/FloodingDataset2/processed_data/binary/train/non_flood/street_clear/street_clear_000566.jpg,0.010211408138275146,False
/Users/aanyasingh/Projects/imagevalidation2/data/FloodingDataset2/processed_data/binary/train/non_flood/street_clear/street_clear_000355.jpg,0.010198771953582764,False
/Users/aanyasingh/Projects/imagevalidation2/data/FloodingDataset2/processed_data/binary/train/non_flood/street_clear/street_clear_000223.jpg,0.010114312171936035,False
/Users/aanyasingh/Projects/imagevalidation2/data/FloodingDataset2/processed_data/binary/train/non_flood/river/river_000209.jpg,0.010083615779876709,False
/Users/aanyasingh/Projects/imagevalidation2/data/FloodingDataset2/processed_data/binary/train/non_flood/vehicle/vehicle_000159.jpg,0.009997725486755371,False
/Users/aanyasingh/Projects/imagevalidation2/data/FloodingDataset2/processed_data/binary/train/non_flood/street_clear/street_clear_000493.jpg,0.009995043277740479,False
/Users/aanyasingh/Projects/imagevalidation2/data/FloodingDataset2/processed_data/binary/train/non_flood/swimming_pool/swimming_pool_000090.jpg,0.009986281394958496,False
/Users/aanyasingh/Projects/imagevalidation2/data/FloodingDataset2/processed_data/binary/train/non_flood/river/river_000312.jpg,0.009963274002075195,False
/Users/aanyasingh/Projects/imagevalidation2/data/FloodingDataset2/processed_data/binary/train/non_flood/vehicle/vehicle_000002.jpg,0.009955644607543945,False
/Users/aanyasingh/Projects/imagevalidation2/data/FloodingDataset2/processed_data/binary/train/non_flood/vehicle/vehicle_000056.jpg,0.009936273097991943,False
/Users/aanyasingh/Projects/imagevalidation2/data/FloodingDataset2/processed_data/binary/train/non_flood/vehicle/vehicle_000027.jpg,0.009922921657562256,False
/Users/aanyasingh/Projects/imagevalidation2/data/FloodingDataset2/processed_data/binary/train/non_flood/river/river_000225.jpg,0.009903907775878906,False
/Users/aanyasingh/Projects/imagevalidation2/data/FloodingDataset2/processed_data/binary/train/non_flood/plant/plant_000126.jpg,0.009833574295043945,False
/Users/aanyasingh/Projects/imagevalidation2/data/FloodingDataset2/processed_data/binary/train/non_flood/building/building_000012.jpg,0.009823024272918701,False
/Users/aanyasingh/Projects/imagevalidation2/data/FloodingDataset2/processed_data/binary/train/non_flood/animal/animal_000025.jpg,0.009815573692321777,False
/Users/aanyasingh/Projects/imagevalidation2/data/FloodingDataset2/processed_data/binary/train/non_flood/street_clear/street_clear_000034.jpg,0.009776055812835693,False
/Users/aanyasingh/Projects/imagevalidation2/data/FloodingDataset2/processed_data/binary/train/non_flood/animal/animal_000102.jpg,0.009774625301361084,False
/Users/aanyasingh/Projects/imagevalidation2/data/FloodingDataset2/processed_data/binary/train/non_flood/park_walkway/park_walkway_000328.jpg,0.009755730628967285,False
/Users/aanyasingh/Projects/imagevalidation2/data/FloodingDataset2/processed_data/binary/train/non_flood/street_clear/street_clear_000266.jpg,0.009747743606567383,False
/Users/aanyasingh/Projects/imagevalidation2/data/FloodingDataset2/processed_data/binary/train/non_flood/building/building_000058.jpg,0.0097426176071167,False
/Users/aanyasingh/Projects/imagevalidation2/data/FloodingDataset2/processed_data/binary/train/non_flood/river/river_000380.jpg,0.009691417217254639,False
/Users/aanyasingh/Projects/imagevalidation2/data/FloodingDataset2/processed_data/binary/train/non_flood/street_clear/street_clear_000575.jpg,0.0096205472946167,False
/Users/aanyasingh/Projects/imagevalidation2/data/FloodingDataset2/processed_data/binary/train/non_flood/building/building_000019.jpg,0.009615302085876465,False
/Users/aanyasingh/Projects/imagevalidation2/data/FloodingDataset2/processed_data/binary/train/non_flood/animal/animal_000126.jpg,0.009609222412109375,False
/Users/aanyasingh/Projects/imagevalidation2/data/FloodingDataset2/processed_data/binary/train/non_flood/street_clear/street_clear_000353.jpg,0.009601235389709473,False
/Users/aanyasingh/Projects/imagevalidation2/data/FloodingDataset2/processed_data/binary/train/non_flood/animal/animal_000010.jpg,0.009600818157196045,False
/Users/aanyasingh/Projects/imagevalidation2/data/FloodingDataset2/processed_data/binary/train/non_flood/plant/plant_000133.jpg,0.009578943252563477,False
/Users/aanyasingh/Projects/imagevalidation2/data/FloodingDataset2/processed_data/binary/train/non_flood/park_walkway/park_walkway_000123.jpg,0.009566068649291992,False
/Users/aanyasingh/Projects/imagevalidation2/data/FloodingDataset2/processed_data/binary/train/non_flood/building/building_000274.jpg,0.009524524211883545,False
/Users/aanyasingh/Projects/imagevalidation2/data/FloodingDataset2/processed_data/binary/train/non_flood/river/river_000152.jpg,0.009519636631011963,False
/Users/aanyasingh/Projects/imagevalidation2/data/FloodingDataset2/processed_data/binary/train/non_flood/river/river_000144.jpg,0.009510636329650879,False
/Users/aanyasingh/Projects/imagevalidation2/data/FloodingDataset2/processed_data/binary/train/non_flood/street_clear/street_clear_000100.jpg,0.00946897268295288,False
/Users/aanyasingh/Projects/imagevalidation2/data/FloodingDataset2/processed_data/binary/train/non_flood/park_walkway/park_walkway_000259.jpg,0.009466171264648438,False
/Users/aanyasingh/Projects/imagevalidation2/data/FloodingDataset2/processed_data/binary/train/non_flood/street_clear/street_clear_000061.jpg,0.009428143501281738,False
/Users/aanyasingh/Projects/imagevalidation2/data/FloodingDataset2/processed_data/binary/train/non_flood/river/river_000274.jpg,0.009389340877532959,False
/Users/aanyasingh/Projects/imagevalidation2/data/FloodingDataset2/processed_data/binary/train/non_flood/street_clear/street_clear_000549.jpg,0.009379744529724121,False
/Users/aanyasingh/Projects/imagevalidation2/data/FloodingDataset2/processed_data/binary/train/non_flood/park_walkway/park_walkway_000316.jpg,0.009376227855682373,False
/Users/aanyasingh/Projects/imagevalidation2/data/FloodingDataset2/processed_data/binary/train/non_flood/animal/animal_000066.jpg,0.009358227252960205,False
/Users/aanyasingh/Projects/imagevalidation2/data/FloodingDataset2/processed_data/binary/train/non_flood/plant/plant_000033.jpg,0.009349465370178223,False
/Users/aanyasingh/Projects/imagevalidation2/data/FloodingDataset2/processed_data/binary/train/non_flood/street_clear/street_clear_000054.jpg,0.009336233139038086,False
/Users/aanyasingh/Projects/imagevalidation2/data/FloodingDataset2/processed_data/binary/train/non_flood/vehicle/vehicle_000098.jpg,0.00931471586227417,False
/Users/aanyasingh/Projects/imagevalidation2/data/FloodingDataset2/processed_data/binary/train/non_flood/swimming_pool/swimming_pool_000014.jpg,0.009289920330047607,False
/Users/aanyasingh/Projects/imagevalidation2/data/FloodingDataset2/processed_data/binary/train/non_flood/street_clear/street_clear_000297.jpg,0.009285569190979004,False
/Users/aanyasingh/Projects/imagevalidation2/data/FloodingDataset2/processed_data/binary/train/non_flood/plant/plant_000165.jpg,0.00927037000656128,False
/Users/aanyasingh/Projects/imagevalidation2/data/FloodingDataset2/processed_data/binary/train/non_flood/street_clear/street_clear_000148.jpg,0.009181678295135498,False
/Users/aanyasingh/Projects/imagevalidation2/data/FloodingDataset2/processed_data/binary/train/non_flood/park_walkway/park_walkway_000318.jpg,0.00917208194732666,False
/Users/aanyasingh/Projects/imagevalidation2/data/FloodingDataset2/processed_data/binary/train/non_flood/park_walkway/park_walkway_000313.jpg,0.009113907814025879,False
/Users/aanyasingh/Projects/imagevalidation2/data/FloodingDataset2/processed_data/binary/train/non_flood/building/building_000234.jpg,0.009073972702026367,False
/Users/aanyasingh/Projects/imagevalidation2/data/FloodingDataset2/processed_data/binary/train/non_flood/building/building_000216.jpg,0.009061574935913086,False
/Users/aanyasingh/Projects/imagevalidation2/data/FloodingDataset2/processed_data/binary/train/non_flood/animal/animal_000109.jpg,0.008974254131317139,False
/Users/aanyasingh/Projects/imagevalidation2/data/FloodingDataset2/processed_data/binary/train/non_flood/street_clear/street_clear_000530.jpg,0.008962631225585938,False
/Users/aanyasingh/Projects/imagevalidation2/data/FloodingDataset2/processed_data/binary/train/non_flood/vehicle/vehicle_000183.jpg,0.008962631225585938,False
/Users/aanyasingh/Projects/imagevalidation2/data/FloodingDataset2/processed_data/binary/train/non_flood/animal/animal_000279.jpg,0.008960187435150146,False
/Users/aanyasingh/Projects/imagevalidation2/data/FloodingDataset2/processed_data/binary/train/non_flood/river/river_000347.jpg,0.008940041065216064,False
/Users/aanyasingh/Projects/imagevalidation2/data/FloodingDataset2/processed_data/binary/train/non_flood/street_clear/street_clear_000275.jpg,0.008917689323425293,False
/Users/aanyasingh/Projects/imagevalidation2/data/FloodingDataset2/processed_data/binary/train/non_flood/river/river_000155.jpg,0.008915126323699951,False
/Users/aanyasingh/Projects/imagevalidation2/data/FloodingDataset2/processed_data/binary/train/non_flood/river/river_000345.jpg,0.008866608142852783,False
/Users/aanyasingh/Projects/imagevalidation2/data/FloodingDataset2/processed_data/binary/train/non_flood/building/building_000217.jpg,0.008840382099151611,False
/Users/aanyasingh/Projects/imagevalidation2/data/FloodingDataset2/processed_data/binary/train/non_flood/animal/animal_000099.jpg,0.00883549451828003,False
/Users/aanyasingh/Projects/imagevalidation2/data/FloodingDataset2/processed_data/binary/train/non_flood/park_walkway/park_walkway_000189.jpg,0.008806049823760986,False
/Users/aanyasingh/Projects/imagevalidation2/data/FloodingDataset2/processed_data/binary/train/non_flood/river/river_000118.jpg,0.008734405040740967,False
/Users/aanyasingh/Projects/imagevalidation2/data/FloodingDataset2/processed_data/binary/train/non_flood/building/building_000276.jpg,0.008720934391021729,False
/Users/aanyasingh/Projects/imagevalidation2/data/FloodingDataset2/processed_data/binary/train/non_flood/park_walkway/park_walkway_000385.jpg,0.008694708347320557,False
/Users/aanyasingh/Projects/imagevalidation2/data/FloodingDataset2/processed_data/binary/train/non_flood/animal/animal_000074.jpg,0.008629560470581055,False
/Users/aanyasingh/Projects/imagevalidation2/data/FloodingDataset2/processed_data/binary/train/non_flood/building/building_000088.jpg,0.008600354194641113,False
/Users/aanyasingh/Projects/imagevalidation2/data/FloodingDataset2/processed_data/binary/train/non_flood/street_clear/street_clear_000372.jpg,0.008533596992492676,False
/Users/aanyasingh/Projects/imagevalidation2/data/FloodingDataset2/processed_data/binary/train/non_flood/building/building_000279.jpg,0.008484244346618652,False
/Users/aanyasingh/Projects/imagevalidation2/data/FloodingDataset2/processed_data/binary/train/non_flood/animal/animal_000222.jpg,0.00846034288406372,False
/Users/aanyasingh/Projects/imagevalidation2/data/FloodingDataset2/processed_data/binary/train/non_flood/river/river_000196.jpg,0.008448600769042969,False
/Users/aanyasingh/Projects/imagevalidation2/data/FloodingDataset2/processed_data/binary/train/non_flood/park_walkway/park_walkway_000149.jpg,0.00843137502670288,False
/Users/aanyasingh/Projects/imagevalidation2/data/FloodingDataset2/processed_data/binary/train/non_flood/street_clear/street_clear_000514.jpg,0.008407354354858398,False
/Users/aanyasingh/Projects/imagevalidation2/data/FloodingDataset2/processed_data/binary/train/non_flood/building/building_000190.jpg,0.008406281471252441,False
/Users/aanyasingh/Projects/imagevalidation2/data/FloodingDataset2/processed_data/binary/train/non_flood/street_clear/street_clear_000241.jpg,0.008368313312530518,False
/Users/aanyasingh/Projects/imagevalidation2/data/FloodingDataset2/processed_data/binary/train/non_flood/street_clear/street_clear_000462.jpg,0.008367478847503662,False
/Users/aanyasingh/Projects/imagevalidation2/data/FloodingDataset2/processed_data/binary/train/non_flood/swimming_pool/swimming_pool_000024.jpg,0.008361995220184326,False
/Users/aanyasingh/Projects/imagevalidation2/data/FloodingDataset2/processed_data/binary/train/non_flood/vehicle/vehicle_000020.jpg,0.008304297924041748,False
/Users/aanyasingh/Projects/imagevalidation2/data/FloodingDataset2/processed_data/binary/train/non_flood/street_clear/street_clear_000546.jpg,0.00826340913772583,False
/Users/aanyasingh/Projects/imagevalidation2/data/FloodingDataset2/processed_data/binary/train/non_flood/river/river_000005.jpg,0.008247077465057373,False
/Users/aanyasingh/Projects/imagevalidation2/data/FloodingDataset2/processed_data/binary/train/non_flood/river/river_000060.jpg,0.008243680000305176,False
/Users/aanyasingh/Projects/imagevalidation2/data/FloodingDataset2/processed_data/binary/train/non_flood/park_walkway/park_walkway_000024.jpg,0.008243024349212646,False
/Users/aanyasingh/Projects/imagevalidation2/data/FloodingDataset2/processed_data/binary/train/non_flood/swimming_pool/swimming_pool_000072.jpg,0.00824040174484253,False
/Users/aanyasingh/Projects/imagevalidation2/data/FloodingDataset2/processed_data/binary/train/non_flood/street_clear/street_clear_000235.jpg,0.008232533931732178,False
/Users/aanyasingh/Projects/imagevalidation2/data/FloodingDataset2/processed_data/binary/train/non_flood/river/river_000369.jpg,0.008199632167816162,False
/Users/aanyasingh/Projects/imagevalidation2/data/FloodingDataset2/processed_data/binary/train/non_flood/plant/plant_000017.jpg,0.008153200149536133,False
/Users/aanyasingh/Projects/imagevalidation2/data/FloodingDataset2/processed_data/binary/train/non_flood/building/building_000215.jpg,0.008145689964294434,False
/Users/aanyasingh/Projects/imagevalidation2/data/FloodingDataset2/processed_data/binary/train/non_flood/river/river_000020.jpg,0.008034229278564453,False
/Users/aanyasingh/Projects/imagevalidation2/data/FloodingDataset2/processed_data/binary/train/non_flood/river/river_000220.jpg,0.008023440837860107,False
/Users/aanyasingh/Projects/imagevalidation2/data/FloodingDataset2/processed_data/binary/train/non_flood/river/river_000383.jpg,0.008017122745513916,False
/Users/aanyasingh/Projects/imagevalidation2/data/FloodingDataset2/processed_data/binary/train/non_flood/river/river_000212.jpg,0.008002102375030518,False
/Users/aanyasingh/Projects/imagevalidation2/data/FloodingDataset2/processed_data/binary/train/non_flood/street_clear/street_clear_000331.jpg,0.007975339889526367,False
/Users/aanyasingh/Projects/imagevalidation2/data/FloodingDataset2/processed_data/binary/train/non_flood/vehicle/vehicle_000081.jpg,0.007968783378601074,False
/Users/aanyasingh/Projects/imagevalidation2/data/FloodingDataset2/processed_data/binary/train/non_flood/river/river_000237.jpg,0.007930636405944824,False
/Users/aanyasingh/Projects/imagevalidation2/data/FloodingDataset2/processed_data/binary/train/non_flood/river/river_000319.jpg,0.007924675941467285,False
/Users/aanyasingh/Projects/imagevalidation2/data/FloodingDataset2/processed_data/binary/train/non_flood/building/building_000223.jpg,0.00788891315460205,False
/Users/aanyasingh/Projects/imagevalidation2/data/FloodingDataset2/processed_data/binary/train/non_flood/park_walkway/park_walkway_000184.jpg,0.007870912551879883,False
/Users/aanyasingh/Projects/imagevalidation2/data/FloodingDataset2/processed_data/binary/train/non_flood/plant/plant_000001.jpg,0.007867038249969482,False
/Users/aanyasingh/Projects/imagevalidation2/data/FloodingDataset2/processed_data/binary/train/non_flood/vehicle/vehicle_000202.jpg,0.007854759693145752,False
/Users/aanyasingh/Projects/imagevalidation2/data/FloodingDataset2/processed_data/binary/train/non_flood/building/building_000032.jpg,0.00783538818359375,False
/Users/aanyasingh/Projects/imagevalidation2/data/FloodingDataset2/processed_data/binary/train/non_flood/building/building_000107.jpg,0.007834315299987793,False
/Users/aanyasingh/Projects/imagevalidation2/data/FloodingDataset2/processed_data/binary/train/non_flood/building/building_000169.jpg,0.007815420627593994,False
/Users/aanyasingh/Projects/imagevalidation2/data/FloodingDataset2/processed_data/binary/train/non_flood/park_walkway/park_walkway_000042.jpg,0.0078116655349731445,False
/Users/aanyasingh/Projects/imagevalidation2/data/FloodingDataset2/processed_data/binary/train/non_flood/park_walkway/park_walkway_000369.jpg,0.00780254602432251,False
/Users/aanyasingh/Projects/imagevalidation2/data/FloodingDataset2/processed_data/binary/train/non_flood/street_clear/street_clear_000576.jpg,0.00777667760848999,False
/Users/aanyasingh/Projects/imagevalidation2/data/FloodingDataset2/processed_data/binary/train/non_flood/river/river_000012.jpg,0.007769763469696045,False
/Users/aanyasingh/Projects/imagevalidation2/data/FloodingDataset2/processed_data/binary/train/non_flood/animal/animal_000172.jpg,0.007766008377075195,False
/Users/aanyasingh/Projects/imagevalidation2/data/FloodingDataset2/processed_data/binary/train/non_flood/plant/plant_000099.jpg,0.007752537727355957,False
/Users/aanyasingh/Projects/imagevalidation2/data/FloodingDataset2/processed_data/binary/train/non_flood/park_walkway/park_walkway_000109.jpg,0.00773012638092041,False
/Users/aanyasingh/Projects/imagevalidation2/data/FloodingDataset2/processed_data/binary/train/non_flood/river/river_000396.jpg,0.0077152252197265625,False
/Users/aanyasingh/Projects/imagevalidation2/data/FloodingDataset2/processed_data/binary/train/non_flood/building/building_000242.jpg,0.007705569267272949,False
/Users/aanyasingh/Projects/imagevalidation2/data/FloodingDataset2/processed_data/binary/train/non_flood/vehicle/vehicle_000111.jpg,0.007675528526306152,False
/Users/aanyasingh/Projects/imagevalidation2/data/FloodingDataset2/processed_data/binary/train/non_flood/park_walkway/park_walkway_000010.jpg,0.007670462131500244,False
/Users/aanyasingh/Projects/imagevalidation2/data/FloodingDataset2/processed_data/binary/train/non_flood/street_clear/street_clear_000419.jpg,0.00766909122467041,False
/Users/aanyasingh/Projects/imagevalidation2/data/FloodingDataset2/processed_data/binary/train/non_flood/building/building_000038.jpg,0.0075740814208984375,False
/Users/aanyasingh/Projects/imagevalidation2/data/FloodingDataset2/processed_data/binary/train/non_flood/street_clear/street_clear_000265.jpg,0.007535457611083984,False
/Users/aanyasingh/Projects/imagevalidation2/data/FloodingDataset2/processed_data/binary/train/non_flood/river/river_000364.jpg,0.007529139518737793,False
/Users/aanyasingh/Projects/imagevalidation2/data/FloodingDataset2/processed_data/binary/train/non_flood/plant/plant_000159.jpg,0.007491171360015869,False
/Users/aanyasingh/Projects/imagevalidation2/data/FloodingDataset2/processed_data/binary/train/non_flood/animal/animal_000023.jpg,0.007480502128601074,False
/Users/aanyasingh/Projects/imagevalidation2/data/FloodingDataset2/processed_data/binary/train/non_flood/river/river_000356.jpg,0.007474780082702637,False
/Users/aanyasingh/Projects/imagevalidation2/data/FloodingDataset2/processed_data/binary/train/non_flood/park_walkway/park_walkway_000143.jpg,0.007447957992553711,False
/Users/aanyasingh/Projects/imagevalidation2/data/FloodingDataset2/processed_data/binary/train/non_flood/street_clear/street_clear_000454.jpg,0.007393479347229004,False
/Users/aanyasingh/Projects/imagevalidation2/data/FloodingDataset2/processed_data/binary/train/non_flood/street_clear/street_clear_000070.jpg,0.007376194000244141,False
/Users/aanyasingh/Projects/imagevalidation2/data/FloodingDataset2/processed_data/binary/train/non_flood/river/river_000264.jpg,0.007349193096160889,False
/Users/aanyasingh/Projects/imagevalidation2/data/FloodingDataset2/processed_data/binary/train/non_flood/river/river_000399.jpg,0.007330775260925293,False
/Users/aanyasingh/Projects/imagevalidation2/data/FloodingDataset2/processed_data/binary/train/non_flood/park_walkway/park_walkway_000255.jpg,0.0072661638259887695,False
/Users/aanyasingh/Projects/imagevalidation2/data/FloodingDataset2/processed_data/binary/train/non_flood/river/river_000102.jpg,0.007261455059051514,False
/Users/aanyasingh/Projects/imagevalidation2/data/FloodingDataset2/processed_data/binary/train/non_flood/park_walkway/park_walkway_000407.jpg,0.00725710391998291,False
/Users/aanyasingh/Projects/imagevalidation2/data/FloodingDataset2/processed_data/binary/train/non_flood/building/building_000109.jpg,0.007236182689666748,False
/Users/aanyasingh/Projects/imagevalidation2/data/FloodingDataset2/processed_data/binary/train/non_flood/building/building_000273.jpg,0.007162988185882568,False
/Users/aanyasingh/Projects/imagevalidation2/data/FloodingDataset2/processed_data/binary/train/non_flood/river/river_000097.jpg,0.007138669490814209,False
/Users/aanyasingh/Projects/imagevalidation2/data/FloodingDataset2/processed_data/binary/train/non_flood/street_clear/street_clear_000425.jpg,0.00707399845123291,False
/Users/aanyasingh/Projects/imagevalidation2/data/FloodingDataset2/processed_data/binary/train/non_flood/park_walkway/park_walkway_000203.jpg,0.007044196128845215,False
/Users/aanyasingh/Projects/imagevalidation2/data/FloodingDataset2/processed_data/binary/train/non_flood/animal/animal_000271.jpg,0.007004082202911377,False
/Users/aanyasingh/Projects/imagevalidation2/data/FloodingDataset2/processed_data/binary/train/non_flood/vehicle/vehicle_000238.jpg,0.006948113441467285,False
/Users/aanyasingh/Projects/imagevalidation2/data/FloodingDataset2/processed_data/binary/train/non_flood/swimming_pool/swimming_pool_000011.jpg,0.006940484046936035,False
/Users/aanyasingh/Projects/imagevalidation2/data/FloodingDataset2/processed_data/binary/train/non_flood/vehicle/vehicle_000137.jpg,0.00689852237701416,False
/Users/aanyasingh/Projects/imagevalidation2/data/FloodingDataset2/processed_data/binary/train/non_flood/animal/animal_000151.jpg,0.006883502006530762,False
/Users/aanyasingh/Projects/imagevalidation2/data/FloodingDataset2/processed_data/binary/train/non_flood/river/river_000123.jpg,0.006864070892333984,False
/Users/aanyasingh/Projects/imagevalidation2/data/FloodingDataset2/processed_data/binary/train/non_flood/animal/animal_000170.jpg,0.006837964057922363,False
/Users/aanyasingh/Projects/imagevalidation2/data/FloodingDataset2/processed_data/binary/train/non_flood/park_walkway/park_walkway_000007.jpg,0.006826460361480713,False
/Users/aanyasingh/Projects/imagevalidation2/data/FloodingDataset2/processed_data/binary/train/non_flood/park_walkway/park_walkway_000126.jpg,0.006815493106842041,False
/Users/aanyasingh/Projects/imagevalidation2/data/FloodingDataset2/processed_data/binary/train/non_flood/street_clear/street_clear_000238.jpg,0.006814002990722656,False
/Users/aanyasingh/Projects/imagevalidation2/data/FloodingDataset2/processed_data/binary/train/non_flood/plant/plant_000056.jpg,0.006766855716705322,False
/Users/aanyasingh/Projects/imagevalidation2/data/FloodingDataset2/processed_data/binary/train/non_flood/animal/animal_000031.jpg,0.006764709949493408,False
/Users/aanyasingh/Projects/imagevalidation2/data/FloodingDataset2/processed_data/binary/train/non_flood/river/river_000133.jpg,0.006751656532287598,False
/Users/aanyasingh/Projects/imagevalidation2/data/FloodingDataset2/processed_data/binary/train/non_flood/animal/animal_000097.jpg,0.006750226020812988,False
/Users/aanyasingh/Projects/imagevalidation2/data/FloodingDataset2/processed_data/binary/train/non_flood/park_walkway/park_walkway_000077.jpg,0.00673222541809082,False
/Users/aanyasingh/Projects/imagevalidation2/data/FloodingDataset2/processed_data/binary/train/non_flood/street_clear/street_clear_000179.jpg,0.006679236888885498,False
/Users/aanyasingh/Projects/imagevalidation2/data/FloodingDataset2/processed_data/binary/train/non_flood/plant/plant_000007.jpg,0.0066489577293396,False
/Users/aanyasingh/Projects/imagevalidation2/data/FloodingDataset2/processed_data/binary/train/non_flood/river/river_000355.jpg,0.006590485572814941,False
/Users/aanyasingh/Projects/imagevalidation2/data/FloodingDataset2/processed_data/binary/train/non_flood/building/building_000005.jpg,0.006589829921722412,False
/Users/aanyasingh/Projects/imagevalidation2/data/FloodingDataset2/processed_data/binary/train/non_flood/street_clear/street_clear_000176.jpg,0.006587684154510498,False
/Users/aanyasingh/Projects/imagevalidation2/data/FloodingDataset2/processed_data/binary/train/non_flood/park_walkway/park_walkway_000046.jpg,0.006584286689758301,False
/Users/aanyasingh/Projects/imagevalidation2/data/FloodingDataset2/processed_data/binary/train/non_flood/animal/animal_000009.jpg,0.00654369592666626,False
/Users/aanyasingh/Projects/imagevalidation2/data/FloodingDataset2/processed_data/binary/train/non_flood/animal/animal_000035.jpg,0.006504952907562256,False
/Users/aanyasingh/Projects/imagevalidation2/data/FloodingDataset2/processed_data/binary/train/non_flood/park_walkway/park_walkway_000329.jpg,0.006453216075897217,False
/Users/aanyasingh/Projects/imagevalidation2/data/FloodingDataset2/processed_data/binary/train/non_flood/plant/plant_000153.jpg,0.0064501166343688965,False
/Users/aanyasingh/Projects/imagevalidation2/data/FloodingDataset2/processed_data/binary/train/non_flood/river/river_000342.jpg,0.0064498186111450195,False
/Users/aanyasingh/Projects/imagevalidation2/data/FloodingDataset2/processed_data/binary/train/non_flood/street_clear/street_clear_000438.jpg,0.0064261555671691895,False
/Users/aanyasingh/Projects/imagevalidation2/data/FloodingDataset2/processed_data/binary/train/non_flood/street_clear/street_clear_000277.jpg,0.0064182281494140625,False
/Users/aanyasingh/Projects/imagevalidation2/data/FloodingDataset2/processed_data/binary/train/non_flood/plant/plant_000123.jpg,0.0064127445220947266,False
/Users/aanyasingh/Projects/imagevalidation2/data/FloodingDataset2/processed_data/binary/train/non_flood/street_clear/street_clear_000132.jpg,0.0064105987548828125,False
/Users/aanyasingh/Projects/imagevalidation2/data/FloodingDataset2/processed_data/binary/train/non_flood/park_walkway/park_walkway_000112.jpg,0.006405532360076904,False
/Users/aanyasingh/Projects/imagevalidation2/data/FloodingDataset2/processed_data/binary/train/non_flood/river/river_000335.jpg,0.006394922733306885,False
/Users/aanyasingh/Projects/imagevalidation2/data/FloodingDataset2/processed_data/binary/train/non_flood/animal/animal_000007.jpg,0.006386220455169678,False
/Users/aanyasingh/Projects/imagevalidation2/data/FloodingDataset2/processed_data/binary/train/non_flood/street_clear/street_clear_000471.jpg,0.006385087966918945,False
/Users/aanyasingh/Projects/imagevalidation2/data/FloodingDataset2/processed_data/binary/train/non_flood/park_walkway/park_walkway_000325.jpg,0.0063457489013671875,False
/Users/aanyasingh/Projects/imagevalidation2/data/FloodingDataset2/processed_data/binary/train/non_flood/street_clear/street_clear_000294.jpg,0.006343185901641846,False
/Users/aanyasingh/Projects/imagevalidation2/data/FloodingDataset2/processed_data/binary/train/non_flood/vehicle/vehicle_000217.jpg,0.006343185901641846,False
/Users/aanyasingh/Projects/imagevalidation2/data/FloodingDataset2/processed_data/binary/train/non_flood/river/river_000022.jpg,0.006340205669403076,False
/Users/aanyasingh/Projects/imagevalidation2/data/FloodingDataset2/processed_data/binary/train/non_flood/vehicle/vehicle_000235.jpg,0.006338834762573242,False
/Users/aanyasingh/Projects/imagevalidation2/data/FloodingDataset2/processed_data/binary/train/non_flood/park_walkway/park_walkway_000138.jpg,0.006312906742095947,False
/Users/aanyasingh/Projects/imagevalidation2/data/FloodingDataset2/processed_data/binary/train/non_flood/building/building_000056.jpg,0.006306767463684082,False
/Users/aanyasingh/Projects/imagevalidation2/data/FloodingDataset2/processed_data/binary/train/non_flood/street_clear/street_clear_000167.jpg,0.0062825679779052734,False
/Users/aanyasingh/Projects/imagevalidation2/data/FloodingDataset2/processed_data/binary/train/non_flood/street_clear/street_clear_000276.jpg,0.006279349327087402,False
/Users/aanyasingh/Projects/imagevalidation2/data/FloodingDataset2/processed_data/binary/train/non_flood/river/river_000069.jpg,0.006247103214263916,False
/Users/aanyasingh/Projects/imagevalidation2/data/FloodingDataset2/processed_data/binary/train/non_flood/park_walkway/park_walkway_000254.jpg,0.006237447261810303,False
/Users/aanyasingh/Projects/imagevalidation2/data/FloodingDataset2/processed_data/binary/train/non_flood/park_walkway/park_walkway_000296.jpg,0.006234526634216309,False
/Users/aanyasingh/Projects/imagevalidation2/data/FloodingDataset2/processed_data/binary/train/non_flood/park_walkway/park_walkway_000374.jpg,0.006228268146514893,False
/Users/aanyasingh/Projects/imagevalidation2/data/FloodingDataset2/processed_data/binary/train/non_flood/river/river_000202.jpg,0.006208598613739014,False
/Users/aanyasingh/Projects/imagevalidation2/data/FloodingDataset2/processed_data/binary/train/non_flood/river/river_000392.jpg,0.00619661808013916,False
/Users/aanyasingh/Projects/imagevalidation2/data/FloodingDataset2/processed_data/binary/train/non_flood/river/river_000243.jpg,0.006190836429595947,False
/Users/aanyasingh/Projects/imagevalidation2/data/FloodingDataset2/processed_data/binary/train/non_flood/vehicle/vehicle_000049.jpg,0.006188690662384033,False
/Users/aanyasingh/Projects/imagevalidation2/data/FloodingDataset2/processed_data/binary/train/non_flood/park_walkway/park_walkway_000178.jpg,0.006179392337799072,False
/Users/aanyasingh/Projects/imagevalidation2/data/FloodingDataset2/processed_data/binary/train/non_flood/river/river_000218.jpg,0.006152927875518799,False
/Users/aanyasingh/Projects/imagevalidation2/data/FloodingDataset2/processed_data/binary/train/non_flood/river/river_000192.jpg,0.006148338317871094,False
/Users/aanyasingh/Projects/imagevalidation2/data/FloodingDataset2/processed_data/binary/train/non_flood/animal/animal_000299.jpg,0.006145179271697998,False
/Users/aanyasingh/Projects/imagevalidation2/data/FloodingDataset2/processed_data/binary/train/non_flood/park_walkway/park_walkway_000246.jpg,0.006144464015960693,False
/Users/aanyasingh/Projects/imagevalidation2/data/FloodingDataset2/processed_data/binary/train/non_flood/animal/animal_000276.jpg,0.006116747856140137,False
/Users/aanyasingh/Projects/imagevalidation2/data/FloodingDataset2/processed_data/binary/train/non_flood/park_walkway/park_walkway_000345.jpg,0.006111502647399902,False
/Users/aanyasingh/Projects/imagevalidation2/data/FloodingDataset2/processed_data/binary/train/non_flood/river/river_000339.jpg,0.006079673767089844,False
/Users/aanyasingh/Projects/imagevalidation2/data/FloodingDataset2/processed_data/binary/train/non_flood/river/river_000007.jpg,0.006059169769287109,False
/Users/aanyasingh/Projects/imagevalidation2/data/FloodingDataset2/processed_data/binary/train/non_flood/animal/animal_000087.jpg,0.006045162677764893,False
/Users/aanyasingh/Projects/imagevalidation2/data/FloodingDataset2/processed_data/binary/train/non_flood/park_walkway/park_walkway_000382.jpg,0.006042003631591797,False
/Users/aanyasingh/Projects/imagevalidation2/data/FloodingDataset2/processed_data/binary/train/non_flood/plant/plant_000131.jpg,0.006035506725311279,False
/Users/aanyasingh/Projects/imagevalidation2/data/FloodingDataset2/processed_data/binary/train/non_flood/park_walkway/park_walkway_000049.jpg,0.00603032112121582,False
/Users/aanyasingh/Projects/imagevalidation2/data/FloodingDataset2/processed_data/binary/train/non_flood/park_walkway/park_walkway_000226.jpg,0.006030082702636719,False
/Users/aanyasingh/Projects/imagevalidation2/data/FloodingDataset2/processed_data/binary/train/non_flood/river/river_000004.jpg,0.00602644681930542,False
/Users/aanyasingh/Projects/imagevalidation2/data/FloodingDataset2/processed_data/binary/train/non_flood/vehicle/vehicle_000087.jpg,0.006025135517120361,False
/Users/aanyasingh/Projects/imagevalidation2/data/FloodingDataset2/processed_data/binary/train/non_flood/river/river_000361.jpg,0.006016671657562256,False
/Users/aanyasingh/Projects/imagevalidation2/data/FloodingDataset2/processed_data/binary/train/non_flood/street_clear/street_clear_000529.jpg,0.006008923053741455,False
/Users/aanyasingh/Projects/imagevalidation2/data/FloodingDataset2/processed_data/binary/train/non_flood/plant/plant_000026.jpg,0.005994439125061035,False
/Users/aanyasingh/Projects/imagevalidation2/data/FloodingDataset2/processed_data/binary/train/non_flood/plant/plant_000088.jpg,0.005990266799926758,False
/Users/aanyasingh/Projects/imagevalidation2/data/FloodingDataset2/processed_data/binary/train/non_flood/vehicle/vehicle_000084.jpg,0.0059806108474731445,False
/Users/aanyasingh/Projects/imagevalidation2/data/FloodingDataset2/processed_data/binary/train/non_flood/building/building_000144.jpg,0.005974292755126953,False
/Users/aanyasingh/Projects/imagevalidation2/data/FloodingDataset2/processed_data/binary/train/non_flood/vehicle/vehicle_000172.jpg,0.005965292453765869,False
/Users/aanyasingh/Projects/imagevalidation2/data/FloodingDataset2/processed_data/binary/train/non_flood/swimming_pool/swimming_pool_000076.jpg,0.00596010684967041,False
/Users/aanyasingh/Projects/imagevalidation2/data/FloodingDataset2/processed_data/binary/train/non_flood/animal/animal_000286.jpg,0.00595778226852417,False
/Users/aanyasingh/Projects/imagevalidation2/data/FloodingDataset2/processed_data/binary/train/non_flood/vehicle/vehicle_000088.jpg,0.005956470966339111,False
/Users/aanyasingh/Projects/imagevalidation2/data/FloodingDataset2/processed_data/binary/train/non_flood/street_clear/street_clear_000165.jpg,0.005931496620178223,False
/Users/aanyasingh/Projects/imagevalidation2/data/FloodingDataset2/processed_data/binary/train/non_flood/street_clear/street_clear_000498.jpg,0.005873680114746094,False
/Users/aanyasingh/Projects/imagevalidation2/data/FloodingDataset2/processed_data/binary/train/non_flood/vehicle/vehicle_000021.jpg,0.005872368812561035,False
/Users/aanyasingh/Projects/imagevalidation2/data/FloodingDataset2/processed_data/binary/train/non_flood/animal/animal_000224.jpg,0.005838453769683838,False
/Users/aanyasingh/Projects/imagevalidation2/data/FloodingDataset2/processed_data/binary/train/non_flood/street_clear/street_clear_000586.jpg,0.0058249831199646,False
/Users/aanyasingh/Projects/imagevalidation2/data/FloodingDataset2/processed_data/binary/train/non_flood/animal/animal_000060.jpg,0.00582277774810791,False
/Users/aanyasingh/Projects/imagevalidation2/data/FloodingDataset2/processed_data/binary/train/non_flood/street_clear/street_clear_000221.jpg,0.00581592321395874,False
/Users/aanyasingh/Projects/imagevalidation2/data/FloodingDataset2/processed_data/binary/train/non_flood/river/river_000194.jpg,0.005804479122161865,False
/Users/aanyasingh/Projects/imagevalidation2/data/FloodingDataset2/processed_data/binary/train/non_flood/river/river_000333.jpg,0.005800485610961914,False
/Users/aanyasingh/Projects/imagevalidation2/data/FloodingDataset2/processed_data/binary/train/non_flood/vehicle/vehicle_000189.jpg,0.005770325660705566,False
/Users/aanyasingh/Projects/imagevalidation2/data/FloodingDataset2/processed_data/binary/train/non_flood/plant/plant_000121.jpg,0.005759239196777344,False
/Users/aanyasingh/Projects/imagevalidation2/data/FloodingDataset2/processed_data/binary/train/non_flood/park_walkway/park_walkway_000295.jpg,0.005746781826019287,False
/Users/aanyasingh/Projects/imagevalidation2/data/FloodingDataset2/processed_data/binary/train/non_flood/park_walkway/park_walkway_000043.jpg,0.005737662315368652,False
/Users/aanyasingh/Projects/imagevalidation2/data/FloodingDataset2/processed_data/binary/train/non_flood/street_clear/street_clear_000141.jpg,0.005724132061004639,False
/Users/aanyasingh/Projects/imagevalidation2/data/FloodingDataset2/processed_data/binary/train/non_flood/river/river_000021.jpg,0.005717039108276367,False
/Users/aanyasingh/Projects/imagevalidation2/data/FloodingDataset2/processed_data/binary/train/non_flood/street_clear/street_clear_000232.jpg,0.005715072154998779,False
/Users/aanyasingh/Projects/imagevalidation2/data/FloodingDataset2/processed_data/binary/train/non_flood/vehicle/vehicle_000034.jpg,0.005703151226043701,False
/Users/aanyasingh/Projects/imagevalidation2/data/FloodingDataset2/processed_data/binary/train/non_flood/street_clear/street_clear_000185.jpg,0.0056983232498168945,False
/Users/aanyasingh/Projects/imagevalidation2/data/FloodingDataset2/processed_data/binary/train/non_flood/river/river_000394.jpg,0.005688071250915527,False
/Users/aanyasingh/Projects/imagevalidation2/data/FloodingDataset2/processed_data/binary/train/non_flood/vehicle/vehicle_000057.jpg,0.005677700042724609,False
/Users/aanyasingh/Projects/imagevalidation2/data/FloodingDataset2/processed_data/binary/train/non_flood/animal/animal_000200.jpg,0.005672037601470947,False
/Users/aanyasingh/Projects/imagevalidation2/data/FloodingDataset2/processed_data/binary/train/non_flood/river/river_000182.jpg,0.005671203136444092,False
/Users/aanyasingh/Projects/imagevalidation2/data/FloodingDataset2/processed_data/binary/train/non_flood/animal/animal_000285.jpg,0.00563126802444458,False
/Users/aanyasingh/Projects/imagevalidation2/data/FloodingDataset2/processed_data/binary/train/non_flood/building/building_000231.jpg,0.005625486373901367,False
/Users/aanyasingh/Projects/imagevalidation2/data/FloodingDataset2/processed_data/binary/train/non_flood/building/building_000060.jpg,0.005615949630737305,False
/Users/aanyasingh/Projects/imagevalidation2/data/FloodingDataset2/processed_data/binary/train/non_flood/swimming_pool/swimming_pool_000025.jpg,0.005609571933746338,False
/Users/aanyasingh/Projects/imagevalidation2/data/FloodingDataset2/processed_data/binary/train/non_flood/street_clear/street_clear_000031.jpg,0.00556337833404541,False
/Users/aanyasingh/Projects/imagevalidation2/data/FloodingDataset2/processed_data/binary/train/non_flood/plant/plant_000149.jpg,0.005559742450714111,False
/Users/aanyasingh/Projects/imagevalidation2/data/FloodingDataset2/processed_data/binary/train/non_flood/street_clear/street_clear_000242.jpg,0.005551815032958984,False
/Users/aanyasingh/Projects/imagevalidation2/data/FloodingDataset2/processed_data/binary/train/non_flood/vehicle/vehicle_000144.jpg,0.005549192428588867,False
/Users/aanyasingh/Projects/imagevalidation2/data/FloodingDataset2/processed_data/binary/train/non_flood/vehicle/vehicle_000113.jpg,0.005536377429962158,False
/Users/aanyasingh/Projects/imagevalidation2/data/FloodingDataset2/processed_data/binary/train/non_flood/vehicle/vehicle_000205.jpg,0.0054915547370910645,False
/Users/aanyasingh/Projects/imagevalidation2/data/FloodingDataset2/processed_data/binary/train/non_flood/park_walkway/park_walkway_000121.jpg,0.005479216575622559,False
/Users/aanyasingh/Projects/imagevalidation2/data/FloodingDataset2/processed_data/binary/train/non_flood/street_clear/street_clear_000347.jpg,0.005472838878631592,False
/Users/aanyasingh/Projects/imagevalidation2/data/FloodingDataset2/processed_data/binary/train/non_flood/vehicle/vehicle_000145.jpg,0.005452394485473633,False
/Users/aanyasingh/Projects/imagevalidation2/data/FloodingDataset2/processed_data/binary/train/non_flood/street_clear/street_clear_000319.jpg,0.005451858043670654,False
/Users/aanyasingh/Projects/imagevalidation2/data/FloodingDataset2/processed_data/binary/train/non_flood/building/building_000068.jpg,0.00544971227645874,False
/Users/aanyasingh/Projects/imagevalidation2/data/FloodingDataset2/processed_data/binary/train/non_flood/vehicle/vehicle_000149.jpg,0.005436956882476807,False
/Users/aanyasingh/Projects/imagevalidation2/data/FloodingDataset2/processed_data/binary/train/non_flood/building/building_000086.jpg,0.005436241626739502,False
/Users/aanyasingh/Projects/imagevalidation2/data/FloodingDataset2/processed_data/binary/train/non_flood/river/river_000051.jpg,0.00541079044342041,False
/Users/aanyasingh/Projects/imagevalidation2/data/FloodingDataset2/processed_data/binary/train/non_flood/building/building_000229.jpg,0.00540006160736084,False
/Users/aanyasingh/Projects/imagevalidation2/data/FloodingDataset2/processed_data/binary/train/non_flood/river/river_000263.jpg,0.00537872314453125,False
/Users/aanyasingh/Projects/imagevalidation2/data/FloodingDataset2/processed_data/binary/train/non_flood/building/building_000197.jpg,0.005361974239349365,False
/Users/aanyasingh/Projects/imagevalidation2/data/FloodingDataset2/processed_data/binary/train/non_flood/street_clear/street_clear_000278.jpg,0.005352199077606201,False
/Users/aanyasingh/Projects/imagevalidation2/data/FloodingDataset2/processed_data/binary/train/non_flood/street_clear/street_clear_000247.jpg,0.0053479671478271484,False
/Users/aanyasingh/Projects/imagevalidation2/data/FloodingDataset2/processed_data/binary/train/non_flood/street_clear/street_clear_000220.jpg,0.005324721336364746,False
/Users/aanyasingh/Projects/imagevalidation2/data/FloodingDataset2/processed_data/binary/train/non_flood/animal/animal_000214.jpg,0.005322813987731934,False
/Users/aanyasingh/Projects/imagevalidation2/data/FloodingDataset2/processed_data/binary/train/non_flood/river/river_000271.jpg,0.005322813987731934,False
/Users/aanyasingh/Projects/imagevalidation2/data/FloodingDataset2/processed_data/binary/train/non_flood/river/river_000032.jpg,0.005318701267242432,False
/Users/aanyasingh/Projects/imagevalidation2/data/FloodingDataset2/processed_data/binary/train/non_flood/park_walkway/park_walkway_000323.jpg,0.005302548408508301,False
/Users/aanyasingh/Projects/imagevalidation2/data/FloodingDataset2/processed_data/binary/train/non_flood/plant/plant_000046.jpg,0.0052610039710998535,False
/Users/aanyasingh/Projects/imagevalidation2/data/FloodingDataset2/processed_data/binary/train/non_flood/vehicle/vehicle_000164.jpg,0.005257844924926758,False
/Users/aanyasingh/Projects/imagevalidation2/data/FloodingDataset2/processed_data/binary/train/non_flood/street_clear/street_clear_000001.jpg,0.005249083042144775,False
/Users/aanyasingh/Projects/imagevalidation2/data/FloodingDataset2/processed_data/binary/train/non_flood/street_clear/street_clear_000422.jpg,0.005247950553894043,False
/Users/aanyasingh/Projects/imagevalidation2/data/FloodingDataset2/processed_data/binary/train/non_flood/street_clear/street_clear_000497.jpg,0.005236268043518066,False
/Users/aanyasingh/Projects/imagevalidation2/data/FloodingDataset2/processed_data/binary/train/non_flood/vehicle/vehicle_000231.jpg,0.005230247974395752,False
/Users/aanyasingh/Projects/imagevalidation2/data/FloodingDataset2/processed_data/binary/train/non_flood/building/building_000054.jpg,0.005227506160736084,False
/Users/aanyasingh/Projects/imagevalidation2/data/FloodingDataset2/processed_data/binary/train/non_flood/river/river_000359.jpg,0.0052168965339660645,False
/Users/aanyasingh/Projects/imagevalidation2/data/FloodingDataset2/processed_data/binary/train/non_flood/park_walkway/park_walkway_000370.jpg,0.005212545394897461,False
/Users/aanyasingh/Projects/imagevalidation2/data/FloodingDataset2/processed_data/binary/train/non_flood/street_clear/street_clear_000428.jpg,0.0052117109298706055,False
/Users/aanyasingh/Projects/imagevalidation2/data/FloodingDataset2/processed_data/binary/train/non_flood/building/building_000142.jpg,0.005181014537811279,False
/Users/aanyasingh/Projects/imagevalidation2/data/FloodingDataset2/processed_data/binary/train/non_flood/building/building_000162.jpg,0.005178689956665039,False
/Users/aanyasingh/Projects/imagevalidation2/data/FloodingDataset2/processed_data/binary/train/non_flood/park_walkway/park_walkway_000073.jpg,0.005178332328796387,False
/Users/aanyasingh/Projects/imagevalidation2/data/FloodingDataset2/processed_data/binary/train/non_flood/park_walkway/park_walkway_000181.jpg,0.005166888236999512,False
/Users/aanyasingh/Projects/imagevalidation2/data/FloodingDataset2/processed_data/binary/train/non_flood/street_clear/street_clear_000060.jpg,0.0051174163818359375,False
/Users/aanyasingh/Projects/imagevalidation2/data/FloodingDataset2/processed_data/binary/train/non_flood/river/river_000129.jpg,0.005109071731567383,False
/Users/aanyasingh/Projects/imagevalidation2/data/FloodingDataset2/processed_data/binary/train/non_flood/vehicle/vehicle_000131.jpg,0.0050904154777526855,False
/Users/aanyasingh/Projects/imagevalidation2/data/FloodingDataset2/processed_data/binary/train/non_flood/river/river_000297.jpg,0.005063891410827637,False
/Users/aanyasingh/Projects/imagevalidation2/data/FloodingDataset2/processed_data/binary/train/non_flood/building/building_000171.jpg,0.005059242248535156,False
/Users/aanyasingh/Projects/imagevalidation2/data/FloodingDataset2/processed_data/binary/train/non_flood/animal/animal_000070.jpg,0.005055487155914307,False
/Users/aanyasingh/Projects/imagevalidation2/data/FloodingDataset2/processed_data/binary/train/non_flood/plant/plant_000122.jpg,0.0050514936447143555,False
/Users/aanyasingh/Projects/imagevalidation2/data/FloodingDataset2/processed_data/binary/train/non_flood/street_clear/street_clear_000065.jpg,0.005048394203186035,False
/Users/aanyasingh/Projects/imagevalidation2/data/FloodingDataset2/processed_data/binary/train/non_flood/street_clear/street_clear_000338.jpg,0.005039811134338379,False
/Users/aanyasingh/Projects/imagevalidation2/data/FloodingDataset2/processed_data/binary/train/non_flood/street_clear/street_clear_000194.jpg,0.005035102367401123,False
/Users/aanyasingh/Projects/imagevalidation2/data/FloodingDataset2/processed_data/binary/train/non_flood/building/building_000227.jpg,0.004973351955413818,False
/Users/aanyasingh/Projects/imagevalidation2/data/FloodingDataset2/processed_data/binary/train/non_flood/vehicle/vehicle_000093.jpg,0.004967689514160156,False
/Users/aanyasingh/Projects/imagevalidation2/data/FloodingDataset2/processed_data/binary/train/non_flood/vehicle/vehicle_000014.jpg,0.0049571990966796875,False
/Users/aanyasingh/Projects/imagevalidation2/data/FloodingDataset2/processed_data/binary/train/non_flood/street_clear/street_clear_000080.jpg,0.004946649074554443,False
/Users/aanyasingh/Projects/imagevalidation2/data/FloodingDataset2/processed_data/binary/train/non_flood/plant/plant_000129.jpg,0.00494539737701416,False
/Users/aanyasingh/Projects/imagevalidation2/data/FloodingDataset2/processed_data/binary/train/non_flood/animal/animal_000096.jpg,0.004930257797241211,False
/Users/aanyasingh/Projects/imagevalidation2/data/FloodingDataset2/processed_data/binary/train/non_flood/animal/animal_000113.jpg,0.004929661750793457,False
/Users/aanyasingh/Projects/imagevalidation2/data/FloodingDataset2/processed_data/binary/train/non_flood/plant/plant_000135.jpg,0.0048828125,False
/Users/aanyasingh/Projects/imagevalidation2/data/FloodingDataset2/processed_data/binary/train/non_flood/park_walkway/park_walkway_000124.jpg,0.00488126277923584,False
/Users/aanyasingh/Projects/imagevalidation2/data/FloodingDataset2/processed_data/binary/train/non_flood/building/building_000093.jpg,0.004877865314483643,False
/Users/aanyasingh/Projects/imagevalidation2/data/FloodingDataset2/processed_data/binary/train/non_flood/vehicle/vehicle_000181.jpg,0.004864394664764404,False
/Users/aanyasingh/Projects/imagevalidation2/data/FloodingDataset2/processed_data/binary/train/non_flood/river/river_000010.jpg,0.004855453968048096,False
/Users/aanyasingh/Projects/imagevalidation2/data/FloodingDataset2/processed_data/binary/train/non_flood/plant/plant_000008.jpg,0.004853546619415283,False
/Users/aanyasingh/Projects/imagevalidation2/data/FloodingDataset2/processed_data/binary/train/non_flood/park_walkway/park_walkway_000056.jpg,0.004841983318328857,False
/Users/aanyasingh/Projects/imagevalidation2/data/FloodingDataset2/processed_data/binary/train/non_flood/river/river_000323.jpg,0.0048329830169677734,False
/Users/aanyasingh/Projects/imagevalidation2/data/FloodingDataset2/processed_data/binary/train/non_flood/river/river_000398.jpg,0.0048313140869140625,False
/Users/aanyasingh/Projects/imagevalidation2/data/FloodingDataset2/processed_data/binary/train/non_flood/park_walkway/park_walkway_000119.jpg,0.004807829856872559,False
/Users/aanyasingh/Projects/imagevalidation2/data/FloodingDataset2/processed_data/binary/train/non_flood/river/river_000334.jpg,0.004790246486663818,False
/Users/aanyasingh/Projects/imagevalidation2/data/FloodingDataset2/processed_data/binary/train/non_flood/park_walkway/park_walkway_000135.jpg,0.004789173603057861,False
/Users/aanyasingh/Projects/imagevalidation2/data/FloodingDataset2/processed_data/binary/train/non_flood/park_walkway/park_walkway_000403.jpg,0.0047803521156311035,False
/Users/aanyasingh/Projects/imagevalidation2/data/FloodingDataset2/processed_data/binary/train/non_flood/park_walkway/park_walkway_000322.jpg,0.00476992130279541,False
/Users/aanyasingh/Projects/imagevalidation2/data/FloodingDataset2/processed_data/binary/train/non_flood/park_walkway/park_walkway_000394.jpg,0.004765212535858154,False
/Users/aanyasingh/Projects/imagevalidation2/data/FloodingDataset2/processed_data/binary/train/non_flood/street_clear/street_clear_000138.jpg,0.004753172397613525,False
/Users/aanyasingh/Projects/imagevalidation2/data/FloodingDataset2/processed_data/binary/train/non_flood/vehicle/vehicle_000003.jpg,0.00475233793258667,False
/Users/aanyasingh/Projects/imagevalidation2/data/FloodingDataset2/processed_data/binary/train/non_flood/swimming_pool/swimming_pool_000028.jpg,0.004740536212921143,False
/Users/aanyasingh/Projects/imagevalidation2/data/FloodingDataset2/processed_data/binary/train/non_flood/street_clear/street_clear_000578.jpg,0.0047394633293151855,False
/Users/aanyasingh/Projects/imagevalidation2/data/FloodingDataset2/processed_data/binary/train/non_flood/building/building_000193.jpg,0.0047376155853271484,False
/Users/aanyasingh/Projects/imagevalidation2/data/FloodingDataset2/processed_data/binary/train/non_flood/street_clear/street_clear_000234.jpg,0.004708290100097656,False
/Users/aanyasingh/Projects/imagevalidation2/data/FloodingDataset2/processed_data/binary/train/non_flood/street_clear/street_clear_000544.jpg,0.004683256149291992,False
/Users/aanyasingh/Projects/imagevalidation2/data/FloodingDataset2/processed_data/binary/train/non_flood/park_walkway/park_walkway_000085.jpg,0.004671573638916016,False
/Users/aanyasingh/Projects/imagevalidation2/data/FloodingDataset2/processed_data/binary/train/non_flood/street_clear/street_clear_000123.jpg,0.0046694278717041016,False
/Users/aanyasingh/Projects/imagevalidation2/data/FloodingDataset2/processed_data/binary/train/non_flood/river/river_000053.jpg,0.004663407802581787,False
/Users/aanyasingh/Projects/imagevalidation2/data/FloodingDataset2/processed_data/binary/train/non_flood/animal/animal_000088.jpg,0.004632711410522461,False
/Users/aanyasingh/Projects/imagevalidation2/data/FloodingDataset2/processed_data/binary/train/non_flood/park_walkway/park_walkway_000303.jpg,0.0046266913414001465,False
/Users/aanyasingh/Projects/imagevalidation2/data/FloodingDataset2/processed_data/binary/train/non_flood/park_walkway/park_walkway_000175.jpg,0.004621148109436035,False
/Users/aanyasingh/Projects/imagevalidation2/data/FloodingDataset2/processed_data/binary/train/non_flood/park_walkway/park_walkway_000366.jpg,0.004617631435394287,False
/Users/aanyasingh/Projects/imagevalidation2/data/FloodingDataset2/processed_data/binary/train/non_flood/plant/plant_000024.jpg,0.004598855972290039,False
/Users/aanyasingh/Projects/imagevalidation2/data/FloodingDataset2/processed_data/binary/train/non_flood/vehicle/vehicle_000094.jpg,0.004554867744445801,False
/Users/aanyasingh/Projects/imagevalidation2/data/FloodingDataset2/processed_data/binary/train/non_flood/street_clear/street_clear_000520.jpg,0.004549562931060791,False
/Users/aanyasingh/Projects/imagevalidation2/data/FloodingDataset2/processed_data/binary/train/non_flood/animal/animal_000006.jpg,0.004542708396911621,False
/Users/aanyasingh/Projects/imagevalidation2/data/FloodingDataset2/processed_data/binary/train/non_flood/plant/plant_000168.jpg,0.0045424699783325195,False
/Users/aanyasingh/Projects/imagevalidation2/data/FloodingDataset2/processed_data/binary/train/non_flood/vehicle/vehicle_000067.jpg,0.004534542560577393,False
/Users/aanyasingh/Projects/imagevalidation2/data/FloodingDataset2/processed_data/binary/train/non_flood/plant/plant_000052.jpg,0.0045320987701416016,False
/Users/aanyasingh/Projects/imagevalidation2/data/FloodingDataset2/processed_data/binary/train/non_flood/street_clear/street_clear_000108.jpg,0.00451970100402832,False
/Users/aanyasingh/Projects/imagevalidation2/data/FloodingDataset2/processed_data/binary/train/non_flood/river/river_000106.jpg,0.004519104957580566,False
/Users/aanyasingh/Projects/imagevalidation2/data/FloodingDataset2/processed_data/binary/train/non_flood/street_clear/street_clear_000332.jpg,0.004517793655395508,False
/Users/aanyasingh/Projects/imagevalidation2/data/FloodingDataset2/processed_data/binary/train/non_flood/animal/animal_000298.jpg,0.00449901819229126,False
/Users/aanyasingh/Projects/imagevalidation2/data/FloodingDataset2/processed_data/binary/train/non_flood/river/river_000338.jpg,0.00449758768081665,False
/Users/aanyasingh/Projects/imagevalidation2/data/FloodingDataset2/processed_data/binary/train/non_flood/animal/animal_000143.jpg,0.004491329193115234,False
/Users/aanyasingh/Projects/imagevalidation2/data/FloodingDataset2/processed_data/binary/train/non_flood/building/building_000166.jpg,0.004465699195861816,False
/Users/aanyasingh/Projects/imagevalidation2/data/FloodingDataset2/processed_data/binary/train/non_flood/swimming_pool/swimming_pool_000007.jpg,0.004447519779205322,False
/Users/aanyasingh/Projects/imagevalidation2/data/FloodingDataset2/processed_data/binary/train/non_flood/animal/animal_000024.jpg,0.0044400691986083984,False
/Users/aanyasingh/Projects/imagevalidation2/data/FloodingDataset2/processed_data/binary/train/non_flood/plant/plant_000169.jpg,0.004433572292327881,False
/Users/aanyasingh/Projects/imagevalidation2/data/FloodingDataset2/processed_data/binary/train/non_flood/street_clear/street_clear_000548.jpg,0.0044258832931518555,False
/Users/aanyasingh/Projects/imagevalidation2/data/FloodingDataset2/processed_data/binary/train/non_flood/river/river_000040.jpg,0.004420459270477295,False
/Users/aanyasingh/Projects/imagevalidation2/data/FloodingDataset2/processed_data/binary/train/non_flood/park_walkway/park_walkway_000223.jpg,0.004406273365020752,False
/Users/aanyasingh/Projects/imagevalidation2/data/FloodingDataset2/processed_data/binary/train/non_flood/park_walkway/park_walkway_000205.jpg,0.0043964385986328125,False
/Users/aanyasingh/Projects/imagevalidation2/data/FloodingDataset2/processed_data/binary/train/non_flood/building/building_000243.jpg,0.004352867603302002,False
/Users/aanyasingh/Projects/imagevalidation2/data/FloodingDataset2/processed_data/binary/train/non_flood/vehicle/vehicle_000225.jpg,0.004332542419433594,False
/Users/aanyasingh/Projects/imagevalidation2/data/FloodingDataset2/processed_data/binary/train/non_flood/vehicle/vehicle_000082.jpg,0.004316926002502441,False
/Users/aanyasingh/Projects/imagevalidation2/data/FloodingDataset2/processed_data/binary/train/non_flood/vehicle/vehicle_000007.jpg,0.004308164119720459,False
/Users/aanyasingh/Projects/imagevalidation2/data/FloodingDataset2/processed_data/binary/train/non_flood/river/river_000253.jpg,0.004307568073272705,False
/Users/aanyasingh/Projects/imagevalidation2/data/FloodingDataset2/processed_data/binary/train/non_flood/park_walkway/park_walkway_000251.jpg,0.004303455352783203,False
/Users/aanyasingh/Projects/imagevalidation2/data/FloodingDataset2/processed_data/binary/train/non_flood/vehicle/vehicle_000119.jpg,0.004279792308807373,False
/Users/aanyasingh/Projects/imagevalidation2/data/FloodingDataset2/processed_data/binary/train/non_flood/vehicle/vehicle_000126.jpg,0.004264712333679199,False
/Users/aanyasingh/Projects/imagevalidation2/data/FloodingDataset2/processed_data/binary/train/non_flood/park_walkway/park_walkway_000390.jpg,0.004239380359649658,False
/Users/aanyasingh/Projects/imagevalidation2/data/FloodingDataset2/processed_data/binary/train/non_flood/river/river_000174.jpg,0.0042345523834228516,False
/Users/aanyasingh/Projects/imagevalidation2/data/FloodingDataset2/processed_data/binary/train/non_flood/park_walkway/park_walkway_000125.jpg,0.004228532314300537,False
/Users/aanyasingh/Projects/imagevalidation2/data/FloodingDataset2/processed_data/binary/train/non_flood/street_clear/street_clear_000351.jpg,0.004215419292449951,False
/Users/aanyasingh/Projects/imagevalidation2/data/FloodingDataset2/processed_data/binary/train/non_flood/building/building_000255.jpg,0.004202842712402344,False
/Users/aanyasingh/Projects/imagevalidation2/data/FloodingDataset2/processed_data/binary/train/non_flood/vehicle/vehicle_000042.jpg,0.0041779279708862305,False
/Users/aanyasingh/Projects/imagevalidation2/data/FloodingDataset2/processed_data/binary/train/non_flood/street_clear/street_clear_000336.jpg,0.0041727423667907715,False
/Users/aanyasingh/Projects/imagevalidation2/data/FloodingDataset2/processed_data/binary/train/non_flood/street_clear/street_clear_000214.jpg,0.004167377948760986,False
/Users/aanyasingh/Projects/imagevalidation2/data/FloodingDataset2/processed_data/binary/train/non_flood/building/building_000221.jpg,0.004162430763244629,False
/Users/aanyasingh/Projects/imagevalidation2/data/FloodingDataset2/processed_data/binary/train/non_flood/street_clear/street_clear_000039.jpg,0.00416111946105957,False
/Users/aanyasingh/Projects/imagevalidation2/data/FloodingDataset2/processed_data/binary/train/non_flood/vehicle/vehicle_000220.jpg,0.00415879487991333,False
/Users/aanyasingh/Projects/imagevalidation2/data/FloodingDataset2/processed_data/binary/train/non_flood/animal/animal_000275.jpg,0.004145324230194092,False
/Users/aanyasingh/Projects/imagevalidation2/data/FloodingDataset2/processed_data/binary/train/non_flood/river/river_000328.jpg,0.004142701625823975,False
/Users/aanyasingh/Projects/imagevalidation2/data/FloodingDataset2/processed_data/binary/train/non_flood/river/river_000296.jpg,0.004132270812988281,False
/Users/aanyasingh/Projects/imagevalidation2/data/FloodingDataset2/processed_data/binary/train/non_flood/animal/animal_000250.jpg,0.0041280388832092285,False
/Users/aanyasingh/Projects/imagevalidation2/data/FloodingDataset2/processed_data/binary/train/non_flood/animal/animal_000247.jpg,0.0041207075119018555,False
/Users/aanyasingh/Projects/imagevalidation2/data/FloodingDataset2/processed_data/binary/train/non_flood/street_clear/street_clear_000091.jpg,0.004106760025024414,False
/Users/aanyasingh/Projects/imagevalidation2/data/FloodingDataset2/processed_data/binary/train/non_flood/swimming_pool/swimming_pool_000055.jpg,0.0041043758392333984,False
/Users/aanyasingh/Projects/imagevalidation2/data/FloodingDataset2/processed_data/binary/train/non_flood/street_clear/street_clear_000009.jpg,0.004093289375305176,False
/Users/aanyasingh/Projects/imagevalidation2/data/FloodingDataset2/processed_data/binary/train/non_flood/animal/animal_000244.jpg,0.004093170166015625,False
/Users/aanyasingh/Projects/imagevalidation2/data/FloodingDataset2/processed_data/binary/train/non_flood/vehicle/vehicle_000046.jpg,0.004087388515472412,False
/Users/aanyasingh/Projects/imagevalidation2/data/FloodingDataset2/processed_data/binary/train/non_flood/building/building_000009.jpg,0.004073977470397949,False
/Users/aanyasingh/Projects/imagevalidation2/data/FloodingDataset2/processed_data/binary/train/non_flood/plant/plant_000078.jpg,0.004027664661407471,False
/Users/aanyasingh/Projects/imagevalidation2/data/FloodingDataset2/processed_data/binary/train/non_flood/park_walkway/park_walkway_000201.jpg,0.004022419452667236,False
/Users/aanyasingh/Projects/imagevalidation2/data/FloodingDataset2/processed_data/binary/train/non_flood/street_clear/street_clear_000011.jpg,0.004014551639556885,False
/Users/aanyasingh/Projects/imagevalidation2/data/FloodingDataset2/processed_data/binary/train/non_flood/park_walkway/park_walkway_000047.jpg,0.004011332988739014,False
/Users/aanyasingh/Projects/imagevalidation2/data/FloodingDataset2/processed_data/binary/train/non_flood/river/river_000370.jpg,0.003982722759246826,False
/Users/aanyasingh/Projects/imagevalidation2/data/FloodingDataset2/processed_data/binary/train/non_flood/river/river_000094.jpg,0.003971457481384277,False
/Users/aanyasingh/Projects/imagevalidation2/data/FloodingDataset2/processed_data/binary/train/non_flood/river/river_000126.jpg,0.003958702087402344,False
/Users/aanyasingh/Projects/imagevalidation2/data/FloodingDataset2/processed_data/binary/train/non_flood/river/river_000042.jpg,0.003958225250244141,False
/Users/aanyasingh/Projects/imagevalidation2/data/FloodingDataset2/processed_data/binary/train/non_flood/river/river_000331.jpg,0.003955841064453125,False
/Users/aanyasingh/Projects/imagevalidation2/data/FloodingDataset2/processed_data/binary/train/non_flood/street_clear/street_clear_000243.jpg,0.003953158855438232,False
/Users/aanyasingh/Projects/imagevalidation2/data/FloodingDataset2/processed_data/binary/train/non_flood/river/river_000293.jpg,0.003952205181121826,False
/Users/aanyasingh/Projects/imagevalidation2/data/FloodingDataset2/processed_data/binary/train/non_flood/building/building_000260.jpg,0.003946542739868164,False
/Users/aanyasingh/Projects/imagevalidation2/data/FloodingDataset2/processed_data/binary/train/non_flood/street_clear/street_clear_000299.jpg,0.003944873809814453,False
/Users/aanyasingh/Projects/imagevalidation2/data/FloodingDataset2/processed_data/binary/train/non_flood/river/river_000062.jpg,0.003937065601348877,False
/Users/aanyasingh/Projects/imagevalidation2/data/FloodingDataset2/processed_data/binary/train/non_flood/street_clear/street_clear_000134.jpg,0.003935754299163818,False
/Users/aanyasingh/Projects/imagevalidation2/data/FloodingDataset2/processed_data/binary/train/non_flood/plant/plant_000055.jpg,0.003934204578399658,False
/Users/aanyasingh/Projects/imagevalidation2/data/FloodingDataset2/processed_data/binary/train/non_flood/street_clear/street_clear_000205.jpg,0.003888547420501709,False
/Users/aanyasingh/Projects/imagevalidation2/data/FloodingDataset2/processed_data/binary/train/non_flood/street_clear/street_clear_000466.jpg,0.003888547420501709,False
/Users/aanyasingh/Projects/imagevalidation2/data/FloodingDataset2/processed_data/binary/train/non_flood/building/building_000192.jpg,0.0038814544677734375,False
/Users/aanyasingh/Projects/imagevalidation2/data/FloodingDataset2/processed_data/binary/train/non_flood/animal/animal_000225.jpg,0.0038723349571228027,False
/Users/aanyasingh/Projects/imagevalidation2/data/FloodingDataset2/processed_data/binary/train/non_flood/park_walkway/park_walkway_000319.jpg,0.003856956958770752,False
/Users/aanyasingh/Projects/imagevalidation2/data/FloodingDataset2/processed_data/binary/train/non_flood/river/river_000023.jpg,0.003850221633911133,False
/Users/aanyasingh/Projects/imagevalidation2/data/FloodingDataset2/processed_data/binary/train/non_flood/street_clear/street_clear_000396.jpg,0.0038428902626037598,False
/Users/aanyasingh/Projects/imagevalidation2/data/FloodingDataset2/processed_data/binary/train/non_flood/park_walkway/park_walkway_000277.jpg,0.003834843635559082,False
/Users/aanyasingh/Projects/imagevalidation2/data/FloodingDataset2/processed_data/binary/train/non_flood/animal/animal_000132.jpg,0.0038181543350219727,False
/Users/aanyasingh/Projects/imagevalidation2/data/FloodingDataset2/processed_data/binary/train/non_flood/building/building_000182.jpg,0.003812849521636963,False
/Users/aanyasingh/Projects/imagevalidation2/data/FloodingDataset2/processed_data/binary/train/non_flood/river/river_000292.jpg,0.0037909746170043945,False
/Users/aanyasingh/Projects/imagevalidation2/data/FloodingDataset2/processed_data/binary/train/non_flood/street_clear/street_clear_000547.jpg,0.0037903785705566406,False
/Users/aanyasingh/Projects/imagevalidation2/data/FloodingDataset2/processed_data/binary/train/non_flood/swimming_pool/swimming_pool_000079.jpg,0.003787398338317871,False
/Users/aanyasingh/Projects/imagevalidation2/data/FloodingDataset2/processed_data/binary/train/non_flood/vehicle/vehicle_000157.jpg,0.0037751197814941406,False
/Users/aanyasingh/Projects/imagevalidation2/data/FloodingDataset2/processed_data/binary/train/non_flood/river/river_000337.jpg,0.003774881362915039,False
/Users/aanyasingh/Projects/imagevalidation2/data/FloodingDataset2/processed_data/binary/train/non_flood/building/building_000248.jpg,0.0037650465965270996,False
/Users/aanyasingh/Projects/imagevalidation2/data/FloodingDataset2/processed_data/binary/train/non_flood/animal/animal_000107.jpg,0.0037578344345092773,False
/Users/aanyasingh/Projects/imagevalidation2/data/FloodingDataset2/processed_data/binary/train/non_flood/river/river_000054.jpg,0.003747999668121338,False
/Users/aanyasingh/Projects/imagevalidation2/data/FloodingDataset2/processed_data/binary/train/non_flood/building/building_000084.jpg,0.003739297389984131,False
/Users/aanyasingh/Projects/imagevalidation2/data/FloodingDataset2/processed_data/binary/train/non_flood/park_walkway/park_walkway_000006.jpg,0.0037322640419006348,False
/Users/aanyasingh/Projects/imagevalidation2/data/FloodingDataset2/processed_data/binary/train/non_flood/park_walkway/park_walkway_000379.jpg,0.0036821365356445312,False
/Users/aanyasingh/Projects/imagevalidation2/data/FloodingDataset2/processed_data/binary/train/non_flood/swimming_pool/swimming_pool_000047.jpg,0.0036736130714416504,False
/Users/aanyasingh/Projects/imagevalidation2/data/FloodingDataset2/processed_data/binary/train/non_flood/vehicle/vehicle_000061.jpg,0.0036488771438598633,False
/Users/aanyasingh/Projects/imagevalidation2/data/FloodingDataset2/processed_data/binary/train/non_flood/park_walkway/park_walkway_000375.jpg,0.003637254238128662,False
/Users/aanyasingh/Projects/imagevalidation2/data/FloodingDataset2/processed_data/binary/train/non_flood/animal/animal_000032.jpg,0.00363314151763916,False
/Users/aanyasingh/Projects/imagevalidation2/data/FloodingDataset2/processed_data/binary/train/non_flood/building/building_000148.jpg,0.0036281347274780273,False
/Users/aanyasingh/Projects/imagevalidation2/data/FloodingDataset2/processed_data/binary/train/non_flood/park_walkway/park_walkway_000349.jpg,0.0035933852195739746,False
/Users/aanyasingh/Projects/imagevalidation2/data/FloodingDataset2/processed_data/binary/train/non_flood/vehicle/vehicle_000218.jpg,0.0035923123359680176,False
/Users/aanyasingh/Projects/imagevalidation2/data/FloodingDataset2/processed_data/binary/train/non_flood/park_walkway/park_walkway_000331.jpg,0.003585994243621826,False
/Users/aanyasingh/Projects/imagevalidation2/data/FloodingDataset2/processed_data/binary/train/non_flood/building/building_000278.jpg,0.003578782081604004,False
/Users/aanyasingh/Projects/imagevalidation2/data/FloodingDataset2/processed_data/binary/train/non_flood/plant/plant_000018.jpg,0.0035760998725891113,False
/Users/aanyasingh/Projects/imagevalidation2/data/FloodingDataset2/processed_data/binary/train/non_flood/building/building_000195.jpg,0.0035310983657836914,False
/Users/aanyasingh/Projects/imagevalidation2/data/FloodingDataset2/processed_data/binary/train/non_flood/animal/animal_000167.jpg,0.0035282373428344727,False
/Users/aanyasingh/Projects/imagevalidation2/data/FloodingDataset2/processed_data/binary/train/non_flood/street_clear/street_clear_000309.jpg,0.003526031970977783,False
/Users/aanyasingh/Projects/imagevalidation2/data/FloodingDataset2/processed_data/binary/train/non_flood/building/building_000198.jpg,0.0035198330879211426,False
/Users/aanyasingh/Projects/imagevalidation2/data/FloodingDataset2/processed_data/binary/train/non_flood/river/river_000169.jpg,0.0035170316696166992,False
/Users/aanyasingh/Projects/imagevalidation2/data/FloodingDataset2/processed_data/binary/train/non_flood/river/river_000210.jpg,0.0035152435302734375,False
/Users/aanyasingh/Projects/imagevalidation2/data/FloodingDataset2/processed_data/binary/train/non_flood/animal/animal_000115.jpg,0.0035001039505004883,False
/Users/aanyasingh/Projects/imagevalidation2/data/FloodingDataset2/processed_data/binary/train/non_flood/swimming_pool/swimming_pool_000075.jpg,0.003498077392578125,False
/Users/aanyasingh/Projects/imagevalidation2/data/FloodingDataset2/processed_data/binary/train/non_flood/vehicle/vehicle_000065.jpg,0.0034942626953125,False
/Users/aanyasingh/Projects/imagevalidation2/data/FloodingDataset2/processed_data/binary/train/non_flood/swimming_pool/swimming_pool_000084.jpg,0.0034888386726379395,False
/Users/aanyasingh/Projects/imagevalidation2/data/FloodingDataset2/processed_data/binary/train/non_flood/vehicle/vehicle_000167.jpg,0.0034872889518737793,False
/Users/aanyasingh/Projects/imagevalidation2/data/FloodingDataset2/processed_data/binary/train/non_flood/animal/animal_000234.jpg,0.00348585844039917,False
/Users/aanyasingh/Projects/imagevalidation2/data/FloodingDataset2/processed_data/binary/train/non_flood/animal/animal_000117.jpg,0.00348055362701416,False
/Users/aanyasingh/Projects/imagevalidation2/data/FloodingDataset2/processed_data/binary/train/non_flood/park_walkway/park_walkway_000099.jpg,0.003476560115814209,False
/Users/aanyasingh/Projects/imagevalidation2/data/FloodingDataset2/processed_data/binary/train/non_flood/animal/animal_000175.jpg,0.0034686923027038574,False
/Users/aanyasingh/Projects/imagevalidation2/data/FloodingDataset2/processed_data/binary/train/non_flood/swimming_pool/swimming_pool_000022.jpg,0.003445863723754883,False
/Users/aanyasingh/Projects/imagevalidation2/data/FloodingDataset2/processed_data/binary/train/non_flood/animal/animal_000089.jpg,0.003439009189605713,False
/Users/aanyasingh/Projects/imagevalidation2/data/FloodingDataset2/processed_data/binary/train/non_flood/park_walkway/park_walkway_000008.jpg,0.0034303665161132812,False
/Users/aanyasingh/Projects/imagevalidation2/data/FloodingDataset2/processed_data/binary/train/non_flood/river/river_000299.jpg,0.003429889678955078,False
/Users/aanyasingh/Projects/imagevalidation2/data/FloodingDataset2/processed_data/binary/train/non_flood/park_walkway/park_walkway_000367.jpg,0.003426790237426758,False
/Users/aanyasingh/Projects/imagevalidation2/data/FloodingDataset2/processed_data/binary/train/non_flood/plant/plant_000006.jpg,0.0034224390983581543,False
/Users/aanyasingh/Projects/imagevalidation2/data/FloodingDataset2/processed_data/binary/train/non_flood/park_walkway/park_walkway_000019.jpg,0.0034185051918029785,False
/Users/aanyasingh/Projects/imagevalidation2/data/FloodingDataset2/processed_data/binary/train/non_flood/animal/animal_000169.jpg,0.0034132003784179688,False
/Users/aanyasingh/Projects/imagevalidation2/data/FloodingDataset2/processed_data/binary/train/non_flood/plant/plant_000050.jpg,0.003402411937713623,False
/Users/aanyasingh/Projects/imagevalidation2/data/FloodingDataset2/processed_data/binary/train/non_flood/street_clear/street_clear_000499.jpg,0.003399789333343506,False
/Users/aanyasingh/Projects/imagevalidation2/data/FloodingDataset2/processed_data/binary/train/non_flood/building/building_000172.jpg,0.0033925771713256836,False
/Users/aanyasingh/Projects/imagevalidation2/data/FloodingDataset2/processed_data/binary/train/non_flood/street_clear/street_clear_000346.jpg,0.003387272357940674,False
/Users/aanyasingh/Projects/imagevalidation2/data/FloodingDataset2/processed_data/binary/train/non_flood/animal/animal_000141.jpg,0.0033825039863586426,False
/Users/aanyasingh/Projects/imagevalidation2/data/FloodingDataset2/processed_data/binary/train/non_flood/street_clear/street_clear_000395.jpg,0.0033821463584899902,False
/Users/aanyasingh/Projects/imagevalidation2/data/FloodingDataset2/processed_data/binary/train/non_flood/river/river_000127.jpg,0.0033780336380004883,False
/Users/aanyasingh/Projects/imagevalidation2/data/FloodingDataset2/processed_data/binary/train/non_flood/building/building_000218.jpg,0.0033683180809020996,False
/Users/aanyasingh/Projects/imagevalidation2/data/FloodingDataset2/processed_data/binary/train/non_flood/street_clear/street_clear_000365.jpg,0.0033625364303588867,False
/Users/aanyasingh/Projects/imagevalidation2/data/FloodingDataset2/processed_data/binary/train/non_flood/animal/animal_000270.jpg,0.0033609867095947266,False
/Users/aanyasingh/Projects/imagevalidation2/data/FloodingDataset2/processed_data/binary/train/non_flood/river/river_000180.jpg,0.003359556198120117,False
/Users/aanyasingh/Projects/imagevalidation2/data/FloodingDataset2/processed_data/binary/train/non_flood/building/building_000210.jpg,0.003354966640472412,False
/Users/aanyasingh/Projects/imagevalidation2/data/FloodingDataset2/processed_data/binary/train/non_flood/swimming_pool/swimming_pool_000057.jpg,0.003354489803314209,False
/Users/aanyasingh/Projects/imagevalidation2/data/FloodingDataset2/processed_data/binary/train/non_flood/building/building_000044.jpg,0.0033509135246276855,False
/Users/aanyasingh/Projects/imagevalidation2/data/FloodingDataset2/processed_data/binary/train/non_flood/vehicle/vehicle_000032.jpg,0.0033417940139770508,False
/Users/aanyasingh/Projects/imagevalidation2/data/FloodingDataset2/processed_data/binary/train/non_flood/river/river_000330.jpg,0.003334343433380127,False
/Users/aanyasingh/Projects/imagevalidation2/data/FloodingDataset2/processed_data/binary/train/non_flood/swimming_pool/swimming_pool_000097.jpg,0.0033144354820251465,False
/Users/aanyasingh/Projects/imagevalidation2/data/FloodingDataset2/processed_data/binary/train/non_flood/building/building_000114.jpg,0.003313124179840088,False
/Users/aanyasingh/Projects/imagevalidation2/data/FloodingDataset2/processed_data/binary/train/non_flood/park_walkway/park_walkway_000250.jpg,0.0032942891120910645,False
/Users/aanyasingh/Projects/imagevalidation2/data/FloodingDataset2/processed_data/binary/train/non_flood/building/building_000265.jpg,0.0032922029495239258,False
/Users/aanyasingh/Projects/imagevalidation2/data/FloodingDataset2/processed_data/binary/train/non_flood/river/river_000232.jpg,0.0032885074615478516,False
/Users/aanyasingh/Projects/imagevalidation2/data/FloodingDataset2/processed_data/binary/train/non_flood/street_clear/street_clear_000261.jpg,0.0032772421836853027,False
/Users/aanyasingh/Projects/imagevalidation2/data/FloodingDataset2/processed_data/binary/train/non_flood/street_clear/street_clear_000233.jpg,0.003269672393798828,False
/Users/aanyasingh/Projects/imagevalidation2/data/FloodingDataset2/processed_data/binary/train/non_flood/animal/animal_000294.jpg,0.0032656192779541016,False
/Users/aanyasingh/Projects/imagevalidation2/data/FloodingDataset2/processed_data/binary/train/non_flood/plant/plant_000030.jpg,0.0032588839530944824,False
/Users/aanyasingh/Projects/imagevalidation2/data/FloodingDataset2/processed_data/binary/train/non_flood/building/building_000039.jpg,0.0032498836517333984,False
/Users/aanyasingh/Projects/imagevalidation2/data/FloodingDataset2/processed_data/binary/train/non_flood/vehicle/vehicle_000123.jpg,0.003227412700653076,False
/Users/aanyasingh/Projects/imagevalidation2/data/FloodingDataset2/processed_data/binary/train/non_flood/street_clear/street_clear_000253.jpg,0.0032262206077575684,False
/Users/aanyasingh/Projects/imagevalidation2/data/FloodingDataset2/processed_data/binary/train/non_flood/street_clear/street_clear_000409.jpg,0.003223121166229248,False
/Users/aanyasingh/Projects/imagevalidation2/data/FloodingDataset2/processed_data/binary/train/non_flood/animal/animal_000082.jpg,0.0032020211219787598,False
/Users/aanyasingh/Projects/imagevalidation2/data/FloodingDataset2/processed_data/binary/train/non_flood/park_walkway/park_walkway_000105.jpg,0.0032020211219787598,False
/Users/aanyasingh/Projects/imagevalidation2/data/FloodingDataset2/processed_data/binary/train/non_flood/park_walkway/park_walkway_000165.jpg,0.003200054168701172,False
/Users/aanyasingh/Projects/imagevalidation2/data/FloodingDataset2/processed_data/binary/train/non_flood/park_walkway/park_walkway_000405.jpg,0.0031906962394714355,False
/Users/aanyasingh/Projects/imagevalidation2/data/FloodingDataset2/processed_data/binary/train/non_flood/park_walkway/park_walkway_000079.jpg,0.003188908100128174,False
/Users/aanyasingh/Projects/imagevalidation2/data/FloodingDataset2/processed_data/binary/train/non_flood/street_clear/street_clear_000468.jpg,0.0031875967979431152,False
/Users/aanyasingh/Projects/imagevalidation2/data/FloodingDataset2/processed_data/binary/train/non_flood/animal/animal_000290.jpg,0.003177046775817871,False
/Users/aanyasingh/Projects/imagevalidation2/data/FloodingDataset2/processed_data/binary/train/non_flood/river/river_000117.jpg,0.0031763315200805664,False
/Users/aanyasingh/Projects/imagevalidation2/data/FloodingDataset2/processed_data/binary/train/non_flood/street_clear/street_clear_000121.jpg,0.0031758546829223633,False
/Users/aanyasingh/Projects/imagevalidation2/data/FloodingDataset2/processed_data/binary/train/non_flood/animal/animal_000042.jpg,0.003170788288116455,False
/Users/aanyasingh/Projects/imagevalidation2/data/FloodingDataset2/processed_data/binary/train/non_flood/park_walkway/park_walkway_000221.jpg,0.0031705498695373535,False
/Users/aanyasingh/Projects/imagevalidation2/data/FloodingDataset2/processed_data/binary/train/non_flood/street_clear/street_clear_000160.jpg,0.0031690001487731934,False
/Users/aanyasingh/Projects/imagevalidation2/data/FloodingDataset2/processed_data/binary/train/non_flood/river/river_000029.jpg,0.003164231777191162,False
/Users/aanyasingh/Projects/imagevalidation2/data/FloodingDataset2/processed_data/binary/train/non_flood/street_clear/street_clear_000417.jpg,0.003157377243041992,False
/Users/aanyasingh/Projects/imagevalidation2/data/FloodingDataset2/processed_data/binary/train/non_flood/vehicle/vehicle_000099.jpg,0.003150761127471924,False
/Users/aanyasingh/Projects/imagevalidation2/data/FloodingDataset2/processed_data/binary/train/non_flood/street_clear/street_clear_000411.jpg,0.0031482577323913574,False
/Users/aanyasingh/Projects/imagevalidation2/data/FloodingDataset2/processed_data/binary/train/non_flood/animal/animal_000100.jpg,0.0031481385231018066,False
/Users/aanyasingh/Projects/imagevalidation2/data/FloodingDataset2/processed_data/binary/train/non_flood/park_walkway/park_walkway_000186.jpg,0.0031476616859436035,False
/Users/aanyasingh/Projects/imagevalidation2/data/FloodingDataset2/processed_data/binary/train/non_flood/swimming_pool/swimming_pool_000081.jpg,0.003146827220916748,False
/Users/aanyasingh/Projects/imagevalidation2/data/FloodingDataset2/processed_data/binary/train/non_flood/street_clear/street_clear_000122.jpg,0.0031418800354003906,False
/Users/aanyasingh/Projects/imagevalidation2/data/FloodingDataset2/processed_data/binary/train/non_flood/street_clear/street_clear_000116.jpg,0.0031250715255737305,False
/Users/aanyasingh/Projects/imagevalidation2/data/FloodingDataset2/processed_data/binary/train/non_flood/street_clear/street_clear_000163.jpg,0.00311201810836792,False
/Users/aanyasingh/Projects/imagevalidation2/data/FloodingDataset2/processed_data/binary/train/non_flood/animal/animal_000198.jpg,0.0031058788299560547,False
/Users/aanyasingh/Projects/imagevalidation2/data/FloodingDataset2/processed_data/binary/train/non_flood/street_clear/street_clear_000478.jpg,0.003095686435699463,False
/Users/aanyasingh/Projects/imagevalidation2/data/FloodingDataset2/processed_data/binary/train/non_flood/park_walkway/park_walkway_000188.jpg,0.0030916333198547363,False
/Users/aanyasingh/Projects/imagevalidation2/data/FloodingDataset2/processed_data/binary/train/non_flood/vehicle/vehicle_000105.jpg,0.0030881762504577637,False
/Users/aanyasingh/Projects/imagevalidation2/data/FloodingDataset2/processed_data/binary/train/non_flood/river/river_000235.jpg,0.0030683279037475586,False
/Users/aanyasingh/Projects/imagevalidation2/data/FloodingDataset2/processed_data/binary/train/non_flood/river/river_000030.jpg,0.0030670166015625,False
/Users/aanyasingh/Projects/imagevalidation2/data/FloodingDataset2/processed_data/binary/train/non_flood/street_clear/street_clear_000212.jpg,0.0030423402786254883,False
/Users/aanyasingh/Projects/imagevalidation2/data/FloodingDataset2/processed_data/binary/train/non_flood/park_walkway/park_walkway_000311.jpg,0.0030412673950195312,False
/Users/aanyasingh/Projects/imagevalidation2/data/FloodingDataset2/processed_data/binary/train/non_flood/river/river_000238.jpg,0.003006577491760254,False
/Users/aanyasingh/Projects/imagevalidation2/data/FloodingDataset2/processed_data/binary/train/non_flood/street_clear/street_clear_000067.jpg,0.002999722957611084,False
/Users/aanyasingh/Projects/imagevalidation2/data/FloodingDataset2/processed_data/binary/train/non_flood/building/building_000156.jpg,0.002992689609527588,False
/Users/aanyasingh/Projects/imagevalidation2/data/FloodingDataset2/processed_data/binary/train/non_flood/animal/animal_000253.jpg,0.0029894113540649414,False
/Users/aanyasingh/Projects/imagevalidation2/data/FloodingDataset2/processed_data/binary/train/non_flood/vehicle/vehicle_000108.jpg,0.002989053726196289,False
/Users/aanyasingh/Projects/imagevalidation2/data/FloodingDataset2/processed_data/binary/train/non_flood/building/building_000250.jpg,0.002986311912536621,False
/Users/aanyasingh/Projects/imagevalidation2/data/FloodingDataset2/processed_data/binary/train/non_flood/street_clear/street_clear_000182.jpg,0.0029765963554382324,False
/Users/aanyasingh/Projects/imagevalidation2/data/FloodingDataset2/processed_data/binary/train/non_flood/street_clear/street_clear_000459.jpg,0.0029691457748413086,False
/Users/aanyasingh/Projects/imagevalidation2/data/FloodingDataset2/processed_data/binary/train/non_flood/park_walkway/park_walkway_000091.jpg,0.0029521584510803223,False
/Users/aanyasingh/Projects/imagevalidation2/data/FloodingDataset2/processed_data/binary/train/non_flood/river/river_000291.jpg,0.002939879894256592,False
/Users/aanyasingh/Projects/imagevalidation2/data/FloodingDataset2/processed_data/binary/train/non_flood/street_clear/street_clear_000418.jpg,0.002933800220489502,False
/Users/aanyasingh/Projects/imagevalidation2/data/FloodingDataset2/processed_data/binary/train/non_flood/street_clear/street_clear_000057.jpg,0.002932608127593994,False
/Users/aanyasingh/Projects/imagevalidation2/data/FloodingDataset2/processed_data/binary/train/non_flood/river/river_000198.jpg,0.002918541431427002,False
/Users/aanyasingh/Projects/imagevalidation2/data/FloodingDataset2/processed_data/binary/train/non_flood/river/river_000223.jpg,0.002911984920501709,False
/Users/aanyasingh/Projects/imagevalidation2/data/FloodingDataset2/processed_data/binary/train/non_flood/building/building_000003.jpg,0.002910137176513672,False
/Users/aanyasingh/Projects/imagevalidation2/data/FloodingDataset2/processed_data/binary/train/non_flood/park_walkway/park_walkway_000210.jpg,0.0029098987579345703,False
/Users/aanyasingh/Projects/imagevalidation2/data/FloodingDataset2/processed_data/binary/train/non_flood/building/building_000170.jpg,0.0029039382934570312,False
/Users/aanyasingh/Projects/imagevalidation2/data/FloodingDataset2/processed_data/binary/train/non_flood/vehicle/vehicle_000001.jpg,0.0029036998748779297,False
/Users/aanyasingh/Projects/imagevalidation2/data/FloodingDataset2/processed_data/binary/train/non_flood/plant/plant_000097.jpg,0.002895057201385498,False
/Users/aanyasingh/Projects/imagevalidation2/data/FloodingDataset2/processed_data/binary/train/non_flood/vehicle/vehicle_000127.jpg,0.0028720498085021973,False
/Users/aanyasingh/Projects/imagevalidation2/data/FloodingDataset2/processed_data/binary/train/non_flood/animal/animal_000104.jpg,0.0028629302978515625,False
/Users/aanyasingh/Projects/imagevalidation2/data/FloodingDataset2/processed_data/binary/train/non_flood/river/river_000222.jpg,0.0028554797172546387,False
/Users/aanyasingh/Projects/imagevalidation2/data/FloodingDataset2/processed_data/binary/train/non_flood/river/river_000244.jpg,0.0028499960899353027,False
/Users/aanyasingh/Projects/imagevalidation2/data/FloodingDataset2/processed_data/binary/train/non_flood/river/river_000371.jpg,0.002843022346496582,False
/Users/aanyasingh/Projects/imagevalidation2/data/FloodingDataset2/processed_data/binary/train/non_flood/street_clear/street_clear_000287.jpg,0.0028384923934936523,False
/Users/aanyasingh/Projects/imagevalidation2/data/FloodingDataset2/processed_data/binary/train/non_flood/building/building_000194.jpg,0.002827465534210205,False
/Users/aanyasingh/Projects/imagevalidation2/data/FloodingDataset2/processed_data/binary/train/non_flood/animal/animal_000249.jpg,0.002813994884490967,False
/Users/aanyasingh/Projects/imagevalidation2/data/FloodingDataset2/processed_data/binary/train/non_flood/building/building_000267.jpg,0.002811729907989502,False
/Users/aanyasingh/Projects/imagevalidation2/data/FloodingDataset2/processed_data/binary/train/non_flood/street_clear/street_clear_000258.jpg,0.0027957558631896973,False
/Users/aanyasingh/Projects/imagevalidation2/data/FloodingDataset2/processed_data/binary/train/non_flood/river/river_000153.jpg,0.0027919411659240723,False
/Users/aanyasingh/Projects/imagevalidation2/data/FloodingDataset2/processed_data/binary/train/non_flood/street_clear/street_clear_000049.jpg,0.0027844905853271484,False
/Users/aanyasingh/Projects/imagevalidation2/data/FloodingDataset2/processed_data/binary/train/non_flood/street_clear/street_clear_000252.jpg,0.0027756690979003906,False
/Users/aanyasingh/Projects/imagevalidation2/data/FloodingDataset2/processed_data/binary/train/non_flood/street_clear/street_clear_000515.jpg,0.0027431845664978027,False
/Users/aanyasingh/Projects/imagevalidation2/data/FloodingDataset2/processed_data/binary/train/non_flood/park_walkway/park_walkway_000347.jpg,0.0027189254760742188,False
/Users/aanyasingh/Projects/imagevalidation2/data/FloodingDataset2/processed_data/binary/train/non_flood/vehicle/vehicle_000005.jpg,0.0027080178260803223,False
/Users/aanyasingh/Projects/imagevalidation2/data/FloodingDataset2/processed_data/binary/train/non_flood/vehicle/vehicle_000158.jpg,0.0027057528495788574,False
/Users/aanyasingh/Projects/imagevalidation2/data/FloodingDataset2/processed_data/binary/train/non_flood/river/river_000248.jpg,0.002699434757232666,False
/Users/aanyasingh/Projects/imagevalidation2/data/FloodingDataset2/processed_data/binary/train/non_flood/park_walkway/park_walkway_000107.jpg,0.0026901960372924805,False
/Users/aanyasingh/Projects/imagevalidation2/data/FloodingDataset2/processed_data/binary/train/non_flood/park_walkway/park_walkway_000171.jpg,0.0026673078536987305,False
/Users/aanyasingh/Projects/imagevalidation2/data/FloodingDataset2/processed_data/binary/train/non_flood/vehicle/vehicle_000041.jpg,0.002660810947418213,False
/Users/aanyasingh/Projects/imagevalidation2/data/FloodingDataset2/processed_data/binary/train/non_flood/river/river_000112.jpg,0.002655923366546631,False
/Users/aanyasingh/Projects/imagevalidation2/data/FloodingDataset2/processed_data/binary/train/non_flood/building/building_000116.jpg,0.0026464462280273438,False
/Users/aanyasingh/Projects/imagevalidation2/data/FloodingDataset2/processed_data/binary/train/non_flood/plant/plant_000162.jpg,0.0026432275772094727,False
/Users/aanyasingh/Projects/imagevalidation2/data/FloodingDataset2/processed_data/binary/train/non_flood/park_walkway/park_walkway_000334.jpg,0.0026290416717529297,False
/Users/aanyasingh/Projects/imagevalidation2/data/FloodingDataset2/processed_data/binary/train/non_flood/street_clear/street_clear_000460.jpg,0.00262296199798584,False
/Users/aanyasingh/Projects/imagevalidation2/data/FloodingDataset2/processed_data/binary/train/non_flood/park_walkway/park_walkway_000147.jpg,0.0026124119758605957,False
/Users/aanyasingh/Projects/imagevalidation2/data/FloodingDataset2/processed_data/binary/train/non_flood/building/building_000272.jpg,0.0026115775108337402,False
/Users/aanyasingh/Projects/imagevalidation2/data/FloodingDataset2/processed_data/binary/train/non_flood/street_clear/street_clear_000006.jpg,0.002611100673675537,False
/Users/aanyasingh/Projects/imagevalidation2/data/FloodingDataset2/processed_data/binary/train/non_flood/plant/plant_000079.jpg,0.0026082992553710938,False
/Users/aanyasingh/Projects/imagevalidation2/data/FloodingDataset2/processed_data/binary/train/non_flood/river/river_000197.jpg,0.002598881721496582,False
/Users/aanyasingh/Projects/imagevalidation2/data/FloodingDataset2/processed_data/binary/train/non_flood/street_clear/street_clear_000255.jpg,0.002596914768218994,False
/Users/aanyasingh/Projects/imagevalidation2/data/FloodingDataset2/processed_data/binary/train/non_flood/street_clear/street_clear_000219.jpg,0.0025559663772583008,False
/Users/aanyasingh/Projects/imagevalidation2/data/FloodingDataset2/processed_data/binary/train/non_flood/park_walkway/park_walkway_000238.jpg,0.0025280117988586426,False
/Users/aanyasingh/Projects/imagevalidation2/data/FloodingDataset2/processed_data/binary/train/non_flood/building/building_000199.jpg,0.0025274157524108887,False
/Users/aanyasingh/Projects/imagevalidation2/data/FloodingDataset2/processed_data/binary/train/non_flood/swimming_pool/swimming_pool_000003.jpg,0.002520620822906494,False
/Users/aanyasingh/Projects/imagevalidation2/data/FloodingDataset2/processed_data/binary/train/non_flood/street_clear/street_clear_000344.jpg,0.002518594264984131,False
/Users/aanyasingh/Projects/imagevalidation2/data/FloodingDataset2/processed_data/binary/train/non_flood/river/river_000160.jpg,0.0025151968002319336,False
/Users/aanyasingh/Projects/imagevalidation2/data/FloodingDataset2/processed_data/binary/train/non_flood/park_walkway/park_walkway_000117.jpg,0.00250166654586792,False
/Users/aanyasingh/Projects/imagevalidation2/data/FloodingDataset2/processed_data/binary/train/non_flood/park_walkway/park_walkway_000193.jpg,0.002485036849975586,False
/Users/aanyasingh/Projects/imagevalidation2/data/FloodingDataset2/processed_data/binary/train/non_flood/animal/animal_000118.jpg,0.002477109432220459,False
/Users/aanyasingh/Projects/imagevalidation2/data/FloodingDataset2/processed_data/binary/train/non_flood/park_walkway/park_walkway_000190.jpg,0.002471745014190674,False
/Users/aanyasingh/Projects/imagevalidation2/data/FloodingDataset2/processed_data/binary/train/non_flood/animal/animal_000013.jpg,0.002471029758453369,False
/Users/aanyasingh/Projects/imagevalidation2/data/FloodingDataset2/processed_data/binary/train/non_flood/swimming_pool/swimming_pool_000021.jpg,0.0024641752243041992,False
/Users/aanyasingh/Projects/imagevalidation2/data/FloodingDataset2/processed_data/binary/train/non_flood/animal/animal_000258.jpg,0.002462148666381836,False
/Users/aanyasingh/Projects/imagevalidation2/data/FloodingDataset2/processed_data/binary/train/non_flood/park_walkway/park_walkway_000160.jpg,0.002462148666381836,False
/Users/aanyasingh/Projects/imagevalidation2/data/FloodingDataset2/processed_data/binary/train/non_flood/river/river_000063.jpg,0.002461552619934082,False
/Users/aanyasingh/Projects/imagevalidation2/data/FloodingDataset2/processed_data/binary/train/non_flood/street_clear/street_clear_000288.jpg,0.002461552619934082,False
/Users/aanyasingh/Projects/imagevalidation2/data/FloodingDataset2/processed_data/binary/train/non_flood/street_clear/street_clear_000563.jpg,0.002460002899169922,False
/Users/aanyasingh/Projects/imagevalidation2/data/FloodingDataset2/processed_data/binary/train/non_flood/vehicle/vehicle_000064.jpg,0.002446472644805908,False
/Users/aanyasingh/Projects/imagevalidation2/data/FloodingDataset2/processed_data/binary/train/non_flood/park_walkway/park_walkway_000392.jpg,0.0024384260177612305,False
/Users/aanyasingh/Projects/imagevalidation2/data/FloodingDataset2/processed_data/binary/train/non_flood/animal/animal_000273.jpg,0.0024315714836120605,False
/Users/aanyasingh/Projects/imagevalidation2/data/FloodingDataset2/processed_data/binary/train/non_flood/park_walkway/park_walkway_000061.jpg,0.0024294257164001465,False
/Users/aanyasingh/Projects/imagevalidation2/data/FloodingDataset2/processed_data/binary/train/non_flood/building/building_000077.jpg,0.002421438694000244,False
/Users/aanyasingh/Projects/imagevalidation2/data/FloodingDataset2/processed_data/binary/train/non_flood/vehicle/vehicle_000138.jpg,0.002421081066131592,False
/Users/aanyasingh/Projects/imagevalidation2/data/FloodingDataset2/processed_data/binary/train/non_flood/building/building_000059.jpg,0.0024167299270629883,False
/Users/aanyasingh/Projects/imagevalidation2/data/FloodingDataset2/processed_data/binary/train/non_flood/animal/animal_000217.jpg,0.0024164915084838867,False
/Users/aanyasingh/Projects/imagevalidation2/data/FloodingDataset2/processed_data/binary/train/non_flood/street_clear/street_clear_000413.jpg,0.002405703067779541,False
/Users/aanyasingh/Projects/imagevalidation2/data/FloodingDataset2/processed_data/binary/train/non_flood/street_clear/street_clear_000559.jpg,0.0024022459983825684,False
/Users/aanyasingh/Projects/imagevalidation2/data/FloodingDataset2/processed_data/binary/train/non_flood/street_clear/street_clear_000046.jpg,0.0023989081382751465,False
/Users/aanyasingh/Projects/imagevalidation2/data/FloodingDataset2/processed_data/binary/train/non_flood/park_walkway/park_walkway_000202.jpg,0.002398669719696045,False
/Users/aanyasingh/Projects/imagevalidation2/data/FloodingDataset2/processed_data/binary/train/non_flood/street_clear/street_clear_000470.jpg,0.002397477626800537,False
/Users/aanyasingh/Projects/imagevalidation2/data/FloodingDataset2/processed_data/binary/train/non_flood/plant/plant_000043.jpg,0.0023894309997558594,False
/Users/aanyasingh/Projects/imagevalidation2/data/FloodingDataset2/processed_data/binary/train/non_flood/street_clear/street_clear_000406.jpg,0.002362370491027832,False
/Users/aanyasingh/Projects/imagevalidation2/data/FloodingDataset2/processed_data/binary/train/non_flood/street_clear/street_clear_000142.jpg,0.0023542046546936035,False
/Users/aanyasingh/Projects/imagevalidation2/data/FloodingDataset2/processed_data/binary/train/non_flood/animal/animal_000080.jpg,0.002353847026824951,False
/Users/aanyasingh/Projects/imagevalidation2/data/FloodingDataset2/processed_data/binary/train/non_flood/building/building_000030.jpg,0.002337932586669922,False
/Users/aanyasingh/Projects/imagevalidation2/data/FloodingDataset2/processed_data/binary/train/non_flood/street_clear/street_clear_000362.jpg,0.0023344755172729492,False
/Users/aanyasingh/Projects/imagevalidation2/data/FloodingDataset2/processed_data/binary/train/non_flood/street_clear/street_clear_000109.jpg,0.002331674098968506,False
/Users/aanyasingh/Projects/imagevalidation2/data/FloodingDataset2/processed_data/binary/train/non_flood/vehicle/vehicle_000152.jpg,0.0023252367973327637,False
/Users/aanyasingh/Projects/imagevalidation2/data/FloodingDataset2/processed_data/binary/train/non_flood/street_clear/street_clear_000407.jpg,0.002320706844329834,False
/Users/aanyasingh/Projects/imagevalidation2/data/FloodingDataset2/processed_data/binary/train/non_flood/street_clear/street_clear_000069.jpg,0.0023157596588134766,False
/Users/aanyasingh/Projects/imagevalidation2/data/FloodingDataset2/processed_data/binary/train/non_flood/swimming_pool/swimming_pool_000038.jpg,0.002297341823577881,False
/Users/aanyasingh/Projects/imagevalidation2/data/FloodingDataset2/processed_data/binary/train/non_flood/street_clear/street_clear_000469.jpg,0.002295076847076416,False
/Users/aanyasingh/Projects/imagevalidation2/data/FloodingDataset2/processed_data/binary/train/non_flood/swimming_pool/swimming_pool_000058.jpg,0.0022942423820495605,False
/Users/aanyasingh/Projects/imagevalidation2/data/FloodingDataset2/processed_data/binary/train/non_flood/plant/plant_000171.jpg,0.0022870302200317383,False
/Users/aanyasingh/Projects/imagevalidation2/data/FloodingDataset2/processed_data/binary/train/non_flood/animal/animal_000272.jpg,0.0022820234298706055,False
/Users/aanyasingh/Projects/imagevalidation2/data/FloodingDataset2/processed_data/binary/train/non_flood/river/river_000358.jpg,0.002281010150909424,False
/Users/aanyasingh/Projects/imagevalidation2/data/FloodingDataset2/processed_data/binary/train/non_flood/building/building_000029.jpg,0.0022751688957214355,False
/Users/aanyasingh/Projects/imagevalidation2/data/FloodingDataset2/processed_data/binary/train/non_flood/animal/animal_000027.jpg,0.002270042896270752,False
/Users/aanyasingh/Projects/imagevalidation2/data/FloodingDataset2/processed_data/binary/train/non_flood/building/building_000175.jpg,0.002267599105834961,False
/Users/aanyasingh/Projects/imagevalidation2/data/FloodingDataset2/processed_data/binary/train/non_flood/building/building_000024.jpg,0.0022563934326171875,False
/Users/aanyasingh/Projects/imagevalidation2/data/FloodingDataset2/processed_data/binary/train/non_flood/park_walkway/park_walkway_000358.jpg,0.002254962921142578,False
/Users/aanyasingh/Projects/imagevalidation2/data/FloodingDataset2/processed_data/binary/train/non_flood/street_clear/street_clear_000018.jpg,0.0022405385971069336,False
/Users/aanyasingh/Projects/imagevalidation2/data/FloodingDataset2/processed_data/binary/train/non_flood/plant/plant_000076.jpg,0.0022395849227905273,False
/Users/aanyasingh/Projects/imagevalidation2/data/FloodingDataset2/processed_data/binary/train/non_flood/street_clear/street_clear_000206.jpg,0.002219855785369873,False
/Users/aanyasingh/Projects/imagevalidation2/data/FloodingDataset2/processed_data/binary/train/non_flood/building/building_000264.jpg,0.0022194981575012207,False
/Users/aanyasingh/Projects/imagevalidation2/data/FloodingDataset2/processed_data/binary/train/non_flood/vehicle/vehicle_000006.jpg,0.0022069215774536133,False
/Users/aanyasingh/Projects/imagevalidation2/data/FloodingDataset2/processed_data/binary/train/non_flood/park_walkway/park_walkway_000364.jpg,0.002202630043029785,False
/Users/aanyasingh/Projects/imagevalidation2/data/FloodingDataset2/processed_data/binary/train/non_flood/plant/plant_000071.jpg,0.0021987557411193848,False
/Users/aanyasingh/Projects/imagevalidation2/data/FloodingDataset2/processed_data/binary/train/non_flood/river/river_000203.jpg,0.0021913647651672363,False
/Users/aanyasingh/Projects/imagevalidation2/data/FloodingDataset2/processed_data/binary/train/non_flood/building/building_000174.jpg,0.00219041109085083,False
/Users/aanyasingh/Projects/imagevalidation2/data/FloodingDataset2/processed_data/binary/train/non_flood/street_clear/street_clear_000007.jpg,0.002174079418182373,False
/Users/aanyasingh/Projects/imagevalidation2/data/FloodingDataset2/processed_data/binary/train/non_flood/animal/animal_000095.jpg,0.0021739602088928223,False
/Users/aanyasingh/Projects/imagevalidation2/data/FloodingDataset2/processed_data/binary/train/non_flood/vehicle/vehicle_000039.jpg,0.0021738409996032715,False
/Users/aanyasingh/Projects/imagevalidation2/data/FloodingDataset2/processed_data/binary/train/non_flood/building/building_000101.jpg,0.0021728873252868652,False
/Users/aanyasingh/Projects/imagevalidation2/data/FloodingDataset2/processed_data/binary/train/non_flood/animal/animal_000178.jpg,0.0021678805351257324,False
/Users/aanyasingh/Projects/imagevalidation2/data/FloodingDataset2/processed_data/binary/train/non_flood/building/building_000146.jpg,0.0021660923957824707,False
/Users/aanyasingh/Projects/imagevalidation2/data/FloodingDataset2/processed_data/binary/train/non_flood/park_walkway/park_walkway_000340.jpg,0.0021629929542541504,False
/Users/aanyasingh/Projects/imagevalidation2/data/FloodingDataset2/processed_data/binary/train/non_flood/animal/animal_000227.jpg,0.0021599531173706055,False
/Users/aanyasingh/Projects/imagevalidation2/data/FloodingDataset2/processed_data/binary/train/non_flood/park_walkway/park_walkway_000216.jpg,0.002156376838684082,False
/Users/aanyasingh/Projects/imagevalidation2/data/FloodingDataset2/processed_data/binary/train/non_flood/vehicle/vehicle_000125.jpg,0.0021555423736572266,False
/Users/aanyasingh/Projects/imagevalidation2/data/FloodingDataset2/processed_data/binary/train/non_flood/animal/animal_000155.jpg,0.0021358132362365723,False
/Users/aanyasingh/Projects/imagevalidation2/data/FloodingDataset2/processed_data/binary/train/non_flood/park_walkway/park_walkway_000154.jpg,0.0021340250968933105,False
/Users/aanyasingh/Projects/imagevalidation2/data/FloodingDataset2/processed_data/binary/train/non_flood/animal/animal_000171.jpg,0.0021283626556396484,False
/Users/aanyasingh/Projects/imagevalidation2/data/FloodingDataset2/processed_data/binary/train/non_flood/river/river_000143.jpg,0.00212705135345459,False
/Users/aanyasingh/Projects/imagevalidation2/data/FloodingDataset2/processed_data/binary/train/non_flood/building/building_000213.jpg,0.002120494842529297,False
/Users/aanyasingh/Projects/imagevalidation2/data/FloodingDataset2/processed_data/binary/train/non_flood/street_clear/street_clear_000507.jpg,0.002119123935699463,False
/Users/aanyasingh/Projects/imagevalidation2/data/FloodingDataset2/processed_data/binary/train/non_flood/river/river_000057.jpg,0.0021161437034606934,False
/Users/aanyasingh/Projects/imagevalidation2/data/FloodingDataset2/processed_data/binary/train/non_flood/building/building_000105.jpg,0.002112448215484619,False
/Users/aanyasingh/Projects/imagevalidation2/data/FloodingDataset2/processed_data/binary/train/non_flood/park_walkway/park_walkway_000378.jpg,0.0021099448204040527,False
/Users/aanyasingh/Projects/imagevalidation2/data/FloodingDataset2/processed_data/binary/train/non_flood/street_clear/street_clear_000557.jpg,0.002103567123413086,False
/Users/aanyasingh/Projects/imagevalidation2/data/FloodingDataset2/processed_data/binary/train/non_flood/park_walkway/park_walkway_000344.jpg,0.002084076404571533,False
/Users/aanyasingh/Projects/imagevalidation2/data/FloodingDataset2/processed_data/binary/train/non_flood/park_walkway/park_walkway_000157.jpg,0.0020807385444641113,False
/Users/aanyasingh/Projects/imagevalidation2/data/FloodingDataset2/processed_data/binary/train/non_flood/vehicle/vehicle_000110.jpg,0.0020732879638671875,False
/Users/aanyasingh/Projects/imagevalidation2/data/FloodingDataset2/processed_data/binary/train/non_flood/river/river_000041.jpg,0.0020673274993896484,False
/Users/aanyasingh/Projects/imagevalidation2/data/FloodingDataset2/processed_data/binary/train/non_flood/street_clear/street_clear_000231.jpg,0.002060234546661377,False
/Users/aanyasingh/Projects/imagevalidation2/data/FloodingDataset2/processed_data/binary/train/non_flood/animal/animal_000091.jpg,0.0020578503608703613,False
/Users/aanyasingh/Projects/imagevalidation2/data/FloodingDataset2/processed_data/binary/train/non_flood/street_clear/street_clear_000555.jpg,0.0020516514778137207,False
/Users/aanyasingh/Projects/imagevalidation2/data/FloodingDataset2/processed_data/binary/train/non_flood/plant/plant_000172.jpg,0.0020384788513183594,False
/Users/aanyasingh/Projects/imagevalidation2/data/FloodingDataset2/processed_data/binary/train/non_flood/river/river_000246.jpg,0.0020357370376586914,False
/Users/aanyasingh/Projects/imagevalidation2/data/FloodingDataset2/processed_data/binary/train/non_flood/street_clear/street_clear_000558.jpg,0.0020273327827453613,False
/Users/aanyasingh/Projects/imagevalidation2/data/FloodingDataset2/processed_data/binary/train/non_flood/vehicle/vehicle_000221.jpg,0.002013683319091797,False
/Users/aanyasingh/Projects/imagevalidation2/data/FloodingDataset2/processed_data/binary/train/non_flood/street_clear/street_clear_000145.jpg,0.0020105838775634766,False
/Users/aanyasingh/Projects/imagevalidation2/data/FloodingDataset2/processed_data/binary/train/non_flood/street_clear/street_clear_000408.jpg,0.0020073652267456055,False
/Users/aanyasingh/Projects/imagevalidation2/data/FloodingDataset2/processed_data/binary/train/non_flood/street_clear/street_clear_000378.jpg,0.0020012259483337402,False
/Users/aanyasingh/Projects/imagevalidation2/data/FloodingDataset2/processed_data/binary/train/non_flood/plant/plant_000139.jpg,0.0020009875297546387,False
/Users/aanyasingh/Projects/imagevalidation2/data/FloodingDataset2/processed_data/binary/train/non_flood/river/river_000270.jpg,0.0019989609718322754,False
/Users/aanyasingh/Projects/imagevalidation2/data/FloodingDataset2/processed_data/binary/train/non_flood/plant/plant_000150.jpg,0.001995861530303955,False
/Users/aanyasingh/Projects/imagevalidation2/data/FloodingDataset2/processed_data/binary/train/non_flood/street_clear/street_clear_000251.jpg,0.0019955039024353027,False
/Users/aanyasingh/Projects/imagevalidation2/data/FloodingDataset2/processed_data/binary/train/non_flood/river/river_000353.jpg,0.001989305019378662,False
/Users/aanyasingh/Projects/imagevalidation2/data/FloodingDataset2/processed_data/binary/train/non_flood/street_clear/street_clear_000295.jpg,0.0019844770431518555,False
/Users/aanyasingh/Projects/imagevalidation2/data/FloodingDataset2/processed_data/binary/train/non_flood/street_clear/street_clear_000155.jpg,0.0019689202308654785,False
/Users/aanyasingh/Projects/imagevalidation2/data/FloodingDataset2/processed_data/binary/train/non_flood/vehicle/vehicle_000213.jpg,0.0019617676734924316,False
/Users/aanyasingh/Projects/imagevalidation2/data/FloodingDataset2/processed_data/binary/train/non_flood/street_clear/street_clear_000494.jpg,0.001960575580596924,False
/Users/aanyasingh/Projects/imagevalidation2/data/FloodingDataset2/processed_data/binary/train/non_flood/plant/plant_000011.jpg,0.0019571781158447266,False
/Users/aanyasingh/Projects/imagevalidation2/data/FloodingDataset2/processed_data/binary/train/non_flood/park_walkway/park_walkway_000058.jpg,0.0019567012786865234,False
/Users/aanyasingh/Projects/imagevalidation2/data/FloodingDataset2/processed_data/binary/train/non_flood/plant/plant_000092.jpg,0.001955270767211914,False
/Users/aanyasingh/Projects/imagevalidation2/data/FloodingDataset2/processed_data/binary/train/non_flood/street_clear/street_clear_000541.jpg,0.001952052116394043,False
/Users/aanyasingh/Projects/imagevalidation2/data/FloodingDataset2/processed_data/binary/train/non_flood/building/building_000013.jpg,0.0019484758377075195,False
/Users/aanyasingh/Projects/imagevalidation2/data/FloodingDataset2/processed_data/binary/train/non_flood/river/river_000136.jpg,0.0019464492797851562,False
/Users/aanyasingh/Projects/imagevalidation2/data/FloodingDataset2/processed_data/binary/train/non_flood/park_walkway/park_walkway_000199.jpg,0.0019388794898986816,False
/Users/aanyasingh/Projects/imagevalidation2/data/FloodingDataset2/processed_data/binary/train/non_flood/building/building_000121.jpg,0.0019362568855285645,False
/Users/aanyasingh/Projects/imagevalidation2/data/FloodingDataset2/processed_data/binary/train/non_flood/park_walkway/park_walkway_000260.jpg,0.0019333958625793457,False
/Users/aanyasingh/Projects/imagevalidation2/data/FloodingDataset2/processed_data/binary/train/non_flood/park_walkway/park_walkway_000140.jpg,0.0019267797470092773,False
/Users/aanyasingh/Projects/imagevalidation2/data/FloodingDataset2/processed_data/binary/train/non_flood/plant/plant_000020.jpg,0.0019255876541137695,False
/Users/aanyasingh/Projects/imagevalidation2/data/FloodingDataset2/processed_data/binary/train/non_flood/animal/animal_000255.jpg,0.0019063353538513184,False
/Users/aanyasingh/Projects/imagevalidation2/data/FloodingDataset2/processed_data/binary/train/non_flood/park_walkway/park_walkway_000017.jpg,0.0019056200981140137,False
/Users/aanyasingh/Projects/imagevalidation2/data/FloodingDataset2/processed_data/binary/train/non_flood/street_clear/street_clear_000487.jpg,0.001900017261505127,False
/Users/aanyasingh/Projects/imagevalidation2/data/FloodingDataset2/processed_data/binary/train/non_flood/animal/animal_000129.jpg,0.0018814802169799805,False
/Users/aanyasingh/Projects/imagevalidation2/data/FloodingDataset2/processed_data/binary/train/non_flood/vehicle/vehicle_000096.jpg,0.00187605619430542,False
/Users/aanyasingh/Projects/imagevalidation2/data/FloodingDataset2/processed_data/binary/train/non_flood/street_clear/street_clear_000513.jpg,0.0018749833106994629,False
/Users/aanyasingh/Projects/imagevalidation2/data/FloodingDataset2/processed_data/binary/train/non_flood/vehicle/vehicle_000224.jpg,0.0018740296363830566,False
/Users/aanyasingh/Projects/imagevalidation2/data/FloodingDataset2/processed_data/binary/train/non_flood/building/building_000100.jpg,0.0018673539161682129,False
/Users/aanyasingh/Projects/imagevalidation2/data/FloodingDataset2/processed_data/binary/train/non_flood/vehicle/vehicle_000070.jpg,0.0018557310104370117,False
/Users/aanyasingh/Projects/imagevalidation2/data/FloodingDataset2/processed_data/binary/train/non_flood/park_walkway/park_walkway_000335.jpg,0.0018544197082519531,False
/Users/aanyasingh/Projects/imagevalidation2/data/FloodingDataset2/processed_data/binary/train/non_flood/plant/plant_000035.jpg,0.001852273941040039,False
/Users/aanyasingh/Projects/imagevalidation2/data/FloodingDataset2/processed_data/binary/train/non_flood/park_walkway/park_walkway_000030.jpg,0.0018463730812072754,False
/Users/aanyasingh/Projects/imagevalidation2/data/FloodingDataset2/processed_data/binary/train/non_flood/park_walkway/park_walkway_000092.jpg,0.001834094524383545,False
/Users/aanyasingh/Projects/imagevalidation2/data/FloodingDataset2/processed_data/binary/train/non_flood/vehicle/vehicle_000029.jpg,0.001831650733947754,False
/Users/aanyasingh/Projects/imagevalidation2/data/FloodingDataset2/processed_data/binary/train/non_flood/vehicle/vehicle_000038.jpg,0.0018297433853149414,False
/Users/aanyasingh/Projects/imagevalidation2/data/FloodingDataset2/processed_data/binary/train/non_flood/vehicle/vehicle_000109.jpg,0.0018204450607299805,False
/Users/aanyasingh/Projects/imagevalidation2/data/FloodingDataset2/processed_data/binary/train/non_flood/animal/animal_000028.jpg,0.0018181800842285156,False
/Users/aanyasingh/Projects/imagevalidation2/data/FloodingDataset2/processed_data/binary/train/non_flood/street_clear/street_clear_000581.jpg,0.0018159747123718262,False
/Users/aanyasingh/Projects/imagevalidation2/data/FloodingDataset2/processed_data/binary/train/non_flood/building/building_000102.jpg,0.001814424991607666,False
/Users/aanyasingh/Projects/imagevalidation2/data/FloodingDataset2/processed_data/binary/train/non_flood/street_clear/street_clear_000052.jpg,0.0018143057823181152,False
/Users/aanyasingh/Projects/imagevalidation2/data/FloodingDataset2/processed_data/binary/train/non_flood/river/river_000130.jpg,0.0018121600151062012,False
/Users/aanyasingh/Projects/imagevalidation2/data/FloodingDataset2/processed_data/binary/train/non_flood/river/river_000165.jpg,0.0018052458763122559,False
/Users/aanyasingh/Projects/imagevalidation2/data/FloodingDataset2/processed_data/binary/train/non_flood/street_clear/street_clear_000043.jpg,0.001805126667022705,False
/Users/aanyasingh/Projects/imagevalidation2/data/FloodingDataset2/processed_data/binary/train/non_flood/river/river_000306.jpg,0.00179290771484375,False
/Users/aanyasingh/Projects/imagevalidation2/data/FloodingDataset2/processed_data/binary/train/non_flood/park_walkway/park_walkway_000083.jpg,0.001792311668395996,False
/Users/aanyasingh/Projects/imagevalidation2/data/FloodingDataset2/processed_data/binary/train/non_flood/river/river_000211.jpg,0.0017882585525512695,False
/Users/aanyasingh/Projects/imagevalidation2/data/FloodingDataset2/processed_data/binary/train/non_flood/park_walkway/park_walkway_000395.jpg,0.0017871856689453125,False
/Users/aanyasingh/Projects/imagevalidation2/data/FloodingDataset2/processed_data/binary/train/non_flood/street_clear/street_clear_000382.jpg,0.0017853975296020508,False
/Users/aanyasingh/Projects/imagevalidation2/data/FloodingDataset2/processed_data/binary/train/non_flood/plant/plant_000032.jpg,0.0017715096473693848,False
/Users/aanyasingh/Projects/imagevalidation2/data/FloodingDataset2/processed_data/binary/train/non_flood/vehicle/vehicle_000146.jpg,0.0017633438110351562,False
/Users/aanyasingh/Projects/imagevalidation2/data/FloodingDataset2/processed_data/binary/train/non_flood/building/building_000277.jpg,0.0017632246017456055,False
/Users/aanyasingh/Projects/imagevalidation2/data/FloodingDataset2/processed_data/binary/train/non_flood/park_walkway/park_walkway_000081.jpg,0.001760721206665039,False
/Users/aanyasingh/Projects/imagevalidation2/data/FloodingDataset2/processed_data/binary/train/non_flood/animal/animal_000287.jpg,0.0017514228820800781,False
/Users/aanyasingh/Projects/imagevalidation2/data/FloodingDataset2/processed_data/binary/train/non_flood/river/river_000156.jpg,0.0017483830451965332,False
/Users/aanyasingh/Projects/imagevalidation2/data/FloodingDataset2/processed_data/binary/train/non_flood/vehicle/vehicle_000130.jpg,0.0017483830451965332,False
/Users/aanyasingh/Projects/imagevalidation2/data/FloodingDataset2/processed_data/binary/train/non_flood/vehicle/vehicle_000154.jpg,0.001744091510772705,False
/Users/aanyasingh/Projects/imagevalidation2/data/FloodingDataset2/processed_data/binary/train/non_flood/street_clear/street_clear_000388.jpg,0.0017268657684326172,False
/Users/aanyasingh/Projects/imagevalidation2/data/FloodingDataset2/processed_data/binary/train/non_flood/river/river_000239.jpg,0.0017226934432983398,False
/Users/aanyasingh/Projects/imagevalidation2/data/FloodingDataset2/processed_data/binary/train/non_flood/plant/plant_000073.jpg,0.0017185211181640625,False
/Users/aanyasingh/Projects/imagevalidation2/data/FloodingDataset2/processed_data/binary/train/non_flood/street_clear/street_clear_000540.jpg,0.001718282699584961,False
/Users/aanyasingh/Projects/imagevalidation2/data/FloodingDataset2/processed_data/binary/train/non_flood/river/river_000124.jpg,0.001717686653137207,False
/Users/aanyasingh/Projects/imagevalidation2/data/FloodingDataset2/processed_data/binary/train/non_flood/park_walkway/park_walkway_000070.jpg,0.0017066597938537598,False
/Users/aanyasingh/Projects/imagevalidation2/data/FloodingDataset2/processed_data/binary/train/non_flood/street_clear/street_clear_000370.jpg,0.0017060637474060059,False
/Users/aanyasingh/Projects/imagevalidation2/data/FloodingDataset2/processed_data/binary/train/non_flood/swimming_pool/swimming_pool_000077.jpg,0.0017035603523254395,False
/Users/aanyasingh/Projects/imagevalidation2/data/FloodingDataset2/processed_data/binary/train/non_flood/street_clear/street_clear_000230.jpg,0.0016956329345703125,False
/Users/aanyasingh/Projects/imagevalidation2/data/FloodingDataset2/processed_data/binary/train/non_flood/animal/animal_000187.jpg,0.0016878843307495117,False
/Users/aanyasingh/Projects/imagevalidation2/data/FloodingDataset2/processed_data/binary/train/non_flood/street_clear/street_clear_000560.jpg,0.001687169075012207,False
/Users/aanyasingh/Projects/imagevalidation2/data/FloodingDataset2/processed_data/binary/train/non_flood/park_walkway/park_walkway_000346.jpg,0.0016870498657226562,False
/Users/aanyasingh/Projects/imagevalidation2/data/FloodingDataset2/processed_data/binary/train/non_flood/river/river_000298.jpg,0.001686692237854004,False
/Users/aanyasingh/Projects/imagevalidation2/data/FloodingDataset2/processed_data/binary/train/non_flood/vehicle/vehicle_000112.jpg,0.0016728043556213379,False
/Users/aanyasingh/Projects/imagevalidation2/data/FloodingDataset2/processed_data/binary/train/non_flood/park_walkway/park_walkway_000268.jpg,0.001670539379119873,False
/Users/aanyasingh/Projects/imagevalidation2/data/FloodingDataset2/processed_data/binary/train/non_flood/building/building_000112.jpg,0.001669466495513916,False
/Users/aanyasingh/Projects/imagevalidation2/data/FloodingDataset2/processed_data/binary/train/non_flood/street_clear/street_clear_000023.jpg,0.0016641020774841309,False
/Users/aanyasingh/Projects/imagevalidation2/data/FloodingDataset2/processed_data/binary/train/non_flood/animal/animal_000092.jpg,0.0016624927520751953,False
/Users/aanyasingh/Projects/imagevalidation2/data/FloodingDataset2/processed_data/binary/train/non_flood/animal/animal_000021.jpg,0.0016512870788574219,False
/Users/aanyasingh/Projects/imagevalidation2/data/FloodingDataset2/processed_data/binary/train/non_flood/animal/animal_000201.jpg,0.001646876335144043,False
/Users/aanyasingh/Projects/imagevalidation2/data/FloodingDataset2/processed_data/binary/train/non_flood/animal/animal_000002.jpg,0.0016445517539978027,False
/Users/aanyasingh/Projects/imagevalidation2/data/FloodingDataset2/processed_data/binary/train/non_flood/street_clear/street_clear_000489.jpg,0.0016422867774963379,False
/Users/aanyasingh/Projects/imagevalidation2/data/FloodingDataset2/processed_data/binary/train/non_flood/vehicle/vehicle_000052.jpg,0.0016397833824157715,False
/Users/aanyasingh/Projects/imagevalidation2/data/FloodingDataset2/processed_data/binary/train/non_flood/animal/animal_000034.jpg,0.0016371607780456543,False
/Users/aanyasingh/Projects/imagevalidation2/data/FloodingDataset2/processed_data/binary/train/non_flood/park_walkway/park_walkway_000145.jpg,0.0016350150108337402,False
/Users/aanyasingh/Projects/imagevalidation2/data/FloodingDataset2/processed_data/binary/train/non_flood/vehicle/vehicle_000118.jpg,0.0016345381736755371,False
/Users/aanyasingh/Projects/imagevalidation2/data/FloodingDataset2/processed_data/binary/train/non_flood/street_clear/street_clear_000311.jpg,0.001619577407836914,False
/Users/aanyasingh/Projects/imagevalidation2/data/FloodingDataset2/processed_data/binary/train/non_flood/street_clear/street_clear_000528.jpg,0.0016162395477294922,False
/Users/aanyasingh/Projects/imagevalidation2/data/FloodingDataset2/processed_data/binary/train/non_flood/animal/animal_000064.jpg,0.0016151666641235352,False
/Users/aanyasingh/Projects/imagevalidation2/data/FloodingDataset2/processed_data/binary/train/non_flood/street_clear/street_clear_000260.jpg,0.0016134977340698242,False
/Users/aanyasingh/Projects/imagevalidation2/data/FloodingDataset2/processed_data/binary/train/non_flood/street_clear/street_clear_000329.jpg,0.0016120672225952148,False
/Users/aanyasingh/Projects/imagevalidation2/data/FloodingDataset2/processed_data/binary/train/non_flood/building/building_000151.jpg,0.0016017556190490723,False
/Users/aanyasingh/Projects/imagevalidation2/data/FloodingDataset2/processed_data/binary/train/non_flood/swimming_pool/swimming_pool_000069.jpg,0.0015993714332580566,False
/Users/aanyasingh/Projects/imagevalidation2/data/FloodingDataset2/processed_data/binary/train/non_flood/vehicle/vehicle_000162.jpg,0.00159376859664917,False
/Users/aanyasingh/Projects/imagevalidation2/data/FloodingDataset2/processed_data/binary/train/non_flood/building/building_000017.jpg,0.0015869140625,False
/Users/aanyasingh/Projects/imagevalidation2/data/FloodingDataset2/processed_data/binary/train/non_flood/animal/animal_000075.jpg,0.0015856027603149414,False
/Users/aanyasingh/Projects/imagevalidation2/data/FloodingDataset2/processed_data/binary/train/non_flood/river/river_000138.jpg,0.0015804767608642578,False
/Users/aanyasingh/Projects/imagevalidation2/data/FloodingDataset2/processed_data/binary/train/non_flood/swimming_pool/swimming_pool_000035.jpg,0.0015795230865478516,False
/Users/aanyasingh/Projects/imagevalidation2/data/FloodingDataset2/processed_data/binary/train/non_flood/building/building_000073.jpg,0.0015767812728881836,False
/Users/aanyasingh/Projects/imagevalidation2/data/FloodingDataset2/processed_data/binary/train/non_flood/building/building_000270.jpg,0.0015767812728881836,False
/Users/aanyasingh/Projects/imagevalidation2/data/FloodingDataset2/processed_data/binary/train/non_flood/animal/animal_000077.jpg,0.0015758275985717773,False
/Users/aanyasingh/Projects/imagevalidation2/data/FloodingDataset2/processed_data/binary/train/non_flood/building/building_000281.jpg,0.0015689730644226074,False
/Users/aanyasingh/Projects/imagevalidation2/data/FloodingDataset2/processed_data/binary/train/non_flood/river/river_000304.jpg,0.001562654972076416,False
/Users/aanyasingh/Projects/imagevalidation2/data/FloodingDataset2/processed_data/binary/train/non_flood/building/building_000117.jpg,0.0015553832054138184,False
/Users/aanyasingh/Projects/imagevalidation2/data/FloodingDataset2/processed_data/binary/train/non_flood/plant/plant_000090.jpg,0.0015545487403869629,False
/Users/aanyasingh/Projects/imagevalidation2/data/FloodingDataset2/processed_data/binary/train/non_flood/river/river_000161.jpg,0.0015535950660705566,False
/Users/aanyasingh/Projects/imagevalidation2/data/FloodingDataset2/processed_data/binary/train/non_flood/animal/animal_000036.jpg,0.001552879810333252,False
/Users/aanyasingh/Projects/imagevalidation2/data/FloodingDataset2/processed_data/binary/train/non_flood/building/building_000031.jpg,0.001551508903503418,False
/Users/aanyasingh/Projects/imagevalidation2/data/FloodingDataset2/processed_data/binary/train/non_flood/animal/animal_000135.jpg,0.0015497207641601562,False
/Users/aanyasingh/Projects/imagevalidation2/data/FloodingDataset2/processed_data/binary/train/non_flood/park_walkway/park_walkway_000130.jpg,0.0015468597412109375,False
/Users/aanyasingh/Projects/imagevalidation2/data/FloodingDataset2/processed_data/binary/train/non_flood/street_clear/street_clear_000350.jpg,0.0015430450439453125,False
/Users/aanyasingh/Projects/imagevalidation2/data/FloodingDataset2/processed_data/binary/train/non_flood/river/river_000088.jpg,0.0015372037887573242,False
/Users/aanyasingh/Projects/imagevalidation2/data/FloodingDataset2/processed_data/binary/train/non_flood/plant/plant_000105.jpg,0.0015357732772827148,False
/Users/aanyasingh/Projects/imagevalidation2/data/FloodingDataset2/processed_data/binary/train/non_flood/river/river_000039.jpg,0.0015349388122558594,False
/Users/aanyasingh/Projects/imagevalidation2/data/FloodingDataset2/processed_data/binary/train/non_flood/building/building_000138.jpg,0.0015287995338439941,False
/Users/aanyasingh/Projects/imagevalidation2/data/FloodingDataset2/processed_data/binary/train/non_flood/animal/animal_000260.jpg,0.0015285611152648926,False
/Users/aanyasingh/Projects/imagevalidation2/data/FloodingDataset2/processed_data/binary/train/non_flood/park_walkway/park_walkway_000207.jpg,0.0015271306037902832,False
/Users/aanyasingh/Projects/imagevalidation2/data/FloodingDataset2/processed_data/binary/train/non_flood/animal/animal_000119.jpg,0.0015268921852111816,False
/Users/aanyasingh/Projects/imagevalidation2/data/FloodingDataset2/processed_data/binary/train/non_flood/vehicle/vehicle_000227.jpg,0.0015267729759216309,False
/Users/aanyasingh/Projects/imagevalidation2/data/FloodingDataset2/processed_data/binary/train/non_flood/building/building_000090.jpg,0.0015209317207336426,False
/Users/aanyasingh/Projects/imagevalidation2/data/FloodingDataset2/processed_data/binary/train/non_flood/street_clear/street_clear_000073.jpg,0.0015197396278381348,False
/Users/aanyasingh/Projects/imagevalidation2/data/FloodingDataset2/processed_data/binary/train/non_flood/animal/animal_000004.jpg,0.0015108585357666016,False
/Users/aanyasingh/Projects/imagevalidation2/data/FloodingDataset2/processed_data/binary/train/non_flood/building/building_000173.jpg,0.0015094280242919922,False
/Users/aanyasingh/Projects/imagevalidation2/data/FloodingDataset2/processed_data/binary/train/non_flood/river/river_000167.jpg,0.0015072822570800781,False
/Users/aanyasingh/Projects/imagevalidation2/data/FloodingDataset2/processed_data/binary/train/non_flood/street_clear/street_clear_000072.jpg,0.001501321792602539,False
/Users/aanyasingh/Projects/imagevalidation2/data/FloodingDataset2/processed_data/binary/train/non_flood/building/building_000252.jpg,0.001498579978942871,False
/Users/aanyasingh/Projects/imagevalidation2/data/FloodingDataset2/processed_data/binary/train/non_flood/animal/animal_000068.jpg,0.001497030258178711,False
/Users/aanyasingh/Projects/imagevalidation2/data/FloodingDataset2/processed_data/binary/train/non_flood/swimming_pool/swimming_pool_000050.jpg,0.0014931559562683105,False
/Users/aanyasingh/Projects/imagevalidation2/data/FloodingDataset2/processed_data/binary/train/non_flood/building/building_000211.jpg,0.0014919638633728027,False
/Users/aanyasingh/Projects/imagevalidation2/data/FloodingDataset2/processed_data/binary/train/non_flood/river/river_000236.jpg,0.001490771770477295,False
/Users/aanyasingh/Projects/imagevalidation2/data/FloodingDataset2/processed_data/binary/train/non_flood/park_walkway/park_walkway_000191.jpg,0.0014860033988952637,False
/Users/aanyasingh/Projects/imagevalidation2/data/FloodingDataset2/processed_data/binary/train/non_flood/street_clear/street_clear_000292.jpg,0.0014843344688415527,False
/Users/aanyasingh/Projects/imagevalidation2/data/FloodingDataset2/processed_data/binary/train/non_flood/street_clear/street_clear_000524.jpg,0.0014833807945251465,False
/Users/aanyasingh/Projects/imagevalidation2/data/FloodingDataset2/processed_data/binary/train/non_flood/park_walkway/park_walkway_000317.jpg,0.00147932767868042,False
/Users/aanyasingh/Projects/imagevalidation2/data/FloodingDataset2/processed_data/binary/train/non_flood/animal/animal_000280.jpg,0.0014789700508117676,False
/Users/aanyasingh/Projects/imagevalidation2/data/FloodingDataset2/processed_data/binary/train/non_flood/building/building_000023.jpg,0.001476585865020752,False
/Users/aanyasingh/Projects/imagevalidation2/data/FloodingDataset2/processed_data/binary/train/non_flood/street_clear/street_clear_000178.jpg,0.0014709234237670898,False
/Users/aanyasingh/Projects/imagevalidation2/data/FloodingDataset2/processed_data/binary/train/non_flood/street_clear/street_clear_000383.jpg,0.001469731330871582,False
/Users/aanyasingh/Projects/imagevalidation2/data/FloodingDataset2/processed_data/binary/train/non_flood/animal/animal_000223.jpg,0.0014650821685791016,False
/Users/aanyasingh/Projects/imagevalidation2/data/FloodingDataset2/processed_data/binary/train/non_flood/street_clear/street_clear_000526.jpg,0.0014629364013671875,False
/Users/aanyasingh/Projects/imagevalidation2/data/FloodingDataset2/processed_data/binary/train/non_flood/building/building_000204.jpg,0.0014613866806030273,False
/Users/aanyasingh/Projects/imagevalidation2/data/FloodingDataset2/processed_data/binary/train/non_flood/street_clear/street_clear_000044.jpg,0.0014581680297851562,False
/Users/aanyasingh/Projects/imagevalidation2/data/FloodingDataset2/processed_data/binary/train/non_flood/plant/plant_000049.jpg,0.0014548301696777344,False
/Users/aanyasingh/Projects/imagevalidation2/data/FloodingDataset2/processed_data/binary/train/non_flood/plant/plant_000085.jpg,0.001452028751373291,False
/Users/aanyasingh/Projects/imagevalidation2/data/FloodingDataset2/processed_data/binary/train/non_flood/animal/animal_000122.jpg,0.0014473795890808105,False
/Users/aanyasingh/Projects/imagevalidation2/data/FloodingDataset2/processed_data/binary/train/non_flood/park_walkway/park_walkway_000280.jpg,0.0014447569847106934,False
/Users/aanyasingh/Projects/imagevalidation2/data/FloodingDataset2/processed_data/binary/train/non_flood/street_clear/street_clear_000225.jpg,0.0014447569847106934,False
/Users/aanyasingh/Projects/imagevalidation2/data/FloodingDataset2/processed_data/binary/train/non_flood/plant/plant_000005.jpg,0.0014408230781555176,False
/Users/aanyasingh/Projects/imagevalidation2/data/FloodingDataset2/processed_data/binary/train/non_flood/park_walkway/park_walkway_000336.jpg,0.0014361739158630371,False
/Users/aanyasingh/Projects/imagevalidation2/data/FloodingDataset2/processed_data/binary/train/non_flood/vehicle/vehicle_000044.jpg,0.0014281272888183594,False
/Users/aanyasingh/Projects/imagevalidation2/data/FloodingDataset2/processed_data/binary/train/non_flood/vehicle/vehicle_000068.jpg,0.0014274120330810547,False
/Users/aanyasingh/Projects/imagevalidation2/data/FloodingDataset2/processed_data/binary/train/non_flood/animal/animal_000105.jpg,0.0014271736145019531,False
/Users/aanyasingh/Projects/imagevalidation2/data/FloodingDataset2/processed_data/binary/train/non_flood/animal/animal_000274.jpg,0.0014263391494750977,False
/Users/aanyasingh/Projects/imagevalidation2/data/FloodingDataset2/processed_data/binary/train/non_flood/building/building_000125.jpg,0.0014048218727111816,False
/Users/aanyasingh/Projects/imagevalidation2/data/FloodingDataset2/processed_data/binary/train/non_flood/vehicle/vehicle_000208.jpg,0.0014027953147888184,False
/Users/aanyasingh/Projects/imagevalidation2/data/FloodingDataset2/processed_data/binary/train/non_flood/park_walkway/park_walkway_000162.jpg,0.001398622989654541,False
/Users/aanyasingh/Projects/imagevalidation2/data/FloodingDataset2/processed_data/binary/train/non_flood/building/building_000036.jpg,0.0013898611068725586,False
/Users/aanyasingh/Projects/imagevalidation2/data/FloodingDataset2/processed_data/binary/train/non_flood/building/building_000208.jpg,0.0013883113861083984,False
/Users/aanyasingh/Projects/imagevalidation2/data/FloodingDataset2/processed_data/binary/train/non_flood/park_walkway/park_walkway_000291.jpg,0.0013848543167114258,False
/Users/aanyasingh/Projects/imagevalidation2/data/FloodingDataset2/processed_data/binary/train/non_flood/park_walkway/park_walkway_000177.jpg,0.0013840198516845703,False
/Users/aanyasingh/Projects/imagevalidation2/data/FloodingDataset2/processed_data/binary/train/non_flood/vehicle/vehicle_000026.jpg,0.001383662223815918,False
/Users/aanyasingh/Projects/imagevalidation2/data/FloodingDataset2/processed_data/binary/train/non_flood/animal/animal_000176.jpg,0.0013835430145263672,False
/Users/aanyasingh/Projects/imagevalidation2/data/FloodingDataset2/processed_data/binary/train/non_flood/river/river_000147.jpg,0.001378774642944336,False
/Users/aanyasingh/Projects/imagevalidation2/data/FloodingDataset2/processed_data/binary/train/non_flood/building/building_000207.jpg,0.0013712644577026367,False
/Users/aanyasingh/Projects/imagevalidation2/data/FloodingDataset2/processed_data/binary/train/non_flood/river/river_000070.jpg,0.0013623833656311035,False
/Users/aanyasingh/Projects/imagevalidation2/data/FloodingDataset2/processed_data/binary/train/non_flood/street_clear/street_clear_000188.jpg,0.001358330249786377,False
/Users/aanyasingh/Projects/imagevalidation2/data/FloodingDataset2/processed_data/binary/train/non_flood/animal/animal_000210.jpg,0.0013571381568908691,False
/Users/aanyasingh/Projects/imagevalidation2/data/FloodingDataset2/processed_data/binary/train/non_flood/animal/animal_000283.jpg,0.0013526082038879395,False
/Users/aanyasingh/Projects/imagevalidation2/data/FloodingDataset2/processed_data/binary/train/non_flood/swimming_pool/swimming_pool_000059.jpg,0.0013489127159118652,False
/Users/aanyasingh/Projects/imagevalidation2/data/FloodingDataset2/processed_data/binary/train/non_flood/animal/animal_000254.jpg,0.0013478398323059082,False
/Users/aanyasingh/Projects/imagevalidation2/data/FloodingDataset2/processed_data/binary/train/non_flood/park_walkway/park_walkway_000362.jpg,0.0013436079025268555,False
/Users/aanyasingh/Projects/imagevalidation2/data/FloodingDataset2/processed_data/binary/train/non_flood/street_clear/street_clear_000000.jpg,0.001340031623840332,False
/Users/aanyasingh/Projects/imagevalidation2/data/FloodingDataset2/processed_data/binary/train/non_flood/vehicle/vehicle_000107.jpg,0.001338958740234375,False
/Users/aanyasingh/Projects/imagevalidation2/data/FloodingDataset2/processed_data/binary/train/non_flood/park_walkway/park_walkway_000256.jpg,0.0013314485549926758,False
/Users/aanyasingh/Projects/imagevalidation2/data/FloodingDataset2/processed_data/binary/train/non_flood/plant/plant_000095.jpg,0.0013259649276733398,False
/Users/aanyasingh/Projects/imagevalidation2/data/FloodingDataset2/processed_data/binary/train/non_flood/animal/animal_000018.jpg,0.0013231635093688965,False
/Users/aanyasingh/Projects/imagevalidation2/data/FloodingDataset2/processed_data/binary/train/non_flood/vehicle/vehicle_000101.jpg,0.001321256160736084,False
/Users/aanyasingh/Projects/imagevalidation2/data/FloodingDataset2/processed_data/binary/train/non_flood/animal/animal_000101.jpg,0.001317441463470459,False
/Users/aanyasingh/Projects/imagevalidation2/data/FloodingDataset2/processed_data/binary/train/non_flood/river/river_000137.jpg,0.001312553882598877,False
/Users/aanyasingh/Projects/imagevalidation2/data/FloodingDataset2/processed_data/binary/train/non_flood/park_walkway/park_walkway_000232.jpg,0.001308143138885498,False
/Users/aanyasingh/Projects/imagevalidation2/data/FloodingDataset2/processed_data/binary/train/non_flood/animal/animal_000142.jpg,0.0013050436973571777,False
/Users/aanyasingh/Projects/imagevalidation2/data/FloodingDataset2/processed_data/binary/train/non_flood/vehicle/vehicle_000156.jpg,0.001304924488067627,False
/Users/aanyasingh/Projects/imagevalidation2/data/FloodingDataset2/processed_data/binary/train/non_flood/plant/plant_000155.jpg,0.0013045668601989746,False
/Users/aanyasingh/Projects/imagevalidation2/data/FloodingDataset2/processed_data/binary/train/non_flood/park_walkway/park_walkway_000183.jpg,0.0013037323951721191,False
/Users/aanyasingh/Projects/imagevalidation2/data/FloodingDataset2/processed_data/binary/train/non_flood/swimming_pool/swimming_pool_000085.jpg,0.001301884651184082,False
/Users/aanyasingh/Projects/imagevalidation2/data/FloodingDataset2/processed_data/binary/train/non_flood/street_clear/street_clear_000571.jpg,0.001298069953918457,False
/Users/aanyasingh/Projects/imagevalidation2/data/FloodingDataset2/processed_data/binary/train/non_flood/plant/plant_000074.jpg,0.001297593116760254,False
/Users/aanyasingh/Projects/imagevalidation2/data/FloodingDataset2/processed_data/binary/train/non_flood/river/river_000101.jpg,0.0012956857681274414,False
/Users/aanyasingh/Projects/imagevalidation2/data/FloodingDataset2/processed_data/binary/train/non_flood/vehicle/vehicle_000163.jpg,0.0012927055358886719,False
/Users/aanyasingh/Projects/imagevalidation2/data/FloodingDataset2/processed_data/binary/train/non_flood/park_walkway/park_walkway_000368.jpg,0.0012853145599365234,False
/Users/aanyasingh/Projects/imagevalidation2/data/FloodingDataset2/processed_data/binary/train/non_flood/swimming_pool/swimming_pool_000017.jpg,0.0012789368629455566,False
/Users/aanyasingh/Projects/imagevalidation2/data/FloodingDataset2/processed_data/binary/train/non_flood/park_walkway/park_walkway_000110.jpg,0.0012739300727844238,False
/Users/aanyasingh/Projects/imagevalidation2/data/FloodingDataset2/processed_data/binary/train/non_flood/building/building_000205.jpg,0.0012728571891784668,False
/Users/aanyasingh/Projects/imagevalidation2/data/FloodingDataset2/processed_data/binary/train/non_flood/street_clear/street_clear_000510.jpg,0.0012664198875427246,False
/Users/aanyasingh/Projects/imagevalidation2/data/FloodingDataset2/processed_data/binary/train/non_flood/street_clear/street_clear_000216.jpg,0.0012653470039367676,False
/Users/aanyasingh/Projects/imagevalidation2/data/FloodingDataset2/processed_data/binary/train/non_flood/park_walkway/park_walkway_000132.jpg,0.0012614130973815918,False
/Users/aanyasingh/Projects/imagevalidation2/data/FloodingDataset2/processed_data/binary/train/non_flood/vehicle/vehicle_000179.jpg,0.0012614130973815918,False
/Users/aanyasingh/Projects/imagevalidation2/data/FloodingDataset2/processed_data/binary/train/non_flood/building/building_000033.jpg,0.001258552074432373,False
/Users/aanyasingh/Projects/imagevalidation2/data/FloodingDataset2/processed_data/binary/train/non_flood/building/building_000074.jpg,0.0012538433074951172,False
/Users/aanyasingh/Projects/imagevalidation2/data/FloodingDataset2/processed_data/binary/train/non_flood/vehicle/vehicle_000190.jpg,0.0012537240982055664,False
/Users/aanyasingh/Projects/imagevalidation2/data/FloodingDataset2/processed_data/binary/train/non_flood/animal/animal_000284.jpg,0.001245737075805664,False
/Users/aanyasingh/Projects/imagevalidation2/data/FloodingDataset2/processed_data/binary/train/non_flood/animal/animal_000257.jpg,0.0012428760528564453,False
/Users/aanyasingh/Projects/imagevalidation2/data/FloodingDataset2/processed_data/binary/train/non_flood/plant/plant_000034.jpg,0.0012423992156982422,False
/Users/aanyasingh/Projects/imagevalidation2/data/FloodingDataset2/processed_data/binary/train/non_flood/street_clear/street_clear_000519.jpg,0.0012382268905639648,False
/Users/aanyasingh/Projects/imagevalidation2/data/FloodingDataset2/processed_data/binary/train/non_flood/street_clear/street_clear_000168.jpg,0.0012293457984924316,False
/Users/aanyasingh/Projects/imagevalidation2/data/FloodingDataset2/processed_data/binary/train/non_flood/street_clear/street_clear_000307.jpg,0.0012262463569641113,False
/Users/aanyasingh/Projects/imagevalidation2/data/FloodingDataset2/processed_data/binary/train/non_flood/river/river_000135.jpg,0.0012221932411193848,False
/Users/aanyasingh/Projects/imagevalidation2/data/FloodingDataset2/processed_data/binary/train/non_flood/animal/animal_000226.jpg,0.0012217164039611816,False
/Users/aanyasingh/Projects/imagevalidation2/data/FloodingDataset2/processed_data/binary/train/non_flood/street_clear/street_clear_000008.jpg,0.00122147798538208,False
/Users/aanyasingh/Projects/imagevalidation2/data/FloodingDataset2/processed_data/binary/train/non_flood/building/building_000118.jpg,0.0012213587760925293,False
/Users/aanyasingh/Projects/imagevalidation2/data/FloodingDataset2/processed_data/binary/train/non_flood/park_walkway/park_walkway_000122.jpg,0.0012212395668029785,False
/Users/aanyasingh/Projects/imagevalidation2/data/FloodingDataset2/processed_data/binary/train/non_flood/street_clear/street_clear_000384.jpg,0.0012211203575134277,False
/Users/aanyasingh/Projects/imagevalidation2/data/FloodingDataset2/processed_data/binary/train/non_flood/plant/plant_000037.jpg,0.0012190937995910645,False
/Users/aanyasingh/Projects/imagevalidation2/data/FloodingDataset2/processed_data/binary/train/non_flood/animal/animal_000072.jpg,0.0012137293815612793,False
/Users/aanyasingh/Projects/imagevalidation2/data/FloodingDataset2/processed_data/binary/train/non_flood/animal/animal_000000.jpg,0.0012124180793762207,False
/Users/aanyasingh/Projects/imagevalidation2/data/FloodingDataset2/processed_data/binary/train/non_flood/street_clear/street_clear_000027.jpg,0.0012107491493225098,False
/Users/aanyasingh/Projects/imagevalidation2/data/FloodingDataset2/processed_data/binary/train/non_flood/vehicle/vehicle_000040.jpg,0.0012096762657165527,False
/Users/aanyasingh/Projects/imagevalidation2/data/FloodingDataset2/processed_data/binary/train/non_flood/animal/animal_000157.jpg,0.001208484172821045,False
/Users/aanyasingh/Projects/imagevalidation2/data/FloodingDataset2/processed_data/binary/train/non_flood/street_clear/street_clear_000572.jpg,0.0012080073356628418,False
/Users/aanyasingh/Projects/imagevalidation2/data/FloodingDataset2/processed_data/binary/train/non_flood/street_clear/street_clear_000196.jpg,0.0012018680572509766,False
/Users/aanyasingh/Projects/imagevalidation2/data/FloodingDataset2/processed_data/binary/train/non_flood/plant/plant_000138.jpg,0.001201033592224121,False
/Users/aanyasingh/Projects/imagevalidation2/data/FloodingDataset2/processed_data/binary/train/non_flood/park_walkway/park_walkway_000301.jpg,0.0012009143829345703,False
/Users/aanyasingh/Projects/imagevalidation2/data/FloodingDataset2/processed_data/binary/train/non_flood/building/building_000179.jpg,0.0012006759643554688,False
/Users/aanyasingh/Projects/imagevalidation2/data/FloodingDataset2/processed_data/binary/train/non_flood/river/river_000090.jpg,0.0012004375457763672,False
/Users/aanyasingh/Projects/imagevalidation2/data/FloodingDataset2/processed_data/binary/train/non_flood/street_clear/street_clear_000263.jpg,0.0011898279190063477,False
/Users/aanyasingh/Projects/imagevalidation2/data/FloodingDataset2/processed_data/binary/train/non_flood/street_clear/street_clear_000556.jpg,0.0011894702911376953,False
/Users/aanyasingh/Projects/imagevalidation2/data/FloodingDataset2/processed_data/binary/train/non_flood/vehicle/vehicle_000216.jpg,0.0011860132217407227,False
/Users/aanyasingh/Projects/imagevalidation2/data/FloodingDataset2/processed_data/binary/train/non_flood/vehicle/vehicle_000090.jpg,0.001181185245513916,False
/Users/aanyasingh/Projects/imagevalidation2/data/FloodingDataset2/processed_data/binary/train/non_flood/street_clear/street_clear_000102.jpg,0.0011803507804870605,False
/Users/aanyasingh/Projects/imagevalidation2/data/FloodingDataset2/processed_data/binary/train/non_flood/park_walkway/park_walkway_000009.jpg,0.0011782050132751465,False
/Users/aanyasingh/Projects/imagevalidation2/data/FloodingDataset2/processed_data/binary/train/non_flood/vehicle/vehicle_000009.jpg,0.001177370548248291,False
/Users/aanyasingh/Projects/imagevalidation2/data/FloodingDataset2/processed_data/binary/train/non_flood/park_walkway/park_walkway_000139.jpg,0.0011749863624572754,False
/Users/aanyasingh/Projects/imagevalidation2/data/FloodingDataset2/processed_data/binary/train/non_flood/animal/animal_000093.jpg,0.001170814037322998,False
/Users/aanyasingh/Projects/imagevalidation2/data/FloodingDataset2/processed_data/binary/train/non_flood/animal/animal_000108.jpg,0.0011702179908752441,False
/Users/aanyasingh/Projects/imagevalidation2/data/FloodingDataset2/processed_data/binary/train/non_flood/street_clear/street_clear_000084.jpg,0.0011640191078186035,False
/Users/aanyasingh/Projects/imagevalidation2/data/FloodingDataset2/processed_data/binary/train/non_flood/animal/animal_000062.jpg,0.0011628270149230957,False
/Users/aanyasingh/Projects/imagevalidation2/data/FloodingDataset2/processed_data/binary/train/non_flood/building/building_000069.jpg,0.0011606812477111816,False
/Users/aanyasingh/Projects/imagevalidation2/data/FloodingDataset2/processed_data/binary/train/non_flood/street_clear/street_clear_000358.jpg,0.0011581778526306152,False
/Users/aanyasingh/Projects/imagevalidation2/data/FloodingDataset2/processed_data/binary/train/non_flood/street_clear/street_clear_000328.jpg,0.0011579394340515137,False
/Users/aanyasingh/Projects/imagevalidation2/data/FloodingDataset2/processed_data/binary/train/non_flood/street_clear/street_clear_000040.jpg,0.0011472702026367188,False
/Users/aanyasingh/Projects/imagevalidation2/data/FloodingDataset2/processed_data/binary/train/non_flood/building/building_000135.jpg,0.0011470317840576172,False
/Users/aanyasingh/Projects/imagevalidation2/data/FloodingDataset2/processed_data/binary/train/non_flood/street_clear/street_clear_000177.jpg,0.0011459589004516602,False
/Users/aanyasingh/Projects/imagevalidation2/data/FloodingDataset2/processed_data/binary/train/non_flood/street_clear/street_clear_000397.jpg,0.0011425018310546875,False
/Users/aanyasingh/Projects/imagevalidation2/data/FloodingDataset2/processed_data/binary/train/non_flood/river/river_000093.jpg,0.001140594482421875,False
/Users/aanyasingh/Projects/imagevalidation2/data/FloodingDataset2/processed_data/binary/train/non_flood/street_clear/street_clear_000290.jpg,0.0011386871337890625,False
/Users/aanyasingh/Projects/imagevalidation2/data/FloodingDataset2/processed_data/binary/train/non_flood/building/building_000136.jpg,0.0011327266693115234,False
/Users/aanyasingh/Projects/imagevalidation2/data/FloodingDataset2/processed_data/binary/train/non_flood/animal/animal_000197.jpg,0.0011276602745056152,False
/Users/aanyasingh/Projects/imagevalidation2/data/FloodingDataset2/processed_data/binary/train/non_flood/animal/animal_000268.jpg,0.0011219382286071777,False
/Users/aanyasingh/Projects/imagevalidation2/data/FloodingDataset2/processed_data/binary/train/non_flood/vehicle/vehicle_000030.jpg,0.0011196732521057129,False
/Users/aanyasingh/Projects/imagevalidation2/data/FloodingDataset2/processed_data/binary/train/non_flood/street_clear/street_clear_000170.jpg,0.0011176466941833496,False
/Users/aanyasingh/Projects/imagevalidation2/data/FloodingDataset2/processed_data/binary/train/non_flood/building/building_000008.jpg,0.0011162161827087402,False
/Users/aanyasingh/Projects/imagevalidation2/data/FloodingDataset2/processed_data/binary/train/non_flood/plant/plant_000104.jpg,0.0011153817176818848,False
/Users/aanyasingh/Projects/imagevalidation2/data/FloodingDataset2/processed_data/binary/train/non_flood/building/building_000188.jpg,0.0011085867881774902,False
/Users/aanyasingh/Projects/imagevalidation2/data/FloodingDataset2/processed_data/binary/train/non_flood/street_clear/street_clear_000554.jpg,0.0011012554168701172,False
/Users/aanyasingh/Projects/imagevalidation2/data/FloodingDataset2/processed_data/binary/train/non_flood/building/building_000212.jpg,0.001095890998840332,False
/Users/aanyasingh/Projects/imagevalidation2/data/FloodingDataset2/processed_data/binary/train/non_flood/plant/plant_000048.jpg,0.0010941028594970703,False
/Users/aanyasingh/Projects/imagevalidation2/data/FloodingDataset2/processed_data/binary/train/non_flood/park_walkway/park_walkway_000012.jpg,0.001089930534362793,False
/Users/aanyasingh/Projects/imagevalidation2/data/FloodingDataset2/processed_data/binary/train/non_flood/river/river_000139.jpg,0.0010881423950195312,False
/Users/aanyasingh/Projects/imagevalidation2/data/FloodingDataset2/processed_data/binary/train/non_flood/street_clear/street_clear_000582.jpg,0.0010758042335510254,False
/Users/aanyasingh/Projects/imagevalidation2/data/FloodingDataset2/processed_data/binary/train/non_flood/building/building_000063.jpg,0.0010753273963928223,False
/Users/aanyasingh/Projects/imagevalidation2/data/FloodingDataset2/processed_data/binary/train/non_flood/animal/animal_000166.jpg,0.0010595917701721191,False
/Users/aanyasingh/Projects/imagevalidation2/data/FloodingDataset2/processed_data/binary/train/non_flood/river/river_000206.jpg,0.0010583996772766113,False
/Users/aanyasingh/Projects/imagevalidation2/data/FloodingDataset2/processed_data/binary/train/non_flood/street_clear/street_clear_000257.jpg,0.0010548233985900879,False
/Users/aanyasingh/Projects/imagevalidation2/data/FloodingDataset2/processed_data/binary/train/non_flood/building/building_000007.jpg,0.0010526776313781738,False
/Users/aanyasingh/Projects/imagevalidation2/data/FloodingDataset2/processed_data/binary/train/non_flood/building/building_000092.jpg,0.001051485538482666,False
/Users/aanyasingh/Projects/imagevalidation2/data/FloodingDataset2/processed_data/binary/train/non_flood/street_clear/street_clear_000334.jpg,0.0010501742362976074,False
/Users/aanyasingh/Projects/imagevalidation2/data/FloodingDataset2/processed_data/binary/train/non_flood/animal/animal_000111.jpg,0.0010471343994140625,False
/Users/aanyasingh/Projects/imagevalidation2/data/FloodingDataset2/processed_data/binary/train/non_flood/animal/animal_000090.jpg,0.001041412353515625,False
/Users/aanyasingh/Projects/imagevalidation2/data/FloodingDataset2/processed_data/binary/train/non_flood/building/building_000020.jpg,0.0010378360748291016,False
/Users/aanyasingh/Projects/imagevalidation2/data/FloodingDataset2/processed_data/binary/train/non_flood/vehicle/vehicle_000160.jpg,0.0010378360748291016,False
/Users/aanyasingh/Projects/imagevalidation2/data/FloodingDataset2/processed_data/binary/train/non_flood/vehicle/vehicle_000140.jpg,0.0010371208190917969,False
/Users/aanyasingh/Projects/imagevalidation2/data/FloodingDataset2/processed_data/binary/train/non_flood/animal/animal_000029.jpg,0.0010315179824829102,False
/Users/aanyasingh/Projects/imagevalidation2/data/FloodingDataset2/processed_data/binary/train/non_flood/river/river_000073.jpg,0.0010308027267456055,False
/Users/aanyasingh/Projects/imagevalidation2/data/FloodingDataset2/processed_data/binary/train/non_flood/park_walkway/park_walkway_000001.jpg,0.0010306835174560547,False
/Users/aanyasingh/Projects/imagevalidation2/data/FloodingDataset2/processed_data/binary/train/non_flood/river/river_000172.jpg,0.0010275840759277344,False
/Users/aanyasingh/Projects/imagevalidation2/data/FloodingDataset2/processed_data/binary/train/non_flood/vehicle/vehicle_000215.jpg,0.0010273456573486328,False
/Users/aanyasingh/Projects/imagevalidation2/data/FloodingDataset2/processed_data/binary/train/non_flood/park_walkway/park_walkway_000381.jpg,0.001017749309539795,False
/Users/aanyasingh/Projects/imagevalidation2/data/FloodingDataset2/processed_data/binary/train/non_flood/animal/animal_000263.jpg,0.0010146498680114746,False
/Users/aanyasingh/Projects/imagevalidation2/data/FloodingDataset2/processed_data/binary/train/non_flood/river/river_000011.jpg,0.0010123848915100098,False
/Users/aanyasingh/Projects/imagevalidation2/data/FloodingDataset2/processed_data/binary/train/non_flood/street_clear/street_clear_000522.jpg,0.0010108351707458496,False
/Users/aanyasingh/Projects/imagevalidation2/data/FloodingDataset2/processed_data/binary/train/non_flood/street_clear/street_clear_000516.jpg,0.0010096430778503418,False
/Users/aanyasingh/Projects/imagevalidation2/data/FloodingDataset2/processed_data/binary/train/non_flood/animal/animal_000211.jpg,0.001002967357635498,False
/Users/aanyasingh/Projects/imagevalidation2/data/FloodingDataset2/processed_data/binary/train/non_flood/vehicle/vehicle_000153.jpg,0.001002490520477295,False
/Users/aanyasingh/Projects/imagevalidation2/data/FloodingDataset2/processed_data/binary/train/non_flood/park_walkway/park_walkway_000064.jpg,0.0009961724281311035,False
/Users/aanyasingh/Projects/imagevalidation2/data/FloodingDataset2/processed_data/binary/train/non_flood/park_walkway/park_walkway_000361.jpg,0.00099259614944458,False
/Users/aanyasingh/Projects/imagevalidation2/data/FloodingDataset2/processed_data/binary/train/non_flood/river/river_000378.jpg,0.0009878873825073242,False
/Users/aanyasingh/Projects/imagevalidation2/data/FloodingDataset2/processed_data/binary/train/non_flood/animal/animal_000054.jpg,0.0009860992431640625,False
/Users/aanyasingh/Projects/imagevalidation2/data/FloodingDataset2/processed_data/binary/train/non_flood/street_clear/street_clear_000245.jpg,0.0009859800338745117,False
/Users/aanyasingh/Projects/imagevalidation2/data/FloodingDataset2/processed_data/binary/train/non_flood/street_clear/street_clear_000476.jpg,0.0009856224060058594,False
/Users/aanyasingh/Projects/imagevalidation2/data/FloodingDataset2/processed_data/binary/train/non_flood/animal/animal_000046.jpg,0.0009824037551879883,False
/Users/aanyasingh/Projects/imagevalidation2/data/FloodingDataset2/processed_data/binary/train/non_flood/vehicle/vehicle_000210.jpg,0.0009822845458984375,False
/Users/aanyasingh/Projects/imagevalidation2/data/FloodingDataset2/processed_data/binary/train/non_flood/street_clear/street_clear_000364.jpg,0.000980973243713379,False
/Users/aanyasingh/Projects/imagevalidation2/data/FloodingDataset2/processed_data/binary/train/non_flood/building/building_000122.jpg,0.0009795427322387695,False
/Users/aanyasingh/Projects/imagevalidation2/data/FloodingDataset2/processed_data/binary/train/non_flood/street_clear/street_clear_000097.jpg,0.0009775161743164062,False
/Users/aanyasingh/Projects/imagevalidation2/data/FloodingDataset2/processed_data/binary/train/non_flood/river/river_000240.jpg,0.0009766817092895508,False
/Users/aanyasingh/Projects/imagevalidation2/data/FloodingDataset2/processed_data/binary/train/non_flood/animal/animal_000295.jpg,0.0009763240814208984,False
/Users/aanyasingh/Projects/imagevalidation2/data/FloodingDataset2/processed_data/binary/train/non_flood/animal/animal_000264.jpg,0.0009711980819702148,False
/Users/aanyasingh/Projects/imagevalidation2/data/FloodingDataset2/processed_data/binary/train/non_flood/animal/animal_000183.jpg,0.0009677410125732422,False
/Users/aanyasingh/Projects/imagevalidation2/data/FloodingDataset2/processed_data/binary/train/non_flood/park_walkway/park_walkway_000134.jpg,0.0009525418281555176,False
/Users/aanyasingh/Projects/imagevalidation2/data/FloodingDataset2/processed_data/binary/train/non_flood/street_clear/street_clear_000192.jpg,0.0009503960609436035,False
/Users/aanyasingh/Projects/imagevalidation2/data/FloodingDataset2/processed_data/binary/train/non_flood/vehicle/vehicle_000037.jpg,0.0009503960609436035,False
/Users/aanyasingh/Projects/imagevalidation2/data/FloodingDataset2/processed_data/binary/train/non_flood/vehicle/vehicle_000168.jpg,0.0009483695030212402,False
/Users/aanyasingh/Projects/imagevalidation2/data/FloodingDataset2/processed_data/binary/train/non_flood/building/building_000226.jpg,0.0009459853172302246,False
/Users/aanyasingh/Projects/imagevalidation2/data/FloodingDataset2/processed_data/binary/train/non_flood/animal/animal_000216.jpg,0.0009325146675109863,False
/Users/aanyasingh/Projects/imagevalidation2/data/FloodingDataset2/processed_data/binary/train/non_flood/vehicle/vehicle_000055.jpg,0.0009292960166931152,False
/Users/aanyasingh/Projects/imagevalidation2/data/FloodingDataset2/processed_data/binary/train/non_flood/river/river_000305.jpg,0.0009257793426513672,False
/Users/aanyasingh/Projects/imagevalidation2/data/FloodingDataset2/processed_data/binary/train/non_flood/park_walkway/park_walkway_000350.jpg,0.0009162425994873047,False
/Users/aanyasingh/Projects/imagevalidation2/data/FloodingDataset2/processed_data/binary/train/non_flood/building/building_000127.jpg,0.0009137392044067383,False
/Users/aanyasingh/Projects/imagevalidation2/data/FloodingDataset2/processed_data/binary/train/non_flood/animal/animal_000242.jpg,0.0009120702743530273,False
/Users/aanyasingh/Projects/imagevalidation2/data/FloodingDataset2/processed_data/binary/train/non_flood/park_walkway/park_walkway_000243.jpg,0.0009058713912963867,False
/Users/aanyasingh/Projects/imagevalidation2/data/FloodingDataset2/processed_data/binary/train/non_flood/animal/animal_000085.jpg,0.0009053945541381836,False
/Users/aanyasingh/Projects/imagevalidation2/data/FloodingDataset2/processed_data/binary/train/non_flood/animal/animal_000173.jpg,0.0009002685546875,False
/Users/aanyasingh/Projects/imagevalidation2/data/FloodingDataset2/processed_data/binary/train/non_flood/park_walkway/park_walkway_000029.jpg,0.0008966326713562012,False
/Users/aanyasingh/Projects/imagevalidation2/data/FloodingDataset2/processed_data/binary/train/non_flood/street_clear/street_clear_000491.jpg,0.0008918642997741699,False
/Users/aanyasingh/Projects/imagevalidation2/data/FloodingDataset2/processed_data/binary/train/non_flood/park_walkway/park_walkway_000293.jpg,0.0008831620216369629,False
/Users/aanyasingh/Projects/imagevalidation2/data/FloodingDataset2/processed_data/binary/train/non_flood/vehicle/vehicle_000066.jpg,0.000881493091583252,False
/Users/aanyasingh/Projects/imagevalidation2/data/FloodingDataset2/processed_data/binary/train/non_flood/vehicle/vehicle_000228.jpg,0.0008737444877624512,False
/Users/aanyasingh/Projects/imagevalidation2/data/FloodingDataset2/processed_data/binary/train/non_flood/building/building_000042.jpg,0.0008674263954162598,False
/Users/aanyasingh/Projects/imagevalidation2/data/FloodingDataset2/processed_data/binary/train/non_flood/park_walkway/park_walkway_000287.jpg,0.0008592605590820312,False
/Users/aanyasingh/Projects/imagevalidation2/data/FloodingDataset2/processed_data/binary/train/non_flood/park_walkway/park_walkway_000028.jpg,0.0008580684661865234,False
/Users/aanyasingh/Projects/imagevalidation2/data/FloodingDataset2/processed_data/binary/train/non_flood/swimming_pool/swimming_pool_000000.jpg,0.0008509159088134766,False
/Users/aanyasingh/Projects/imagevalidation2/data/FloodingDataset2/processed_data/binary/train/non_flood/building/building_000240.jpg,0.0008435249328613281,False
/Users/aanyasingh/Projects/imagevalidation2/data/FloodingDataset2/processed_data/binary/train/non_flood/park_walkway/park_walkway_000127.jpg,0.0008420944213867188,False
/Users/aanyasingh/Projects/imagevalidation2/data/FloodingDataset2/processed_data/binary/train/non_flood/vehicle/vehicle_000117.jpg,0.0008418560028076172,False
/Users/aanyasingh/Projects/imagevalidation2/data/FloodingDataset2/processed_data/binary/train/non_flood/vehicle/vehicle_000204.jpg,0.0008414983749389648,False
/Users/aanyasingh/Projects/imagevalidation2/data/FloodingDataset2/processed_data/binary/train/non_flood/building/building_000183.jpg,0.0008281469345092773,False
/Users/aanyasingh/Projects/imagevalidation2/data/FloodingDataset2/processed_data/binary/train/non_flood/plant/plant_000120.jpg,0.0008266568183898926,False
/Users/aanyasingh/Projects/imagevalidation2/data/FloodingDataset2/processed_data/binary/train/non_flood/street_clear/street_clear_000110.jpg,0.0008227229118347168,False
/Users/aanyasingh/Projects/imagevalidation2/data/FloodingDataset2/processed_data/binary/train/non_flood/building/building_000225.jpg,0.0008223652839660645,False
/Users/aanyasingh/Projects/imagevalidation2/data/FloodingDataset2/processed_data/binary/train/non_flood/park_walkway/park_walkway_000161.jpg,0.000812232494354248,False
/Users/aanyasingh/Projects/imagevalidation2/data/FloodingDataset2/processed_data/binary/train/non_flood/building/building_000095.jpg,0.0008074641227722168,False
/Users/aanyasingh/Projects/imagevalidation2/data/FloodingDataset2/processed_data/binary/train/non_flood/swimming_pool/swimming_pool_000034.jpg,0.000807344913482666,False
/Users/aanyasingh/Projects/imagevalidation2/data/FloodingDataset2/processed_data/binary/train/non_flood/park_walkway/park_walkway_000089.jpg,0.0008072257041931152,False
/Users/aanyasingh/Projects/imagevalidation2/data/FloodingDataset2/processed_data/binary/train/non_flood/vehicle/vehicle_000080.jpg,0.0007995963096618652,False
/Users/aanyasingh/Projects/imagevalidation2/data/FloodingDataset2/processed_data/binary/train/non_flood/street_clear/street_clear_000402.jpg,0.0007970929145812988,False
/Users/aanyasingh/Projects/imagevalidation2/data/FloodingDataset2/processed_data/binary/train/non_flood/building/building_000010.jpg,0.0007925629615783691,False
/Users/aanyasingh/Projects/imagevalidation2/data/FloodingDataset2/processed_data/binary/train/non_flood/street_clear/street_clear_000004.jpg,0.0007873773574829102,False
/Users/aanyasingh/Projects/imagevalidation2/data/FloodingDataset2/processed_data/binary/train/non_flood/street_clear/street_clear_000271.jpg,0.0007859468460083008,False
/Users/aanyasingh/Projects/imagevalidation2/data/FloodingDataset2/processed_data/binary/train/non_flood/street_clear/street_clear_000272.jpg,0.0007824897766113281,False
/Users/aanyasingh/Projects/imagevalidation2/data/FloodingDataset2/processed_data/binary/train/non_flood/river/river_000061.jpg,0.0007781982421875,False
/Users/aanyasingh/Projects/imagevalidation2/data/FloodingDataset2/processed_data/binary/train/non_flood/river/river_000043.jpg,0.0007765293121337891,False
/Users/aanyasingh/Projects/imagevalidation2/data/FloodingDataset2/processed_data/binary/train/non_flood/street_clear/street_clear_000055.jpg,0.0007756948471069336,False
/Users/aanyasingh/Projects/imagevalidation2/data/FloodingDataset2/processed_data/binary/train/non_flood/street_clear/street_clear_000005.jpg,0.0007746219635009766,False
/Users/aanyasingh/Projects/imagevalidation2/data/FloodingDataset2/processed_data/binary/train/non_flood/vehicle/vehicle_000196.jpg,0.0007721185684204102,False
/Users/aanyasingh/Projects/imagevalidation2/data/FloodingDataset2/processed_data/binary/train/non_flood/building/building_000014.jpg,0.000769495964050293,False
/Users/aanyasingh/Projects/imagevalidation2/data/FloodingDataset2/processed_data/binary/train/non_flood/park_walkway/park_walkway_000131.jpg,0.0007684230804443359,False
/Users/aanyasingh/Projects/imagevalidation2/data/FloodingDataset2/processed_data/binary/train/non_flood/building/building_000164.jpg,0.0007659196853637695,False
/Users/aanyasingh/Projects/imagevalidation2/data/FloodingDataset2/processed_data/binary/train/non_flood/street_clear/street_clear_000198.jpg,0.0007596015930175781,False
/Users/aanyasingh/Projects/imagevalidation2/data/FloodingDataset2/processed_data/binary/train/non_flood/street_clear/street_clear_000166.jpg,0.0007587671279907227,False
/Users/aanyasingh/Projects/imagevalidation2/data/FloodingDataset2/processed_data/binary/train/non_flood/street_clear/street_clear_000306.jpg,0.0007587671279907227,False
/Users/aanyasingh/Projects/imagevalidation2/data/FloodingDataset2/processed_data/binary/train/non_flood/street_clear/street_clear_000481.jpg,0.0007582902908325195,False
/Users/aanyasingh/Projects/imagevalidation2/data/FloodingDataset2/processed_data/binary/train/non_flood/street_clear/street_clear_000371.jpg,0.000758051872253418,False
/Users/aanyasingh/Projects/imagevalidation2/data/FloodingDataset2/processed_data/binary/train/non_flood/building/building_000083.jpg,0.0007576942443847656,False
/Users/aanyasingh/Projects/imagevalidation2/data/FloodingDataset2/processed_data/binary/train/non_flood/building/building_000034.jpg,0.0007569789886474609,False
/Users/aanyasingh/Projects/imagevalidation2/data/FloodingDataset2/processed_data/binary/train/non_flood/river/river_000379.jpg,0.0007561445236206055,False
/Users/aanyasingh/Projects/imagevalidation2/data/FloodingDataset2/processed_data/binary/train/non_flood/street_clear/street_clear_000092.jpg,0.000751793384552002,False
/Users/aanyasingh/Projects/imagevalidation2/data/FloodingDataset2/processed_data/binary/train/non_flood/animal/animal_000188.jpg,0.0007507205009460449,False
/Users/aanyasingh/Projects/imagevalidation2/data/FloodingDataset2/processed_data/binary/train/non_flood/vehicle/vehicle_000116.jpg,0.0007482171058654785,False
/Users/aanyasingh/Projects/imagevalidation2/data/FloodingDataset2/processed_data/binary/train/non_flood/park_walkway/park_walkway_000192.jpg,0.0007449984550476074,False
/Users/aanyasingh/Projects/imagevalidation2/data/FloodingDataset2/processed_data/binary/train/non_flood/street_clear/street_clear_000120.jpg,0.0007430911064147949,False
/Users/aanyasingh/Projects/imagevalidation2/data/FloodingDataset2/processed_data/binary/train/non_flood/park_walkway/park_walkway_000219.jpg,0.0007398724555969238,False
/Users/aanyasingh/Projects/imagevalidation2/data/FloodingDataset2/processed_data/binary/train/non_flood/river/river_000140.jpg,0.0007224678993225098,False
/Users/aanyasingh/Projects/imagevalidation2/data/FloodingDataset2/processed_data/binary/train/non_flood/street_clear/street_clear_000106.jpg,0.0007198452949523926,False
/Users/aanyasingh/Projects/imagevalidation2/data/FloodingDataset2/processed_data/binary/train/non_flood/vehicle/vehicle_000114.jpg,0.0007188916206359863,False
/Users/aanyasingh/Projects/imagevalidation2/data/FloodingDataset2/processed_data/binary/train/non_flood/street_clear/street_clear_000421.jpg,0.000715792179107666,False
/Users/aanyasingh/Projects/imagevalidation2/data/FloodingDataset2/processed_data/binary/train/non_flood/street_clear/street_clear_000574.jpg,0.0007149577140808105,False
/Users/aanyasingh/Projects/imagevalidation2/data/FloodingDataset2/processed_data/binary/train/non_flood/park_walkway/park_walkway_000266.jpg,0.0007122159004211426,False
/Users/aanyasingh/Projects/imagevalidation2/data/FloodingDataset2/processed_data/binary/train/non_flood/street_clear/street_clear_000189.jpg,0.0007077455520629883,False
/Users/aanyasingh/Projects/imagevalidation2/data/FloodingDataset2/processed_data/binary/train/non_flood/animal/animal_000084.jpg,0.0007073879241943359,False
/Users/aanyasingh/Projects/imagevalidation2/data/FloodingDataset2/processed_data/binary/train/non_flood/park_walkway/park_walkway_000088.jpg,0.0007021427154541016,False
/Users/aanyasingh/Projects/imagevalidation2/data/FloodingDataset2/processed_data/binary/train/non_flood/park_walkway/park_walkway_000015.jpg,0.0006992816925048828,False
/Users/aanyasingh/Projects/imagevalidation2/data/FloodingDataset2/processed_data/binary/train/non_flood/park_walkway/park_walkway_000118.jpg,0.0006986856460571289,False
/Users/aanyasingh/Projects/imagevalidation2/data/FloodingDataset2/processed_data/binary/train/non_flood/river/river_000072.jpg,0.000695347785949707,False
/Users/aanyasingh/Projects/imagevalidation2/data/FloodingDataset2/processed_data/binary/train/non_flood/street_clear/street_clear_000017.jpg,0.0006952285766601562,False
/Users/aanyasingh/Projects/imagevalidation2/data/FloodingDataset2/processed_data/binary/train/non_flood/park_walkway/park_walkway_000269.jpg,0.0006910562515258789,False
/Users/aanyasingh/Projects/imagevalidation2/data/FloodingDataset2/processed_data/binary/train/non_flood/park_walkway/park_walkway_000376.jpg,0.0006906986236572266,False
/Users/aanyasingh/Projects/imagevalidation2/data/FloodingDataset2/processed_data/binary/train/non_flood/animal/animal_000243.jpg,0.0006886720657348633,False
/Users/aanyasingh/Projects/imagevalidation2/data/FloodingDataset2/processed_data/binary/train/non_flood/river/river_000389.jpg,0.0006885528564453125,False
/Users/aanyasingh/Projects/imagevalidation2/data/FloodingDataset2/processed_data/binary/train/non_flood/street_clear/street_clear_000186.jpg,0.000687718391418457,False
/Users/aanyasingh/Projects/imagevalidation2/data/FloodingDataset2/processed_data/binary/train/non_flood/street_clear/street_clear_000337.jpg,0.0006835460662841797,False
/Users/aanyasingh/Projects/imagevalidation2/data/FloodingDataset2/processed_data/binary/train/non_flood/street_clear/street_clear_000201.jpg,0.0006768703460693359,False
/Users/aanyasingh/Projects/imagevalidation2/data/FloodingDataset2/processed_data/binary/train/non_flood/building/building_000082.jpg,0.0006711483001708984,False
/Users/aanyasingh/Projects/imagevalidation2/data/FloodingDataset2/processed_data/binary/train/non_flood/street_clear/street_clear_000078.jpg,0.0006701946258544922,False
/Users/aanyasingh/Projects/imagevalidation2/data/FloodingDataset2/processed_data/binary/train/non_flood/street_clear/street_clear_000015.jpg,0.0006695985794067383,False
/Users/aanyasingh/Projects/imagevalidation2/data/FloodingDataset2/processed_data/binary/train/non_flood/building/building_000206.jpg,0.0006693601608276367,False
/Users/aanyasingh/Projects/imagevalidation2/data/FloodingDataset2/processed_data/binary/train/non_flood/vehicle/vehicle_000075.jpg,0.0006665587425231934,False
/Users/aanyasingh/Projects/imagevalidation2/data/FloodingDataset2/processed_data/binary/train/non_flood/animal/animal_000293.jpg,0.0006644129753112793,False
/Users/aanyasingh/Projects/imagevalidation2/data/FloodingDataset2/processed_data/binary/train/non_flood/vehicle/vehicle_000012.jpg,0.0006592869758605957,False
/Users/aanyasingh/Projects/imagevalidation2/data/FloodingDataset2/processed_data/binary/train/non_flood/river/river_000247.jpg,0.0006591677665710449,False
/Users/aanyasingh/Projects/imagevalidation2/data/FloodingDataset2/processed_data/binary/train/non_flood/building/building_000067.jpg,0.0006588101387023926,False
/Users/aanyasingh/Projects/imagevalidation2/data/FloodingDataset2/processed_data/binary/train/non_flood/park_walkway/park_walkway_000076.jpg,0.0006588101387023926,False
/Users/aanyasingh/Projects/imagevalidation2/data/FloodingDataset2/processed_data/binary/train/non_flood/vehicle/vehicle_000236.jpg,0.000658571720123291,False
/Users/aanyasingh/Projects/imagevalidation2/data/FloodingDataset2/processed_data/binary/train/non_flood/swimming_pool/swimming_pool_000064.jpg,0.0006545186042785645,False
/Users/aanyasingh/Projects/imagevalidation2/data/FloodingDataset2/processed_data/binary/train/non_flood/vehicle/vehicle_000024.jpg,0.0006493926048278809,False
/Users/aanyasingh/Projects/imagevalidation2/data/FloodingDataset2/processed_data/binary/train/non_flood/animal/animal_000177.jpg,0.0006476044654846191,False
/Users/aanyasingh/Projects/imagevalidation2/data/FloodingDataset2/processed_data/binary/train/non_flood/plant/plant_000107.jpg,0.0006456971168518066,False
/Users/aanyasingh/Projects/imagevalidation2/data/FloodingDataset2/processed_data/binary/train/non_flood/park_walkway/park_walkway_000041.jpg,0.0006454586982727051,False
/Users/aanyasingh/Projects/imagevalidation2/data/FloodingDataset2/processed_data/binary/train/non_flood/park_walkway/park_walkway_000035.jpg,0.0006453394889831543,False
/Users/aanyasingh/Projects/imagevalidation2/data/FloodingDataset2/processed_data/binary/train/non_flood/building/building_000167.jpg,0.0006441473960876465,False
/Users/aanyasingh/Projects/imagevalidation2/data/FloodingDataset2/processed_data/binary/train/non_flood/park_walkway/park_walkway_000172.jpg,0.000642240047454834,False
/Users/aanyasingh/Projects/imagevalidation2/data/FloodingDataset2/processed_data/binary/train/non_flood/park_walkway/park_walkway_000213.jpg,0.0006418824195861816,False
/Users/aanyasingh/Projects/imagevalidation2/data/FloodingDataset2/processed_data/binary/train/non_flood/animal/animal_000008.jpg,0.000640571117401123,False
/Users/aanyasingh/Projects/imagevalidation2/data/FloodingDataset2/processed_data/binary/train/non_flood/park_walkway/park_walkway_000235.jpg,0.0006403326988220215,False
/Users/aanyasingh/Projects/imagevalidation2/data/FloodingDataset2/processed_data/binary/train/non_flood/river/river_000208.jpg,0.0006402134895324707,False
/Users/aanyasingh/Projects/imagevalidation2/data/FloodingDataset2/processed_data/binary/train/non_flood/river/river_000121.jpg,0.0006340146064758301,False
/Users/aanyasingh/Projects/imagevalidation2/data/FloodingDataset2/processed_data/binary/train/non_flood/building/building_000128.jpg,0.0006321072578430176,False
/Users/aanyasingh/Projects/imagevalidation2/data/FloodingDataset2/processed_data/binary/train/non_flood/vehicle/vehicle_000180.jpg,0.0006316304206848145,False
/Users/aanyasingh/Projects/imagevalidation2/data/FloodingDataset2/processed_data/binary/train/non_flood/animal/animal_000152.jpg,0.0006306767463684082,False
/Users/aanyasingh/Projects/imagevalidation2/data/FloodingDataset2/processed_data/binary/train/non_flood/street_clear/street_clear_000222.jpg,0.0006298422813415527,False
/Users/aanyasingh/Projects/imagevalidation2/data/FloodingDataset2/processed_data/binary/train/non_flood/vehicle/vehicle_000142.jpg,0.0006292462348937988,False
/Users/aanyasingh/Projects/imagevalidation2/data/FloodingDataset2/processed_data/binary/train/non_flood/animal/animal_000001.jpg,0.0006241202354431152,False
/Users/aanyasingh/Projects/imagevalidation2/data/FloodingDataset2/processed_data/binary/train/non_flood/plant/plant_000157.jpg,0.0006204843521118164,False
/Users/aanyasingh/Projects/imagevalidation2/data/FloodingDataset2/processed_data/binary/train/non_flood/river/river_000095.jpg,0.0006139278411865234,False
/Users/aanyasingh/Projects/imagevalidation2/data/FloodingDataset2/processed_data/binary/train/non_flood/park_walkway/park_walkway_000320.jpg,0.0006127357482910156,False
/Users/aanyasingh/Projects/imagevalidation2/data/FloodingDataset2/processed_data/binary/train/non_flood/plant/plant_000025.jpg,0.0006108283996582031,False
/Users/aanyasingh/Projects/imagevalidation2/data/FloodingDataset2/processed_data/binary/train/non_flood/vehicle/vehicle_000223.jpg,0.0006103515625,False
/Users/aanyasingh/Projects/imagevalidation2/data/FloodingDataset2/processed_data/binary/train/non_flood/park_walkway/park_walkway_000103.jpg,0.000609278678894043,False
/Users/aanyasingh/Projects/imagevalidation2/data/FloodingDataset2/processed_data/binary/train/non_flood/building/building_000235.jpg,0.0006084442138671875,False
/Users/aanyasingh/Projects/imagevalidation2/data/FloodingDataset2/processed_data/binary/train/non_flood/park_walkway/park_walkway_000014.jpg,0.0006074905395507812,False
/Users/aanyasingh/Projects/imagevalidation2/data/FloodingDataset2/processed_data/binary/train/non_flood/street_clear/street_clear_000077.jpg,0.0006052255630493164,False
/Users/aanyasingh/Projects/imagevalidation2/data/FloodingDataset2/processed_data/binary/train/non_flood/plant/plant_000068.jpg,0.0006049871444702148,False
/Users/aanyasingh/Projects/imagevalidation2/data/FloodingDataset2/processed_data/binary/train/non_flood/building/building_000236.jpg,0.0006035566329956055,False
/Users/aanyasingh/Projects/imagevalidation2/data/FloodingDataset2/processed_data/binary/train/non_flood/street_clear/street_clear_000045.jpg,0.0006015300750732422,False
/Users/aanyasingh/Projects/imagevalidation2/data/FloodingDataset2/processed_data/binary/train/non_flood/river/river_000175.jpg,0.0005980730056762695,False
/Users/aanyasingh/Projects/imagevalidation2/data/FloodingDataset2/processed_data/binary/train/non_flood/park_walkway/park_walkway_000052.jpg,0.000594019889831543,False
/Users/aanyasingh/Projects/imagevalidation2/data/FloodingDataset2/processed_data/binary/train/non_flood/animal/animal_000281.jpg,0.0005909204483032227,False
/Users/aanyasingh/Projects/imagevalidation2/data/FloodingDataset2/processed_data/binary/train/non_flood/river/river_000006.jpg,0.0005898475646972656,False
/Users/aanyasingh/Projects/imagevalidation2/data/FloodingDataset2/processed_data/binary/train/non_flood/park_walkway/park_walkway_000265.jpg,0.0005884170532226562,False
/Users/aanyasingh/Projects/imagevalidation2/data/FloodingDataset2/processed_data/binary/train/non_flood/park_walkway/park_walkway_000156.jpg,0.0005879402160644531,False
/Users/aanyasingh/Projects/imagevalidation2/data/FloodingDataset2/processed_data/binary/train/non_flood/vehicle/vehicle_000097.jpg,0.0005878210067749023,False
/Users/aanyasingh/Projects/imagevalidation2/data/FloodingDataset2/processed_data/binary/train/non_flood/building/building_000091.jpg,0.0005834102630615234,False
/Users/aanyasingh/Projects/imagevalidation2/data/FloodingDataset2/processed_data/binary/train/non_flood/vehicle/vehicle_000083.jpg,0.0005810260772705078,False
/Users/aanyasingh/Projects/imagevalidation2/data/FloodingDataset2/processed_data/binary/train/non_flood/swimming_pool/swimming_pool_000074.jpg,0.0005788803100585938,False
/Users/aanyasingh/Projects/imagevalidation2/data/FloodingDataset2/processed_data/binary/train/non_flood/street_clear/street_clear_000296.jpg,0.0005743503570556641,False
/Users/aanyasingh/Projects/imagevalidation2/data/FloodingDataset2/processed_data/binary/train/non_flood/park_walkway/park_walkway_000383.jpg,0.0005725622177124023,False
/Users/aanyasingh/Projects/imagevalidation2/data/FloodingDataset2/processed_data/binary/train/non_flood/building/building_000285.jpg,0.000569760799407959,False
/Users/aanyasingh/Projects/imagevalidation2/data/FloodingDataset2/processed_data/binary/train/non_flood/animal/animal_000239.jpg,0.0005694031715393066,False
/Users/aanyasingh/Projects/imagevalidation2/data/FloodingDataset2/processed_data/binary/train/non_flood/park_walkway/park_walkway_000095.jpg,0.0005674958229064941,False
/Users/aanyasingh/Projects/imagevalidation2/data/FloodingDataset2/processed_data/binary/train/non_flood/street_clear/street_clear_000450.jpg,0.0005666613578796387,False
/Users/aanyasingh/Projects/imagevalidation2/data/FloodingDataset2/processed_data/binary/train/non_flood/street_clear/street_clear_000086.jpg,0.0005661845207214355,False
/Users/aanyasingh/Projects/imagevalidation2/data/FloodingDataset2/processed_data/binary/train/non_flood/park_walkway/park_walkway_000401.jpg,0.0005634427070617676,False
/Users/aanyasingh/Projects/imagevalidation2/data/FloodingDataset2/processed_data/binary/train/non_flood/park_walkway/park_walkway_000120.jpg,0.0005633234977722168,False
/Users/aanyasingh/Projects/imagevalidation2/data/FloodingDataset2/processed_data/binary/train/non_flood/river/river_000142.jpg,0.000563204288482666,False
/Users/aanyasingh/Projects/imagevalidation2/data/FloodingDataset2/processed_data/binary/train/non_flood/building/building_000133.jpg,0.0005607008934020996,False
/Users/aanyasingh/Projects/imagevalidation2/data/FloodingDataset2/processed_data/binary/train/non_flood/building/building_000065.jpg,0.0005597472190856934,False
/Users/aanyasingh/Projects/imagevalidation2/data/FloodingDataset2/processed_data/binary/train/non_flood/street_clear/street_clear_000064.jpg,0.0005597472190856934,False
/Users/aanyasingh/Projects/imagevalidation2/data/FloodingDataset2/processed_data/binary/train/non_flood/vehicle/vehicle_000147.jpg,0.0005596280097961426,False
/Users/aanyasingh/Projects/imagevalidation2/data/FloodingDataset2/processed_data/binary/train/non_flood/building/building_000110.jpg,0.0005591511726379395,False
/Users/aanyasingh/Projects/imagevalidation2/data/FloodingDataset2/processed_data/binary/train/non_flood/plant/plant_000141.jpg,0.000558316707611084,False
/Users/aanyasingh/Projects/imagevalidation2/data/FloodingDataset2/processed_data/binary/train/non_flood/park_walkway/park_walkway_000078.jpg,0.0005561709403991699,False
/Users/aanyasingh/Projects/imagevalidation2/data/FloodingDataset2/processed_data/binary/train/non_flood/vehicle/vehicle_000086.jpg,0.0005546212196350098,False
/Users/aanyasingh/Projects/imagevalidation2/data/FloodingDataset2/processed_data/binary/train/non_flood/park_walkway/park_walkway_000209.jpg,0.0005539059638977051,False
/Users/aanyasingh/Projects/imagevalidation2/data/FloodingDataset2/processed_data/binary/train/non_flood/river/river_000322.jpg,0.0005493760108947754,False
/Users/aanyasingh/Projects/imagevalidation2/data/FloodingDataset2/processed_data/binary/train/non_flood/vehicle/vehicle_000122.jpg,0.000537574291229248,False
/Users/aanyasingh/Projects/imagevalidation2/data/FloodingDataset2/processed_data/binary/train/non_flood/river/river_000077.jpg,0.0005372166633605957,False
/Users/aanyasingh/Projects/imagevalidation2/data/FloodingDataset2/processed_data/binary/train/non_flood/plant/plant_000145.jpg,0.0005359053611755371,False
/Users/aanyasingh/Projects/imagevalidation2/data/FloodingDataset2/processed_data/binary/train/non_flood/street_clear/street_clear_000303.jpg,0.0005357861518859863,False
/Users/aanyasingh/Projects/imagevalidation2/data/FloodingDataset2/processed_data/binary/train/non_flood/street_clear/street_clear_000035.jpg,0.0005332827568054199,False
/Users/aanyasingh/Projects/imagevalidation2/data/FloodingDataset2/processed_data/binary/train/non_flood/street_clear/street_clear_000488.jpg,0.0005255341529846191,False
/Users/aanyasingh/Projects/imagevalidation2/data/FloodingDataset2/processed_data/binary/train/non_flood/building/building_000150.jpg,0.0005233883857727051,False
/Users/aanyasingh/Projects/imagevalidation2/data/FloodingDataset2/processed_data/binary/train/non_flood/park_walkway/park_walkway_000299.jpg,0.0005218386650085449,False
/Users/aanyasingh/Projects/imagevalidation2/data/FloodingDataset2/processed_data/binary/train/non_flood/vehicle/vehicle_000103.jpg,0.0005210041999816895,False
/Users/aanyasingh/Projects/imagevalidation2/data/FloodingDataset2/processed_data/binary/train/non_flood/animal/animal_000231.jpg,0.000519096851348877,False
/Users/aanyasingh/Projects/imagevalidation2/data/FloodingDataset2/processed_data/binary/train/non_flood/park_walkway/park_walkway_000233.jpg,0.0005188584327697754,False
/Users/aanyasingh/Projects/imagevalidation2/data/FloodingDataset2/processed_data/binary/train/non_flood/park_walkway/park_walkway_000294.jpg,0.0005173683166503906,False
/Users/aanyasingh/Projects/imagevalidation2/data/FloodingDataset2/processed_data/binary/train/non_flood/river/river_000096.jpg,0.0005147457122802734,False
/Users/aanyasingh/Projects/imagevalidation2/data/FloodingDataset2/processed_data/binary/train/non_flood/street_clear/street_clear_000430.jpg,0.0005134344100952148,False
/Users/aanyasingh/Projects/imagevalidation2/data/FloodingDataset2/processed_data/binary/train/non_flood/river/river_000308.jpg,0.0005128383636474609,False
/Users/aanyasingh/Projects/imagevalidation2/data/FloodingDataset2/processed_data/binary/train/non_flood/street_clear/street_clear_000239.jpg,0.0005098581314086914,False
/Users/aanyasingh/Projects/imagevalidation2/data/FloodingDataset2/processed_data/binary/train/non_flood/vehicle/vehicle_000165.jpg,0.0005053281784057617,False
/Users/aanyasingh/Projects/imagevalidation2/data/FloodingDataset2/processed_data/binary/train/non_flood/park_walkway/park_walkway_000062.jpg,0.0005028247833251953,False
/Users/aanyasingh/Projects/imagevalidation2/data/FloodingDataset2/processed_data/binary/train/non_flood/vehicle/vehicle_000201.jpg,0.0005011558532714844,False
/Users/aanyasingh/Projects/imagevalidation2/data/FloodingDataset2/processed_data/binary/train/non_flood/street_clear/street_clear_000320.jpg,0.0004999637603759766,False
/Users/aanyasingh/Projects/imagevalidation2/data/FloodingDataset2/processed_data/binary/train/non_flood/park_walkway/park_walkway_000004.jpg,0.0004998445510864258,False
/Users/aanyasingh/Projects/imagevalidation2/data/FloodingDataset2/processed_data/binary/train/non_flood/street_clear/street_clear_000119.jpg,0.0004991292953491211,False
/Users/aanyasingh/Projects/imagevalidation2/data/FloodingDataset2/processed_data/binary/train/non_flood/plant/plant_000029.jpg,0.0004967451095581055,False
/Users/aanyasingh/Projects/imagevalidation2/data/FloodingDataset2/processed_data/binary/train/non_flood/animal/animal_000139.jpg,0.0004929304122924805,False
/Users/aanyasingh/Projects/imagevalidation2/data/FloodingDataset2/processed_data/binary/train/non_flood/animal/animal_000016.jpg,0.0004925727844238281,False
/Users/aanyasingh/Projects/imagevalidation2/data/FloodingDataset2/processed_data/binary/train/non_flood/river/river_000015.jpg,0.0004905462265014648,False
/Users/aanyasingh/Projects/imagevalidation2/data/FloodingDataset2/processed_data/binary/train/non_flood/street_clear/street_clear_000504.jpg,0.0004895925521850586,False
/Users/aanyasingh/Projects/imagevalidation2/data/FloodingDataset2/processed_data/binary/train/non_flood/street_clear/street_clear_000281.jpg,0.0004891157150268555,False
/Users/aanyasingh/Projects/imagevalidation2/data/FloodingDataset2/processed_data/binary/train/non_flood/animal/animal_000150.jpg,0.00048804283142089844,False
/Users/aanyasingh/Projects/imagevalidation2/data/FloodingDataset2/processed_data/binary/train/non_flood/vehicle/vehicle_000230.jpg,0.00048792362213134766,False
/Users/aanyasingh/Projects/imagevalidation2/data/FloodingDataset2/processed_data/binary/train/non_flood/animal/animal_000162.jpg,0.0004868507385253906,False
/Users/aanyasingh/Projects/imagevalidation2/data/FloodingDataset2/processed_data/binary/train/non_flood/animal/animal_000055.jpg,0.0004862546920776367,False
/Users/aanyasingh/Projects/imagevalidation2/data/FloodingDataset2/processed_data/binary/train/non_flood/park_walkway/park_walkway_000264.jpg,0.00048482418060302734,False
/Users/aanyasingh/Projects/imagevalidation2/data/FloodingDataset2/processed_data/binary/train/non_flood/street_clear/street_clear_000254.jpg,0.0004805326461791992,False
/Users/aanyasingh/Projects/imagevalidation2/data/FloodingDataset2/processed_data/binary/train/non_flood/river/river_000265.jpg,0.0004780292510986328,False
/Users/aanyasingh/Projects/imagevalidation2/data/FloodingDataset2/processed_data/binary/train/non_flood/park_walkway/park_walkway_000016.jpg,0.00047791004180908203,False
/Users/aanyasingh/Projects/imagevalidation2/data/FloodingDataset2/processed_data/binary/train/non_flood/river/river_000219.jpg,0.00047588348388671875,False
/Users/aanyasingh/Projects/imagevalidation2/data/FloodingDataset2/processed_data/binary/train/non_flood/animal/animal_000291.jpg,0.0004730224609375,False
/Users/aanyasingh/Projects/imagevalidation2/data/FloodingDataset2/processed_data/binary/train/non_flood/animal/animal_000265.jpg,0.00047278404235839844,False
/Users/aanyasingh/Projects/imagevalidation2/data/FloodingDataset2/processed_data/binary/train/non_flood/street_clear/street_clear_000032.jpg,0.00047147274017333984,False
/Users/aanyasingh/Projects/imagevalidation2/data/FloodingDataset2/processed_data/binary/train/non_flood/park_walkway/park_walkway_000087.jpg,0.00047135353088378906,False
/Users/aanyasingh/Projects/imagevalidation2/data/FloodingDataset2/processed_data/binary/train/non_flood/park_walkway/park_walkway_000159.jpg,0.0004711151123046875,False
/Users/aanyasingh/Projects/imagevalidation2/data/FloodingDataset2/processed_data/binary/train/non_flood/street_clear/street_clear_000373.jpg,0.00047028064727783203,False
/Users/aanyasingh/Projects/imagevalidation2/data/FloodingDataset2/processed_data/binary/train/non_flood/plant/plant_000028.jpg,0.00047016143798828125,False
/Users/aanyasingh/Projects/imagevalidation2/data/FloodingDataset2/processed_data/binary/train/non_flood/street_clear/street_clear_000531.jpg,0.0004673004150390625,False
/Users/aanyasingh/Projects/imagevalidation2/data/FloodingDataset2/processed_data/binary/train/non_flood/street_clear/street_clear_000131.jpg,0.00046622753143310547,False
/Users/aanyasingh/Projects/imagevalidation2/data/FloodingDataset2/processed_data/binary/train/non_flood/vehicle/vehicle_000188.jpg,0.00046622753143310547,False
/Users/aanyasingh/Projects/imagevalidation2/data/FloodingDataset2/processed_data/binary/train/non_flood/street_clear/street_clear_000477.jpg,0.0004652738571166992,False
/Users/aanyasingh/Projects/imagevalidation2/data/FloodingDataset2/processed_data/binary/train/non_flood/building/building_000241.jpg,0.00046372413635253906,False
/Users/aanyasingh/Projects/imagevalidation2/data/FloodingDataset2/processed_data/binary/train/non_flood/building/building_000078.jpg,0.00046324729919433594,False
/Users/aanyasingh/Projects/imagevalidation2/data/FloodingDataset2/processed_data/binary/train/non_flood/street_clear/street_clear_000095.jpg,0.00046312808990478516,False
/Users/aanyasingh/Projects/imagevalidation2/data/FloodingDataset2/processed_data/binary/train/non_flood/animal/animal_000165.jpg,0.0004628896713256836,False
/Users/aanyasingh/Projects/imagevalidation2/data/FloodingDataset2/processed_data/binary/train/non_flood/street_clear/street_clear_000228.jpg,0.0004601478576660156,False
/Users/aanyasingh/Projects/imagevalidation2/data/FloodingDataset2/processed_data/binary/train/non_flood/park_walkway/park_walkway_000060.jpg,0.0004583597183227539,False
/Users/aanyasingh/Projects/imagevalidation2/data/FloodingDataset2/processed_data/binary/train/non_flood/animal/animal_000262.jpg,0.00045692920684814453,False
/Users/aanyasingh/Projects/imagevalidation2/data/FloodingDataset2/processed_data/binary/train/non_flood/street_clear/street_clear_000053.jpg,0.00045627355575561523,False
/Users/aanyasingh/Projects/imagevalidation2/data/FloodingDataset2/processed_data/binary/train/non_flood/swimming_pool/swimming_pool_000051.jpg,0.0004494786262512207,False
/Users/aanyasingh/Projects/imagevalidation2/data/FloodingDataset2/processed_data/binary/train/non_flood/park_walkway/park_walkway_000288.jpg,0.00044864416122436523,False
/Users/aanyasingh/Projects/imagevalidation2/data/FloodingDataset2/processed_data/binary/train/non_flood/park_walkway/park_walkway_000137.jpg,0.0004451870918273926,False
/Users/aanyasingh/Projects/imagevalidation2/data/FloodingDataset2/processed_data/binary/train/non_flood/building/building_000049.jpg,0.0004450678825378418,False
/Users/aanyasingh/Projects/imagevalidation2/data/FloodingDataset2/processed_data/binary/train/non_flood/animal/animal_000288.jpg,0.0004406571388244629,False
/Users/aanyasingh/Projects/imagevalidation2/data/FloodingDataset2/processed_data/binary/train/non_flood/street_clear/street_clear_000434.jpg,0.00043886899948120117,False
/Users/aanyasingh/Projects/imagevalidation2/data/FloodingDataset2/processed_data/binary/train/non_flood/park_walkway/park_walkway_000027.jpg,0.0004360079765319824,False
/Users/aanyasingh/Projects/imagevalidation2/data/FloodingDataset2/processed_data/binary/train/non_flood/park_walkway/park_walkway_000067.jpg,0.00043255090713500977,False
/Users/aanyasingh/Projects/imagevalidation2/data/FloodingDataset2/processed_data/binary/train/non_flood/park_walkway/park_walkway_000084.jpg,0.0004317164421081543,False
/Users/aanyasingh/Projects/imagevalidation2/data/FloodingDataset2/processed_data/binary/train/non_flood/swimming_pool/swimming_pool_000060.jpg,0.00042933225631713867,False
/Users/aanyasingh/Projects/imagevalidation2/data/FloodingDataset2/processed_data/binary/train/non_flood/park_walkway/park_walkway_000387.jpg,0.0004283785820007324,False
/Users/aanyasingh/Projects/imagevalidation2/data/FloodingDataset2/processed_data/binary/train/non_flood/street_clear/street_clear_000279.jpg,0.00042814016342163086,False
/Users/aanyasingh/Projects/imagevalidation2/data/FloodingDataset2/processed_data/binary/train/non_flood/plant/plant_000045.jpg,0.0004277825355529785,False
/Users/aanyasingh/Projects/imagevalidation2/data/FloodingDataset2/processed_data/binary/train/non_flood/street_clear/street_clear_000236.jpg,0.0004267096519470215,False
/Users/aanyasingh/Projects/imagevalidation2/data/FloodingDataset2/processed_data/binary/train/non_flood/vehicle/vehicle_000166.jpg,0.0004265904426574707,False
/Users/aanyasingh/Projects/imagevalidation2/data/FloodingDataset2/processed_data/binary/train/non_flood/plant/plant_000059.jpg,0.0004228949546813965,False
/Users/aanyasingh/Projects/imagevalidation2/data/FloodingDataset2/processed_data/binary/train/non_flood/plant/plant_000118.jpg,0.00042170286178588867,False
/Users/aanyasingh/Projects/imagevalidation2/data/FloodingDataset2/processed_data/binary/train/non_flood/plant/plant_000113.jpg,0.0004203915596008301,False
/Users/aanyasingh/Projects/imagevalidation2/data/FloodingDataset2/processed_data/binary/train/non_flood/park_walkway/park_walkway_000236.jpg,0.0004184842109680176,False
/Users/aanyasingh/Projects/imagevalidation2/data/FloodingDataset2/processed_data/binary/train/non_flood/plant/plant_000054.jpg,0.00041538476943969727,False
/Users/aanyasingh/Projects/imagevalidation2/data/FloodingDataset2/processed_data/binary/train/non_flood/vehicle/vehicle_000076.jpg,0.0004125237464904785,False
/Users/aanyasingh/Projects/imagevalidation2/data/FloodingDataset2/processed_data/binary/train/non_flood/vehicle/vehicle_000077.jpg,0.0004093050956726074,False
/Users/aanyasingh/Projects/imagevalidation2/data/FloodingDataset2/processed_data/binary/train/non_flood/vehicle/vehicle_000177.jpg,0.0004062056541442871,False
/Users/aanyasingh/Projects/imagevalidation2/data/FloodingDataset2/processed_data/binary/train/non_flood/street_clear/street_clear_000570.jpg,0.0004032254219055176,False
/Users/aanyasingh/Projects/imagevalidation2/data/FloodingDataset2/processed_data/binary/train/non_flood/street_clear/street_clear_000389.jpg,0.00040227174758911133,False
/Users/aanyasingh/Projects/imagevalidation2/data/FloodingDataset2/processed_data/binary/train/non_flood/street_clear/street_clear_000293.jpg,0.0004004836082458496,False
/Users/aanyasingh/Projects/imagevalidation2/data/FloodingDataset2/processed_data/binary/train/non_flood/street_clear/street_clear_000416.jpg,0.00039893388748168945,False
/Users/aanyasingh/Projects/imagevalidation2/data/FloodingDataset2/processed_data/binary/train/non_flood/building/building_000154.jpg,0.0003975033760070801,False
/Users/aanyasingh/Projects/imagevalidation2/data/FloodingDataset2/processed_data/binary/train/non_flood/building/building_000155.jpg,0.000394284725189209,False
/Users/aanyasingh/Projects/imagevalidation2/data/FloodingDataset2/processed_data/binary/train/non_flood/street_clear/street_clear_000340.jpg,0.00039333105087280273,False
/Users/aanyasingh/Projects/imagevalidation2/data/FloodingDataset2/processed_data/binary/train/non_flood/street_clear/street_clear_000083.jpg,0.0003909468650817871,False
/Users/aanyasingh/Projects/imagevalidation2/data/FloodingDataset2/processed_data/binary/train/non_flood/building/building_000027.jpg,0.00039082765579223633,False
/Users/aanyasingh/Projects/imagevalidation2/data/FloodingDataset2/processed_data/binary/train/non_flood/swimming_pool/swimming_pool_000012.jpg,0.0003903508186340332,False
/Users/aanyasingh/Projects/imagevalidation2/data/FloodingDataset2/processed_data/binary/train/non_flood/street_clear/street_clear_000458.jpg,0.00038939714431762695,False
/Users/aanyasingh/Projects/imagevalidation2/data/FloodingDataset2/processed_data/binary/train/non_flood/swimming_pool/swimming_pool_000054.jpg,0.00038927793502807617,False
/Users/aanyasingh/Projects/imagevalidation2/data/FloodingDataset2/processed_data/binary/train/non_flood/plant/plant_000089.jpg,0.00038880109786987305,False
/Users/aanyasingh/Projects/imagevalidation2/data/FloodingDataset2/processed_data/binary/train/non_flood/swimming_pool/swimming_pool_000005.jpg,0.000387728214263916,False
/Users/aanyasingh/Projects/imagevalidation2/data/FloodingDataset2/processed_data/binary/train/non_flood/building/building_000098.jpg,0.00038564205169677734,False
/Users/aanyasingh/Projects/imagevalidation2/data/FloodingDataset2/processed_data/binary/train/non_flood/park_walkway/park_walkway_000063.jpg,0.00038552284240722656,False
/Users/aanyasingh/Projects/imagevalidation2/data/FloodingDataset2/processed_data/binary/train/non_flood/park_walkway/park_walkway_000031.jpg,0.000385284423828125,False
/Users/aanyasingh/Projects/imagevalidation2/data/FloodingDataset2/processed_data/binary/train/non_flood/street_clear/street_clear_000270.jpg,0.00038492679595947266,False
/Users/aanyasingh/Projects/imagevalidation2/data/FloodingDataset2/processed_data/binary/train/non_flood/building/building_000051.jpg,0.0003826618194580078,False
/Users/aanyasingh/Projects/imagevalidation2/data/FloodingDataset2/processed_data/binary/train/non_flood/park_walkway/park_walkway_000371.jpg,0.0003796815872192383,False
/Users/aanyasingh/Projects/imagevalidation2/data/FloodingDataset2/processed_data/binary/train/non_flood/street_clear/street_clear_000445.jpg,0.0003790855407714844,False
/Users/aanyasingh/Projects/imagevalidation2/data/FloodingDataset2/processed_data/binary/train/non_flood/plant/plant_000081.jpg,0.000377655029296875,False
/Users/aanyasingh/Projects/imagevalidation2/data/FloodingDataset2/processed_data/binary/train/non_flood/park_walkway/park_walkway_000146.jpg,0.00037658214569091797,False
/Users/aanyasingh/Projects/imagevalidation2/data/FloodingDataset2/processed_data/binary/train/non_flood/building/building_000201.jpg,0.0003732442855834961,False
/Users/aanyasingh/Projects/imagevalidation2/data/FloodingDataset2/processed_data/binary/train/non_flood/animal/animal_000049.jpg,0.0003726482391357422,False
/Users/aanyasingh/Projects/imagevalidation2/data/FloodingDataset2/processed_data/binary/train/non_flood/street_clear/street_clear_000552.jpg,0.00037157535552978516,False
/Users/aanyasingh/Projects/imagevalidation2/data/FloodingDataset2/processed_data/binary/train/non_flood/vehicle/vehicle_000121.jpg,0.0003687143325805664,False
/Users/aanyasingh/Projects/imagevalidation2/data/FloodingDataset2/processed_data/binary/train/non_flood/park_walkway/park_walkway_000102.jpg,0.00036847591400146484,False
/Users/aanyasingh/Projects/imagevalidation2/data/FloodingDataset2/processed_data/binary/train/non_flood/vehicle/vehicle_000184.jpg,0.00036704540252685547,False
/Users/aanyasingh/Projects/imagevalidation2/data/FloodingDataset2/processed_data/binary/train/non_flood/building/building_000168.jpg,0.0003660917282104492,False
/Users/aanyasingh/Projects/imagevalidation2/data/FloodingDataset2/processed_data/binary/train/non_flood/river/river_000200.jpg,0.0003654956817626953,False
/Users/aanyasingh/Projects/imagevalidation2/data/FloodingDataset2/processed_data/binary/train/non_flood/vehicle/vehicle_000222.jpg,0.00036263465881347656,False
/Users/aanyasingh/Projects/imagevalidation2/data/FloodingDataset2/processed_data/binary/train/non_flood/park_walkway/park_walkway_000343.jpg,0.00036203861236572266,False
/Users/aanyasingh/Projects/imagevalidation2/data/FloodingDataset2/processed_data/binary/train/non_flood/street_clear/street_clear_000553.jpg,0.00035750865936279297,False
/Users/aanyasingh/Projects/imagevalidation2/data/FloodingDataset2/processed_data/binary/train/non_flood/river/river_000234.jpg,0.00035691261291503906,False
/Users/aanyasingh/Projects/imagevalidation2/data/FloodingDataset2/processed_data/binary/train/non_flood/park_walkway/park_walkway_000037.jpg,0.0003546476364135742,False
/Users/aanyasingh/Projects/imagevalidation2/data/FloodingDataset2/processed_data/binary/train/non_flood/park_walkway/park_walkway_000093.jpg,0.0003546476364135742,False
/Users/aanyasingh/Projects/imagevalidation2/data/FloodingDataset2/processed_data/binary/train/non_flood/vehicle/vehicle_000028.jpg,0.0003542900085449219,False
/Users/aanyasingh/Projects/imagevalidation2/data/FloodingDataset2/processed_data/binary/train/non_flood/street_clear/street_clear_000101.jpg,0.0003522634506225586,False
/Users/aanyasingh/Projects/imagevalidation2/data/FloodingDataset2/processed_data/binary/train/non_flood/animal/animal_000033.jpg,0.0003504753112792969,False
/Users/aanyasingh/Projects/imagevalidation2/data/FloodingDataset2/processed_data/binary/train/non_flood/street_clear/street_clear_000079.jpg,0.0003466606140136719,False
/Users/aanyasingh/Projects/imagevalidation2/data/FloodingDataset2/processed_data/binary/train/non_flood/street_clear/street_clear_000393.jpg,0.0003452301025390625,False
/Users/aanyasingh/Projects/imagevalidation2/data/FloodingDataset2/processed_data/binary/train/non_flood/park_walkway/park_walkway_000065.jpg,0.00034356117248535156,False
/Users/aanyasingh/Projects/imagevalidation2/data/FloodingDataset2/processed_data/binary/train/non_flood/street_clear/street_clear_000014.jpg,0.0003407001495361328,False
/Users/aanyasingh/Projects/imagevalidation2/data/FloodingDataset2/processed_data/binary/train/non_flood/animal/animal_000238.jpg,0.0003376007080078125,False
/Users/aanyasingh/Projects/imagevalidation2/data/FloodingDataset2/processed_data/binary/train/non_flood/street_clear/street_clear_000211.jpg,0.0003374814987182617,False
/Users/aanyasingh/Projects/imagevalidation2/data/FloodingDataset2/processed_data/binary/train/non_flood/park_walkway/park_walkway_000406.jpg,0.0003342628479003906,False
/Users/aanyasingh/Projects/imagevalidation2/data/FloodingDataset2/processed_data/binary/train/non_flood/vehicle/vehicle_000048.jpg,0.00033271312713623047,False
/Users/aanyasingh/Projects/imagevalidation2/data/FloodingDataset2/processed_data/binary/train/non_flood/animal/animal_000195.jpg,0.0003311634063720703,False
/Users/aanyasingh/Projects/imagevalidation2/data/FloodingDataset2/processed_data/binary/train/non_flood/building/building_000176.jpg,0.0003311634063720703,False
/Users/aanyasingh/Projects/imagevalidation2/data/FloodingDataset2/processed_data/binary/train/non_flood/park_walkway/park_walkway_000348.jpg,0.00033092498779296875,False
/Users/aanyasingh/Projects/imagevalidation2/data/FloodingDataset2/processed_data/binary/train/non_flood/building/building_000202.jpg,0.0003304481506347656,False
/Users/aanyasingh/Projects/imagevalidation2/data/FloodingDataset2/processed_data/binary/train/non_flood/park_walkway/park_walkway_000005.jpg,0.0003292560577392578,False
/Users/aanyasingh/Projects/imagevalidation2/data/FloodingDataset2/processed_data/binary/train/non_flood/animal/animal_000219.jpg,0.0003274679183959961,False
/Users/aanyasingh/Projects/imagevalidation2/data/FloodingDataset2/processed_data/binary/train/non_flood/plant/plant_000042.jpg,0.0003274679183959961,False
/Users/aanyasingh/Projects/imagevalidation2/data/FloodingDataset2/processed_data/binary/train/non_flood/vehicle/vehicle_000058.jpg,0.00032591819763183594,False
/Users/aanyasingh/Projects/imagevalidation2/data/FloodingDataset2/processed_data/binary/train/non_flood/street_clear/street_clear_000420.jpg,0.0003255605697631836,False
/Users/aanyasingh/Projects/imagevalidation2/data/FloodingDataset2/processed_data/binary/train/non_flood/park_walkway/park_walkway_000341.jpg,0.0003236532211303711,False
/Users/aanyasingh/Projects/imagevalidation2/data/FloodingDataset2/processed_data/binary/train/non_flood/street_clear/street_clear_000118.jpg,0.0003235340118408203,False
/Users/aanyasingh/Projects/imagevalidation2/data/FloodingDataset2/processed_data/binary/train/non_flood/park_walkway/park_walkway_000338.jpg,0.00032269954681396484,False
/Users/aanyasingh/Projects/imagevalidation2/data/FloodingDataset2/processed_data/binary/train/non_flood/animal/animal_000045.jpg,0.0003192424774169922,False
/Users/aanyasingh/Projects/imagevalidation2/data/FloodingDataset2/processed_data/binary/train/non_flood/river/river_000128.jpg,0.0003159046173095703,False
/Users/aanyasingh/Projects/imagevalidation2/data/FloodingDataset2/processed_data/binary/train/non_flood/park_walkway/park_walkway_000168.jpg,0.0003147125244140625,False
/Users/aanyasingh/Projects/imagevalidation2/data/FloodingDataset2/processed_data/binary/train/non_flood/building/building_000018.jpg,0.0003139972686767578,False
/Users/aanyasingh/Projects/imagevalidation2/data/FloodingDataset2/processed_data/binary/train/non_flood/swimming_pool/swimming_pool_000094.jpg,0.00031316280364990234,False
/Users/aanyasingh/Projects/imagevalidation2/data/FloodingDataset2/processed_data/binary/train/non_flood/street_clear/street_clear_000174.jpg,0.0003122091293334961,False
/Users/aanyasingh/Projects/imagevalidation2/data/FloodingDataset2/processed_data/binary/train/non_flood/plant/plant_000174.jpg,0.0003114938735961914,False
/Users/aanyasingh/Projects/imagevalidation2/data/FloodingDataset2/processed_data/binary/train/non_flood/plant/plant_000058.jpg,0.00031125545501708984,False
/Users/aanyasingh/Projects/imagevalidation2/data/FloodingDataset2/processed_data/binary/train/non_flood/vehicle/vehicle_000143.jpg,0.00031065940856933594,False
/Users/aanyasingh/Projects/imagevalidation2/data/FloodingDataset2/processed_data/binary/train/non_flood/swimming_pool/swimming_pool_000006.jpg,0.0003101825714111328,False
/Users/aanyasingh/Projects/imagevalidation2/data/FloodingDataset2/processed_data/binary/train/non_flood/street_clear/street_clear_000545.jpg,0.0003077983856201172,False
/Users/aanyasingh/Projects/imagevalidation2/data/FloodingDataset2/processed_data/binary/train/non_flood/animal/animal_000256.jpg,0.00030684471130371094,False
/Users/aanyasingh/Projects/imagevalidation2/data/FloodingDataset2/processed_data/binary/train/non_flood/street_clear/street_clear_000464.jpg,0.00030624866485595703,False
/Users/aanyasingh/Projects/imagevalidation2/data/FloodingDataset2/processed_data/binary/train/non_flood/street_clear/street_clear_000427.jpg,0.0003058910369873047,False
/Users/aanyasingh/Projects/imagevalidation2/data/FloodingDataset2/processed_data/binary/train/non_flood/park_walkway/park_walkway_000352.jpg,0.00030481815338134766,False
/Users/aanyasingh/Projects/imagevalidation2/data/FloodingDataset2/processed_data/binary/train/non_flood/park_walkway/park_walkway_000217.jpg,0.00030243396759033203,False
/Users/aanyasingh/Projects/imagevalidation2/data/FloodingDataset2/processed_data/binary/train/non_flood/building/building_000266.jpg,0.00029724836349487305,False
/Users/aanyasingh/Projects/imagevalidation2/data/FloodingDataset2/processed_data/binary/train/non_flood/vehicle/vehicle_000051.jpg,0.0002968907356262207,False
/Users/aanyasingh/Projects/imagevalidation2/data/FloodingDataset2/processed_data/binary/train/non_flood/animal/animal_000202.jpg,0.0002955794334411621,False
/Users/aanyasingh/Projects/imagevalidation2/data/FloodingDataset2/processed_data/binary/train/non_flood/street_clear/street_clear_000314.jpg,0.00029522180557250977,False
/Users/aanyasingh/Projects/imagevalidation2/data/FloodingDataset2/processed_data/binary/train/non_flood/plant/plant_000115.jpg,0.0002930760383605957,False
/Users/aanyasingh/Projects/imagevalidation2/data/FloodingDataset2/processed_data/binary/train/non_flood/swimming_pool/swimming_pool_000015.jpg,0.00029224157333374023,False
/Users/aanyasingh/Projects/imagevalidation2/data/FloodingDataset2/processed_data/binary/train/non_flood/street_clear/street_clear_000405.jpg,0.00028783082962036133,False
/Users/aanyasingh/Projects/imagevalidation2/data/FloodingDataset2/processed_data/binary/train/non_flood/park_walkway/park_walkway_000148.jpg,0.0002860426902770996,False
/Users/aanyasingh/Projects/imagevalidation2/data/FloodingDataset2/processed_data/binary/train/non_flood/park_walkway/park_walkway_000245.jpg,0.00028461217880249023,False
/Users/aanyasingh/Projects/imagevalidation2/data/FloodingDataset2/processed_data/binary/train/non_flood/animal/animal_000044.jpg,0.00028377771377563477,False
/Users/aanyasingh/Projects/imagevalidation2/data/FloodingDataset2/processed_data/binary/train/non_flood/plant/plant_000130.jpg,0.0002823472023010254,False
/Users/aanyasingh/Projects/imagevalidation2/data/FloodingDataset2/processed_data/binary/train/non_flood/building/building_000262.jpg,0.0002822279930114746,False
/Users/aanyasingh/Projects/imagevalidation2/data/FloodingDataset2/processed_data/binary/train/non_flood/street_clear/street_clear_000003.jpg,0.000280916690826416,False
/Users/aanyasingh/Projects/imagevalidation2/data/FloodingDataset2/processed_data/binary/train/non_flood/park_walkway/park_walkway_000116.jpg,0.0002803206443786621,False
/Users/aanyasingh/Projects/imagevalidation2/data/FloodingDataset2/processed_data/binary/train/non_flood/street_clear/street_clear_000143.jpg,0.0002797245979309082,False
/Users/aanyasingh/Projects/imagevalidation2/data/FloodingDataset2/processed_data/binary/train/non_flood/street_clear/street_clear_000274.jpg,0.00027936697006225586,False
/Users/aanyasingh/Projects/imagevalidation2/data/FloodingDataset2/processed_data/binary/train/non_flood/plant/plant_000117.jpg,0.00027829408645629883,False
/Users/aanyasingh/Projects/imagevalidation2/data/FloodingDataset2/processed_data/binary/train/non_flood/park_walkway/park_walkway_000090.jpg,0.00027364492416381836,False
/Users/aanyasingh/Projects/imagevalidation2/data/FloodingDataset2/processed_data/binary/train/non_flood/plant/plant_000083.jpg,0.0002719759941101074,False
/Users/aanyasingh/Projects/imagevalidation2/data/FloodingDataset2/processed_data/binary/train/non_flood/street_clear/street_clear_000282.jpg,0.00027114152908325195,False
/Users/aanyasingh/Projects/imagevalidation2/data/FloodingDataset2/processed_data/binary/train/non_flood/park_walkway/park_walkway_000039.jpg,0.0002689957618713379,False
/Users/aanyasingh/Projects/imagevalidation2/data/FloodingDataset2/processed_data/binary/train/non_flood/vehicle/vehicle_000079.jpg,0.00026684999465942383,False
/Users/aanyasingh/Projects/imagevalidation2/data/FloodingDataset2/processed_data/binary/train/non_flood/plant/plant_000154.jpg,0.000265657901763916,False
/Users/aanyasingh/Projects/imagevalidation2/data/FloodingDataset2/processed_data/binary/train/non_flood/plant/plant_000140.jpg,0.00026303529739379883,False
/Users/aanyasingh/Projects/imagevalidation2/data/FloodingDataset2/processed_data/binary/train/non_flood/vehicle/vehicle_000234.jpg,0.0002626776695251465,False
/Users/aanyasingh/Projects/imagevalidation2/data/FloodingDataset2/processed_data/binary/train/non_flood/street_clear/street_clear_000457.jpg,0.00026112794876098633,False
/Users/aanyasingh/Projects/imagevalidation2/data/FloodingDataset2/processed_data/binary/train/non_flood/park_walkway/park_walkway_000057.jpg,0.0002605319023132324,False
/Users/aanyasingh/Projects/imagevalidation2/data/FloodingDataset2/processed_data/binary/train/non_flood/park_walkway/park_walkway_000179.jpg,0.0002587437629699707,False
/Users/aanyasingh/Projects/imagevalidation2/data/FloodingDataset2/processed_data/binary/train/non_flood/park_walkway/park_walkway_000279.jpg,0.000258028507232666,False
/Users/aanyasingh/Projects/imagevalidation2/data/FloodingDataset2/processed_data/binary/train/non_flood/vehicle/vehicle_000124.jpg,0.00025767087936401367,False
/Users/aanyasingh/Projects/imagevalidation2/data/FloodingDataset2/processed_data/binary/train/non_flood/swimming_pool/swimming_pool_000002.jpg,0.00025707483291625977,False
/Users/aanyasingh/Projects/imagevalidation2/data/FloodingDataset2/processed_data/binary/train/non_flood/building/building_000284.jpg,0.000256955623626709,False
/Users/aanyasingh/Projects/imagevalidation2/data/FloodingDataset2/processed_data/binary/train/non_flood/street_clear/street_clear_000511.jpg,0.000256955623626709,False
/Users/aanyasingh/Projects/imagevalidation2/data/FloodingDataset2/processed_data/binary/train/non_flood/park_walkway/park_walkway_000167.jpg,0.00025469064712524414,False
/Users/aanyasingh/Projects/imagevalidation2/data/FloodingDataset2/processed_data/binary/train/non_flood/street_clear/street_clear_000096.jpg,0.0002537369728088379,False
/Users/aanyasingh/Projects/imagevalidation2/data/FloodingDataset2/processed_data/binary/train/non_flood/animal/animal_000186.jpg,0.0002518296241760254,False
/Users/aanyasingh/Projects/imagevalidation2/data/FloodingDataset2/processed_data/binary/train/non_flood/park_walkway/park_walkway_000038.jpg,0.0002505183219909668,False
/Users/aanyasingh/Projects/imagevalidation2/data/FloodingDataset2/processed_data/binary/train/non_flood/vehicle/vehicle_000059.jpg,0.0002505183219909668,False
/Users/aanyasingh/Projects/imagevalidation2/data/FloodingDataset2/processed_data/binary/train/non_flood/vehicle/vehicle_000197.jpg,0.0002498030662536621,False
/Users/aanyasingh/Projects/imagevalidation2/data/FloodingDataset2/processed_data/binary/train/non_flood/park_walkway/park_walkway_000271.jpg,0.000249326229095459,False
/Users/aanyasingh/Projects/imagevalidation2/data/FloodingDataset2/processed_data/binary/train/non_flood/park_walkway/park_walkway_000033.jpg,0.00024777650833129883,False
/Users/aanyasingh/Projects/imagevalidation2/data/FloodingDataset2/processed_data/binary/train/non_flood/building/building_000085.jpg,0.0002449154853820801,False
/Users/aanyasingh/Projects/imagevalidation2/data/FloodingDataset2/processed_data/binary/train/non_flood/park_walkway/park_walkway_000036.jpg,0.00024431943893432617,False
/Users/aanyasingh/Projects/imagevalidation2/data/FloodingDataset2/processed_data/binary/train/non_flood/river/river_000354.jpg,0.00024300813674926758,False
/Users/aanyasingh/Projects/imagevalidation2/data/FloodingDataset2/processed_data/binary/train/non_flood/building/building_000097.jpg,0.0002422928810119629,False
/Users/aanyasingh/Projects/imagevalidation2/data/FloodingDataset2/processed_data/binary/train/non_flood/building/building_000043.jpg,0.0002421736717224121,False
/Users/aanyasingh/Projects/imagevalidation2/data/FloodingDataset2/processed_data/binary/train/non_flood/street_clear/street_clear_000146.jpg,0.0002421736717224121,False
/Users/aanyasingh/Projects/imagevalidation2/data/FloodingDataset2/processed_data/binary/train/non_flood/street_clear/street_clear_000412.jpg,0.00024086236953735352,False
/Users/aanyasingh/Projects/imagevalidation2/data/FloodingDataset2/processed_data/binary/train/non_flood/building/building_000131.jpg,0.00024050474166870117,False
/Users/aanyasingh/Projects/imagevalidation2/data/FloodingDataset2/processed_data/binary/train/non_flood/plant/plant_000091.jpg,0.0002403855323791504,False
/Users/aanyasingh/Projects/imagevalidation2/data/FloodingDataset2/processed_data/binary/train/non_flood/animal/animal_000138.jpg,0.00023978948593139648,False
/Users/aanyasingh/Projects/imagevalidation2/data/FloodingDataset2/processed_data/binary/train/non_flood/street_clear/street_clear_000063.jpg,0.00023871660232543945,False
/Users/aanyasingh/Projects/imagevalidation2/data/FloodingDataset2/processed_data/binary/train/non_flood/park_walkway/park_walkway_000282.jpg,0.00023704767227172852,False
/Users/aanyasingh/Projects/imagevalidation2/data/FloodingDataset2/processed_data/binary/train/non_flood/swimming_pool/swimming_pool_000042.jpg,0.00023561716079711914,False
/Users/aanyasingh/Projects/imagevalidation2/data/FloodingDataset2/processed_data/binary/train/non_flood/swimming_pool/swimming_pool_000053.jpg,0.00023418664932250977,False
/Users/aanyasingh/Projects/imagevalidation2/data/FloodingDataset2/processed_data/binary/train/non_flood/building/building_000075.jpg,0.0002326369285583496,False
/Users/aanyasingh/Projects/imagevalidation2/data/FloodingDataset2/processed_data/binary/train/non_flood/river/river_000241.jpg,0.00023096799850463867,False
/Users/aanyasingh/Projects/imagevalidation2/data/FloodingDataset2/processed_data/binary/train/non_flood/park_walkway/park_walkway_000000.jpg,0.00023061037063598633,False
/Users/aanyasingh/Projects/imagevalidation2/data/FloodingDataset2/processed_data/binary/train/non_flood/swimming_pool/swimming_pool_000031.jpg,0.00022798776626586914,False
/Users/aanyasingh/Projects/imagevalidation2/data/FloodingDataset2/processed_data/binary/train/non_flood/street_clear/street_clear_000415.jpg,0.00022786855697631836,False
/Users/aanyasingh/Projects/imagevalidation2/data/FloodingDataset2/processed_data/binary/train/non_flood/park_walkway/park_walkway_000204.jpg,0.00022727251052856445,False
/Users/aanyasingh/Projects/imagevalidation2/data/FloodingDataset2/processed_data/binary/train/non_flood/animal/animal_000240.jpg,0.00022619962692260742,False
/Users/aanyasingh/Projects/imagevalidation2/data/FloodingDataset2/processed_data/binary/train/non_flood/vehicle/vehicle_000176.jpg,0.00022536516189575195,False
/Users/aanyasingh/Projects/imagevalidation2/data/FloodingDataset2/processed_data/binary/train/non_flood/vehicle/vehicle_000102.jpg,0.0002250075340270996,False
/Users/aanyasingh/Projects/imagevalidation2/data/FloodingDataset2/processed_data/binary/train/non_flood/park_walkway/park_walkway_000275.jpg,0.00022476911544799805,False
/Users/aanyasingh/Projects/imagevalidation2/data/FloodingDataset2/processed_data/binary/train/non_flood/street_clear/street_clear_000482.jpg,0.00022453069686889648,False
/Users/aanyasingh/Projects/imagevalidation2/data/FloodingDataset2/processed_data/binary/train/non_flood/street_clear/street_clear_000302.jpg,0.00022405385971069336,False
/Users/aanyasingh/Projects/imagevalidation2/data/FloodingDataset2/processed_data/binary/train/non_flood/park_walkway/park_walkway_000218.jpg,0.00022298097610473633,False
/Users/aanyasingh/Projects/imagevalidation2/data/FloodingDataset2/processed_data/binary/train/non_flood/building/building_000258.jpg,0.00022202730178833008,False
/Users/aanyasingh/Projects/imagevalidation2/data/FloodingDataset2/processed_data/binary/train/non_flood/street_clear/street_clear_000028.jpg,0.00022035837173461914,False
/Users/aanyasingh/Projects/imagevalidation2/data/FloodingDataset2/processed_data/binary/train/non_flood/animal/animal_000277.jpg,0.00021833181381225586,False
/Users/aanyasingh/Projects/imagevalidation2/data/FloodingDataset2/processed_data/binary/train/non_flood/river/river_000100.jpg,0.00021773576736450195,False
/Users/aanyasingh/Projects/imagevalidation2/data/FloodingDataset2/processed_data/binary/train/non_flood/vehicle/vehicle_000047.jpg,0.00021713972091674805,False
/Users/aanyasingh/Projects/imagevalidation2/data/FloodingDataset2/processed_data/binary/train/non_flood/street_clear/street_clear_000013.jpg,0.00021702051162719727,False
/Users/aanyasingh/Projects/imagevalidation2/data/FloodingDataset2/processed_data/binary/train/non_flood/park_walkway/park_walkway_000354.jpg,0.0002135634422302246,False
/Users/aanyasingh/Projects/imagevalidation2/data/FloodingDataset2/processed_data/binary/train/non_flood/park_walkway/park_walkway_000100.jpg,0.00021034479141235352,False
/Users/aanyasingh/Projects/imagevalidation2/data/FloodingDataset2/processed_data/binary/train/non_flood/park_walkway/park_walkway_000304.jpg,0.00021022558212280273,False
/Users/aanyasingh/Projects/imagevalidation2/data/FloodingDataset2/processed_data/binary/train/non_flood/animal/animal_000058.jpg,0.00020927190780639648,False
/Users/aanyasingh/Projects/imagevalidation2/data/FloodingDataset2/processed_data/binary/train/non_flood/street_clear/street_clear_000326.jpg,0.0002079606056213379,False
/Users/aanyasingh/Projects/imagevalidation2/data/FloodingDataset2/processed_data/binary/train/non_flood/park_walkway/park_walkway_000297.jpg,0.0002053380012512207,False
/Users/aanyasingh/Projects/imagevalidation2/data/FloodingDataset2/processed_data/binary/train/non_flood/animal/animal_000179.jpg,0.00020462274551391602,False
/Users/aanyasingh/Projects/imagevalidation2/data/FloodingDataset2/processed_data/binary/train/non_flood/park_walkway/park_walkway_000040.jpg,0.00020462274551391602,False
/Users/aanyasingh/Projects/imagevalidation2/data/FloodingDataset2/processed_data/binary/train/non_flood/building/building_000256.jpg,0.00019985437393188477,False
/Users/aanyasingh/Projects/imagevalidation2/data/FloodingDataset2/processed_data/binary/train/non_flood/park_walkway/park_walkway_000053.jpg,0.00019758939743041992,False
/Users/aanyasingh/Projects/imagevalidation2/data/FloodingDataset2/processed_data/binary/train/non_flood/park_walkway/park_walkway_000257.jpg,0.0001938939094543457,False
/Users/aanyasingh/Projects/imagevalidation2/data/FloodingDataset2/processed_data/binary/train/non_flood/vehicle/vehicle_000000.jpg,0.00019091367721557617,False
/Users/aanyasingh/Projects/imagevalidation2/data/FloodingDataset2/processed_data/binary/train/non_flood/building/building_000132.jpg,0.00019043684005737305,False
/Users/aanyasingh/Projects/imagevalidation2/data/FloodingDataset2/processed_data/binary/train/non_flood/vehicle/vehicle_000104.jpg,0.00018912553787231445,False
/Users/aanyasingh/Projects/imagevalidation2/data/FloodingDataset2/processed_data/binary/train/non_flood/river/river_000280.jpg,0.00018543004989624023,False
/Users/aanyasingh/Projects/imagevalidation2/data/FloodingDataset2/processed_data/binary/train/non_flood/park_walkway/park_walkway_000023.jpg,0.00018352270126342773,False
/Users/aanyasingh/Projects/imagevalidation2/data/FloodingDataset2/processed_data/binary/train/non_flood/street_clear/street_clear_000442.jpg,0.0001811385154724121,False
/Users/aanyasingh/Projects/imagevalidation2/data/FloodingDataset2/processed_data/binary/train/non_flood/vehicle/vehicle_000150.jpg,0.00018018484115600586,False
/Users/aanyasingh/Projects/imagevalidation2/data/FloodingDataset2/processed_data/binary/train/non_flood/plant/plant_000086.jpg,0.0001799464225769043,False
/Users/aanyasingh/Projects/imagevalidation2/data/FloodingDataset2/processed_data/binary/train/non_flood/vehicle/vehicle_000072.jpg,0.00017958879470825195,False
/Users/aanyasingh/Projects/imagevalidation2/data/FloodingDataset2/processed_data/binary/train/non_flood/animal/animal_000205.jpg,0.00017875432968139648,False
/Users/aanyasingh/Projects/imagevalidation2/data/FloodingDataset2/processed_data/binary/train/non_flood/building/building_000139.jpg,0.00017756223678588867,False
/Users/aanyasingh/Projects/imagevalidation2/data/FloodingDataset2/processed_data/binary/train/non_flood/swimming_pool/swimming_pool_000036.jpg,0.00017756223678588867,False
/Users/aanyasingh/Projects/imagevalidation2/data/FloodingDataset2/processed_data/binary/train/non_flood/park_walkway/park_walkway_000111.jpg,0.0001773238182067871,False
/Users/aanyasingh/Projects/imagevalidation2/data/FloodingDataset2/processed_data/binary/train/non_flood/vehicle/vehicle_000132.jpg,0.00017660856246948242,False
/Users/aanyasingh/Projects/imagevalidation2/data/FloodingDataset2/processed_data/binary/train/non_flood/street_clear/street_clear_000453.jpg,0.00017577409744262695,False
/Users/aanyasingh/Projects/imagevalidation2/data/FloodingDataset2/processed_data/binary/train/non_flood/street_clear/street_clear_000377.jpg,0.00017529726028442383,False
/Users/aanyasingh/Projects/imagevalidation2/data/FloodingDataset2/processed_data/binary/train/non_flood/vehicle/vehicle_000015.jpg,0.00017374753952026367,False
/Users/aanyasingh/Projects/imagevalidation2/data/FloodingDataset2/processed_data/binary/train/non_flood/building/building_000035.jpg,0.0001736283302307129,False
/Users/aanyasingh/Projects/imagevalidation2/data/FloodingDataset2/processed_data/binary/train/non_flood/plant/plant_000156.jpg,0.00017154216766357422,False
/Users/aanyasingh/Projects/imagevalidation2/data/FloodingDataset2/processed_data/binary/train/non_flood/building/building_000108.jpg,0.00017082691192626953,False
/Users/aanyasingh/Projects/imagevalidation2/data/FloodingDataset2/processed_data/binary/train/non_flood/animal/animal_000206.jpg,0.00017070770263671875,False
/Users/aanyasingh/Projects/imagevalidation2/data/FloodingDataset2/processed_data/binary/train/non_flood/street_clear/street_clear_000323.jpg,0.0001704692840576172,False
/Users/aanyasingh/Projects/imagevalidation2/data/FloodingDataset2/processed_data/binary/train/non_flood/park_walkway/park_walkway_000386.jpg,0.00016772747039794922,False
/Users/aanyasingh/Projects/imagevalidation2/data/FloodingDataset2/processed_data/binary/train/non_flood/park_walkway/park_walkway_000075.jpg,0.0001672506332397461,False
/Users/aanyasingh/Projects/imagevalidation2/data/FloodingDataset2/processed_data/binary/train/non_flood/animal/animal_000267.jpg,0.0001671314239501953,False
/Users/aanyasingh/Projects/imagevalidation2/data/FloodingDataset2/processed_data/binary/train/non_flood/building/building_000015.jpg,0.00016641616821289062,False
/Users/aanyasingh/Projects/imagevalidation2/data/FloodingDataset2/processed_data/binary/train/non_flood/building/building_000053.jpg,0.00016427040100097656,False
/Users/aanyasingh/Projects/imagevalidation2/data/FloodingDataset2/processed_data/binary/train/non_flood/swimming_pool/swimming_pool_000083.jpg,0.00016009807586669922,False
/Users/aanyasingh/Projects/imagevalidation2/data/FloodingDataset2/processed_data/binary/train/non_flood/plant/plant_000143.jpg,0.0001583099365234375,False
/Users/aanyasingh/Projects/imagevalidation2/data/FloodingDataset2/processed_data/binary/train/non_flood/building/building_000022.jpg,0.0001575946807861328,False
/Users/aanyasingh/Projects/imagevalidation2/data/FloodingDataset2/processed_data/binary/train/non_flood/plant/plant_000060.jpg,0.00015747547149658203,False
/Users/aanyasingh/Projects/imagevalidation2/data/FloodingDataset2/processed_data/binary/train/non_flood/street_clear/street_clear_000579.jpg,0.00015747547149658203,False
/Users/aanyasingh/Projects/imagevalidation2/data/FloodingDataset2/processed_data/binary/train/non_flood/park_walkway/park_walkway_000400.jpg,0.00015687942504882812,False
/Users/aanyasingh/Projects/imagevalidation2/data/FloodingDataset2/processed_data/binary/train/non_flood/street_clear/street_clear_000149.jpg,0.00015604496002197266,False
/Users/aanyasingh/Projects/imagevalidation2/data/FloodingDataset2/processed_data/binary/train/non_flood/street_clear/street_clear_000217.jpg,0.00015532970428466797,False
/Users/aanyasingh/Projects/imagevalidation2/data/FloodingDataset2/processed_data/binary/train/non_flood/animal/animal_000069.jpg,0.00015163421630859375,False
/Users/aanyasingh/Projects/imagevalidation2/data/FloodingDataset2/processed_data/binary/train/non_flood/building/building_000245.jpg,0.0001513957977294922,False
/Users/aanyasingh/Projects/imagevalidation2/data/FloodingDataset2/processed_data/binary/train/non_flood/street_clear/street_clear_000404.jpg,0.0001512765884399414,False
/Users/aanyasingh/Projects/imagevalidation2/data/FloodingDataset2/processed_data/binary/train/non_flood/animal/animal_000053.jpg,0.00014853477478027344,False
/Users/aanyasingh/Projects/imagevalidation2/data/FloodingDataset2/processed_data/binary/train/non_flood/street_clear/street_clear_000273.jpg,0.00014579296112060547,False
/Users/aanyasingh/Projects/imagevalidation2/data/FloodingDataset2/processed_data/binary/train/non_flood/river/river_000162.jpg,0.00014543533325195312,False
/Users/aanyasingh/Projects/imagevalidation2/data/FloodingDataset2/processed_data/binary/train/non_flood/park_walkway/park_walkway_000244.jpg,0.0001442432403564453,False
/Users/aanyasingh/Projects/imagevalidation2/data/FloodingDataset2/processed_data/binary/train/non_flood/street_clear/street_clear_000026.jpg,0.00014400482177734375,False
/Users/aanyasingh/Projects/imagevalidation2/data/FloodingDataset2/processed_data/binary/train/non_flood/vehicle/vehicle_000078.jpg,0.00014293193817138672,False
/Users/aanyasingh/Projects/imagevalidation2/data/FloodingDataset2/processed_data/binary/train/non_flood/street_clear/street_clear_000399.jpg,0.00014162063598632812,False
/Users/aanyasingh/Projects/imagevalidation2/data/FloodingDataset2/processed_data/binary/train/non_flood/vehicle/vehicle_000060.jpg,0.00014102458953857422,False
/Users/aanyasingh/Projects/imagevalidation2/data/FloodingDataset2/processed_data/binary/train/non_flood/park_walkway/park_walkway_000150.jpg,0.00014078617095947266,False
/Users/aanyasingh/Projects/imagevalidation2/data/FloodingDataset2/processed_data/binary/train/non_flood/animal/animal_000067.jpg,0.00013959407806396484,False
/Users/aanyasingh/Projects/imagevalidation2/data/FloodingDataset2/processed_data/binary/train/non_flood/park_walkway/park_walkway_000398.jpg,0.00013875961303710938,False
/Users/aanyasingh/Projects/imagevalidation2/data/FloodingDataset2/processed_data/binary/train/non_flood/building/building_000006.jpg,0.00013780593872070312,False
/Users/aanyasingh/Projects/imagevalidation2/data/FloodingDataset2/processed_data/binary/train/non_flood/street_clear/street_clear_000164.jpg,0.00013589859008789062,False
/Users/aanyasingh/Projects/imagevalidation2/data/FloodingDataset2/processed_data/binary/train/non_flood/street_clear/street_clear_000112.jpg,0.0001342296600341797,False
/Users/aanyasingh/Projects/imagevalidation2/data/FloodingDataset2/processed_data/binary/train/non_flood/building/building_000123.jpg,0.0001327991485595703,False
/Users/aanyasingh/Projects/imagevalidation2/data/FloodingDataset2/processed_data/binary/train/non_flood/street_clear/street_clear_000129.jpg,0.00013256072998046875,False
/Users/aanyasingh/Projects/imagevalidation2/data/FloodingDataset2/processed_data/binary/train/non_flood/swimming_pool/swimming_pool_000010.jpg,0.0001322031021118164,False
/Users/aanyasingh/Projects/imagevalidation2/data/FloodingDataset2/processed_data/binary/train/non_flood/building/building_000263.jpg,0.00013148784637451172,False
/Users/aanyasingh/Projects/imagevalidation2/data/FloodingDataset2/processed_data/binary/train/non_flood/vehicle/vehicle_000191.jpg,0.00013113021850585938,False
/Users/aanyasingh/Projects/imagevalidation2/data/FloodingDataset2/processed_data/binary/train/non_flood/building/building_000047.jpg,0.0001310110092163086,False
/Users/aanyasingh/Projects/imagevalidation2/data/FloodingDataset2/processed_data/binary/train/non_flood/street_clear/street_clear_000050.jpg,0.00012981891632080078,False
/Users/aanyasingh/Projects/imagevalidation2/data/FloodingDataset2/processed_data/binary/train/non_flood/park_walkway/park_walkway_000182.jpg,0.0001283884048461914,False
/Users/aanyasingh/Projects/imagevalidation2/data/FloodingDataset2/processed_data/binary/train/non_flood/street_clear/street_clear_000090.jpg,0.00012576580047607422,False
/Users/aanyasingh/Projects/imagevalidation2/data/FloodingDataset2/processed_data/binary/train/non_flood/animal/animal_000160.jpg,0.00012540817260742188,False
/Users/aanyasingh/Projects/imagevalidation2/data/FloodingDataset2/processed_data/binary/train/non_flood/street_clear/street_clear_000037.jpg,0.00012433528900146484,False
/Users/aanyasingh/Projects/imagevalidation2/data/FloodingDataset2/processed_data/binary/train/non_flood/animal/animal_000065.jpg,0.00012362003326416016,False
/Users/aanyasingh/Projects/imagevalidation2/data/FloodingDataset2/processed_data/binary/train/non_flood/building/building_000191.jpg,0.00012135505676269531,False
/Users/aanyasingh/Projects/imagevalidation2/data/FloodingDataset2/processed_data/binary/train/non_flood/animal/animal_000190.jpg,0.00012087821960449219,False
/Users/aanyasingh/Projects/imagevalidation2/data/FloodingDataset2/processed_data/binary/train/non_flood/animal/animal_000189.jpg,0.0001201629638671875,False
/Users/aanyasingh/Projects/imagevalidation2/data/FloodingDataset2/processed_data/binary/train/non_flood/plant/plant_000067.jpg,0.0001201629638671875,False
/Users/aanyasingh/Projects/imagevalidation2/data/FloodingDataset2/processed_data/binary/train/non_flood/street_clear/street_clear_000130.jpg,0.00011920928955078125,False
/Users/aanyasingh/Projects/imagevalidation2/data/FloodingDataset2/processed_data/binary/train/non_flood/plant/plant_000027.jpg,0.00011754035949707031,False
/Users/aanyasingh/Projects/imagevalidation2/data/FloodingDataset2/processed_data/binary/train/non_flood/street_clear/street_clear_000360.jpg,0.00011742115020751953,False
/Users/aanyasingh/Projects/imagevalidation2/data/FloodingDataset2/processed_data/binary/train/non_flood/animal/animal_000193.jpg,0.0001169443130493164,False
/Users/aanyasingh/Projects/imagevalidation2/data/FloodingDataset2/processed_data/binary/train/non_flood/street_clear/street_clear_000461.jpg,0.00011599063873291016,False
/Users/aanyasingh/Projects/imagevalidation2/data/FloodingDataset2/processed_data/binary/train/non_flood/street_clear/street_clear_000262.jpg,0.00011563301086425781,False
/Users/aanyasingh/Projects/imagevalidation2/data/FloodingDataset2/processed_data/binary/train/non_flood/vehicle/vehicle_000214.jpg,0.00011360645294189453,False
/Users/aanyasingh/Projects/imagevalidation2/data/FloodingDataset2/processed_data/binary/train/non_flood/animal/animal_000209.jpg,0.00011241436004638672,False
/Users/aanyasingh/Projects/imagevalidation2/data/FloodingDataset2/processed_data/binary/train/non_flood/street_clear/street_clear_000020.jpg,0.00011169910430908203,False
/Users/aanyasingh/Projects/imagevalidation2/data/FloodingDataset2/processed_data/binary/train/non_flood/street_clear/street_clear_000139.jpg,0.00011157989501953125,False
/Users/aanyasingh/Projects/imagevalidation2/data/FloodingDataset2/processed_data/binary/train/non_flood/street_clear/street_clear_000156.jpg,0.000110626220703125,False
/Users/aanyasingh/Projects/imagevalidation2/data/FloodingDataset2/processed_data/binary/train/non_flood/swimming_pool/swimming_pool_000008.jpg,0.00011026859283447266,False
/Users/aanyasingh/Projects/imagevalidation2/data/FloodingDataset2/processed_data/binary/train/non_flood/park_walkway/park_walkway_000396.jpg,0.00011014938354492188,False
/Users/aanyasingh/Projects/imagevalidation2/data/FloodingDataset2/processed_data/binary/train/non_flood/building/building_000021.jpg,0.0001100301742553711,False
/Users/aanyasingh/Projects/imagevalidation2/data/FloodingDataset2/processed_data/binary/train/non_flood/building/building_000233.jpg,0.00010895729064941406,False
/Users/aanyasingh/Projects/imagevalidation2/data/FloodingDataset2/processed_data/binary/train/non_flood/street_clear/street_clear_000074.jpg,0.00010800361633300781,False
/Users/aanyasingh/Projects/imagevalidation2/data/FloodingDataset2/processed_data/binary/train/non_flood/animal/animal_000019.jpg,0.00010764598846435547,False
/Users/aanyasingh/Projects/imagevalidation2/data/FloodingDataset2/processed_data/binary/train/non_flood/animal/animal_000207.jpg,0.00010764598846435547,False
/Users/aanyasingh/Projects/imagevalidation2/data/FloodingDataset2/processed_data/binary/train/non_flood/park_walkway/park_walkway_000372.jpg,0.00010764598846435547,False
/Users/aanyasingh/Projects/imagevalidation2/data/FloodingDataset2/processed_data/binary/train/non_flood/building/building_000004.jpg,0.00010752677917480469,False
/Users/aanyasingh/Projects/imagevalidation2/data/FloodingDataset2/processed_data/binary/train/non_flood/street_clear/street_clear_000280.jpg,0.00010657310485839844,False
/Users/aanyasingh/Projects/imagevalidation2/data/FloodingDataset2/processed_data/binary/train/non_flood/park_walkway/park_walkway_000230.jpg,0.0001062154769897461,False
/Users/aanyasingh/Projects/imagevalidation2/data/FloodingDataset2/processed_data/binary/train/non_flood/street_clear/street_clear_000339.jpg,0.00010561943054199219,False
/Users/aanyasingh/Projects/imagevalidation2/data/FloodingDataset2/processed_data/binary/train/non_flood/plant/plant_000146.jpg,0.0001055002212524414,False
/Users/aanyasingh/Projects/imagevalidation2/data/FloodingDataset2/processed_data/binary/train/non_flood/building/building_000076.jpg,0.00010418891906738281,False
/Users/aanyasingh/Projects/imagevalidation2/data/FloodingDataset2/processed_data/binary/train/non_flood/street_clear/street_clear_000317.jpg,0.00010204315185546875,False
/Users/aanyasingh/Projects/imagevalidation2/data/FloodingDataset2/processed_data/binary/train/non_flood/park_walkway/park_walkway_000237.jpg,0.00010120868682861328,False
/Users/aanyasingh/Projects/imagevalidation2/data/FloodingDataset2/processed_data/binary/train/non_flood/plant/plant_000142.jpg,0.00010120868682861328,False
/Users/aanyasingh/Projects/imagevalidation2/data/FloodingDataset2/processed_data/binary/train/non_flood/street_clear/street_clear_000301.jpg,0.00010061264038085938,False
/Users/aanyasingh/Projects/imagevalidation2/data/FloodingDataset2/processed_data/binary/train/non_flood/vehicle/vehicle_000155.jpg,9.97781753540039e-05,False
/Users/aanyasingh/Projects/imagevalidation2/data/FloodingDataset2/processed_data/binary/train/non_flood/vehicle/vehicle_000194.jpg,9.97781753540039e-05,False
/Users/aanyasingh/Projects/imagevalidation2/data/FloodingDataset2/processed_data/binary/train/non_flood/swimming_pool/swimming_pool_000061.jpg,9.822845458984375e-05,False
/Users/aanyasingh/Projects/imagevalidation2/data/FloodingDataset2/processed_data/binary/train/non_flood/building/building_000120.jpg,9.775161743164062e-05,False
/Users/aanyasingh/Projects/imagevalidation2/data/FloodingDataset2/processed_data/binary/train/non_flood/street_clear/street_clear_000573.jpg,9.632110595703125e-05,False
/Users/aanyasingh/Projects/imagevalidation2/data/FloodingDataset2/processed_data/binary/train/non_flood/park_walkway/park_walkway_000196.jpg,9.322166442871094e-05,False
/Users/aanyasingh/Projects/imagevalidation2/data/FloodingDataset2/processed_data/binary/train/non_flood/park_walkway/park_walkway_000026.jpg,9.238719940185547e-05,False
/Users/aanyasingh/Projects/imagevalidation2/data/FloodingDataset2/processed_data/binary/train/non_flood/animal/animal_000047.jpg,9.09566879272461e-05,False
/Users/aanyasingh/Projects/imagevalidation2/data/FloodingDataset2/processed_data/binary/train/non_flood/vehicle/vehicle_000187.jpg,9.047985076904297e-05,False
/Users/aanyasingh/Projects/imagevalidation2/data/FloodingDataset2/processed_data/binary/train/non_flood/park_walkway/park_walkway_000333.jpg,8.893013000488281e-05,False
/Users/aanyasingh/Projects/imagevalidation2/data/FloodingDataset2/processed_data/binary/train/non_flood/park_walkway/park_walkway_000215.jpg,8.857250213623047e-05,False
/Users/aanyasingh/Projects/imagevalidation2/data/FloodingDataset2/processed_data/binary/train/non_flood/swimming_pool/swimming_pool_000080.jpg,8.83340835571289e-05,False
/Users/aanyasingh/Projects/imagevalidation2/data/FloodingDataset2/processed_data/binary/train/non_flood/plant/plant_000070.jpg,8.809566497802734e-05,False
/Users/aanyasingh/Projects/imagevalidation2/data/FloodingDataset2/processed_data/binary/train/non_flood/river/river_000178.jpg,8.571147918701172e-05,False
/Users/aanyasingh/Projects/imagevalidation2/data/FloodingDataset2/processed_data/binary/train/non_flood/building/building_000037.jpg,8.499622344970703e-05,False
/Users/aanyasingh/Projects/imagevalidation2/data/FloodingDataset2/processed_data/binary/train/non_flood/plant/plant_000013.jpg,8.487701416015625e-05,False
/Users/aanyasingh/Projects/imagevalidation2/data/FloodingDataset2/processed_data/binary/train/non_flood/street_clear/street_clear_000030.jpg,8.475780487060547e-05,False
/Users/aanyasingh/Projects/imagevalidation2/data/FloodingDataset2/processed_data/binary/train/non_flood/street_clear/street_clear_000135.jpg,8.428096771240234e-05,False
/Users/aanyasingh/Projects/imagevalidation2/data/FloodingDataset2/processed_data/binary/train/non_flood/street_clear/street_clear_000473.jpg,8.344650268554688e-05,False
/Users/aanyasingh/Projects/imagevalidation2/data/FloodingDataset2/processed_data/binary/train/non_flood/swimming_pool/swimming_pool_000032.jpg,8.273124694824219e-05,False
/Users/aanyasingh/Projects/imagevalidation2/data/FloodingDataset2/processed_data/binary/train/non_flood/vehicle/vehicle_000200.jpg,8.20159912109375e-05,False
/Users/aanyasingh/Projects/imagevalidation2/data/FloodingDataset2/processed_data/binary/train/non_flood/park_walkway/park_walkway_000082.jpg,8.118152618408203e-05,False
/Users/aanyasingh/Projects/imagevalidation2/data/FloodingDataset2/processed_data/binary/train/non_flood/plant/plant_000023.jpg,8.07046890258789e-05,False
/Users/aanyasingh/Projects/imagevalidation2/data/FloodingDataset2/processed_data/binary/train/non_flood/street_clear/street_clear_000082.jpg,7.891654968261719e-05,False
/Users/aanyasingh/Projects/imagevalidation2/data/FloodingDataset2/processed_data/binary/train/non_flood/street_clear/street_clear_000564.jpg,7.653236389160156e-05,False
/Users/aanyasingh/Projects/imagevalidation2/data/FloodingDataset2/processed_data/binary/train/non_flood/building/building_000087.jpg,7.474422454833984e-05,False
/Users/aanyasingh/Projects/imagevalidation2/data/FloodingDataset2/processed_data/binary/train/non_flood/plant/plant_000036.jpg,7.414817810058594e-05,False
/Users/aanyasingh/Projects/imagevalidation2/data/FloodingDataset2/processed_data/binary/train/non_flood/swimming_pool/swimming_pool_000033.jpg,7.390975952148438e-05,False
/Users/aanyasingh/Projects/imagevalidation2/data/FloodingDataset2/processed_data/binary/train/non_flood/building/building_000072.jpg,7.2479248046875e-05,False
/Users/aanyasingh/Projects/imagevalidation2/data/FloodingDataset2/processed_data/binary/train/non_flood/street_clear/street_clear_000300.jpg,7.236003875732422e-05,False
/Users/aanyasingh/Projects/imagevalidation2/data/FloodingDataset2/processed_data/binary/train/non_flood/swimming_pool/swimming_pool_000026.jpg,7.212162017822266e-05,False
/Users/aanyasingh/Projects/imagevalidation2/data/FloodingDataset2/processed_data/binary/train/non_flood/building/building_000081.jpg,7.164478302001953e-05,False
/Users/aanyasingh/Projects/imagevalidation2/data/FloodingDataset2/processed_data/binary/train/non_flood/park_walkway/park_walkway_000069.jpg,6.61611557006836e-05,False
/Users/aanyasingh/Projects/imagevalidation2/data/FloodingDataset2/processed_data/binary/train/non_flood/vehicle/vehicle_000171.jpg,6.592273712158203e-05,False
/Users/aanyasingh/Projects/imagevalidation2/data/FloodingDataset2/processed_data/binary/train/non_flood/park_walkway/park_walkway_000248.jpg,6.4849853515625e-05,False
/Users/aanyasingh/Projects/imagevalidation2/data/FloodingDataset2/processed_data/binary/train/non_flood/vehicle/vehicle_000151.jpg,6.4849853515625e-05,False
/Users/aanyasingh/Projects/imagevalidation2/data/FloodingDataset2/processed_data/binary/train/non_flood/plant/plant_000167.jpg,6.461143493652344e-05,False
/Users/aanyasingh/Projects/imagevalidation2/data/FloodingDataset2/processed_data/binary/train/non_flood/street_clear/street_clear_000113.jpg,6.401538848876953e-05,False
/Users/aanyasingh/Projects/imagevalidation2/data/FloodingDataset2/processed_data/binary/train/non_flood/park_walkway/park_walkway_000273.jpg,6.306171417236328e-05,False
/Users/aanyasingh/Projects/imagevalidation2/data/FloodingDataset2/processed_data/binary/train/non_flood/vehicle/vehicle_000169.jpg,6.091594696044922e-05,False
/Users/aanyasingh/Projects/imagevalidation2/data/FloodingDataset2/processed_data/binary/train/non_flood/animal/animal_000191.jpg,6.008148193359375e-05,False
/Users/aanyasingh/Projects/imagevalidation2/data/FloodingDataset2/processed_data/binary/train/non_flood/street_clear/street_clear_000535.jpg,5.805492401123047e-05,False
/Users/aanyasingh/Projects/imagevalidation2/data/FloodingDataset2/processed_data/binary/train/non_flood/park_walkway/park_walkway_000208.jpg,5.6862831115722656e-05,False
/Users/aanyasingh/Projects/imagevalidation2/data/FloodingDataset2/processed_data/binary/train/non_flood/vehicle/vehicle_000206.jpg,5.507469177246094e-05,False
/Users/aanyasingh/Projects/imagevalidation2/data/FloodingDataset2/processed_data/binary/train/non_flood/river/river_000181.jpg,5.435943603515625e-05,False
/Users/aanyasingh/Projects/imagevalidation2/data/FloodingDataset2/processed_data/binary/train/non_flood/street_clear/street_clear_000398.jpg,5.4001808166503906e-05,False
/Users/aanyasingh/Projects/imagevalidation2/data/FloodingDataset2/processed_data/binary/train/non_flood/park_walkway/park_walkway_000242.jpg,5.3763389587402344e-05,False
/Users/aanyasingh/Projects/imagevalidation2/data/FloodingDataset2/processed_data/binary/train/non_flood/street_clear/street_clear_000318.jpg,5.340576171875e-05,False
/Users/aanyasingh/Projects/imagevalidation2/data/FloodingDataset2/processed_data/binary/train/non_flood/street_clear/street_clear_000435.jpg,5.269050598144531e-05,False
/Users/aanyasingh/Projects/imagevalidation2/data/FloodingDataset2/processed_data/binary/train/non_flood/street_clear/street_clear_000218.jpg,5.14984130859375e-05,False
/Users/aanyasingh/Projects/imagevalidation2/data/FloodingDataset2/processed_data/binary/train/non_flood/park_walkway/park_walkway_000080.jpg,5.066394805908203e-05,False
/Users/aanyasingh/Projects/imagevalidation2/data/FloodingDataset2/processed_data/binary/train/non_flood/park_walkway/park_walkway_000071.jpg,4.9948692321777344e-05,False
/Users/aanyasingh/Projects/imagevalidation2/data/FloodingDataset2/processed_data/binary/train/non_flood/park_walkway/park_walkway_000002.jpg,4.9114227294921875e-05,False
/Users/aanyasingh/Projects/imagevalidation2/data/FloodingDataset2/processed_data/binary/train/non_flood/park_walkway/park_walkway_000044.jpg,4.8995018005371094e-05,False
/Users/aanyasingh/Projects/imagevalidation2/data/FloodingDataset2/processed_data/binary/train/non_flood/street_clear/street_clear_000159.jpg,4.8160552978515625e-05,False
/Users/aanyasingh/Projects/imagevalidation2/data/FloodingDataset2/processed_data/binary/train/non_flood/street_clear/street_clear_000403.jpg,4.589557647705078e-05,False
/Users/aanyasingh/Projects/imagevalidation2/data/FloodingDataset2/processed_data/binary/train/non_flood/building/building_000016.jpg,4.553794860839844e-05,False
/Users/aanyasingh/Projects/imagevalidation2/data/FloodingDataset2/processed_data/binary/train/non_flood/building/building_000046.jpg,4.5418739318847656e-05,False
/Users/aanyasingh/Projects/imagevalidation2/data/FloodingDataset2/processed_data/binary/train/non_flood/river/river_000259.jpg,4.5180320739746094e-05,False
/Users/aanyasingh/Projects/imagevalidation2/data/FloodingDataset2/processed_data/binary/train/non_flood/park_walkway/park_walkway_000332.jpg,4.506111145019531e-05,False
/Users/aanyasingh/Projects/imagevalidation2/data/FloodingDataset2/processed_data/binary/train/non_flood/park_walkway/park_walkway_000337.jpg,4.4226646423339844e-05,False
/Users/aanyasingh/Projects/imagevalidation2/data/FloodingDataset2/processed_data/binary/train/non_flood/street_clear/street_clear_000366.jpg,4.410743713378906e-05,False
/Users/aanyasingh/Projects/imagevalidation2/data/FloodingDataset2/processed_data/binary/train/non_flood/street_clear/street_clear_000062.jpg,4.398822784423828e-05,False
/Users/aanyasingh/Projects/imagevalidation2/data/FloodingDataset2/processed_data/binary/train/non_flood/swimming_pool/swimming_pool_000066.jpg,4.1961669921875e-05,False
/Users/aanyasingh/Projects/imagevalidation2/data/FloodingDataset2/processed_data/binary/train/non_flood/street_clear/street_clear_000195.jpg,4.088878631591797e-05,False
/Users/aanyasingh/Projects/imagevalidation2/data/FloodingDataset2/processed_data/binary/train/non_flood/animal/animal_000137.jpg,4.076957702636719e-05,False
/Users/aanyasingh/Projects/imagevalidation2/data/FloodingDataset2/processed_data/binary/train/non_flood/animal/animal_000114.jpg,4.00543212890625e-05,False
/Users/aanyasingh/Projects/imagevalidation2/data/FloodingDataset2/processed_data/binary/train/non_flood/animal/animal_000204.jpg,3.9696693420410156e-05,False
/Users/aanyasingh/Projects/imagevalidation2/data/FloodingDataset2/processed_data/binary/train/non_flood/swimming_pool/swimming_pool_000067.jpg,3.8623809814453125e-05,False
/Users/aanyasingh/Projects/imagevalidation2/data/FloodingDataset2/processed_data/binary/train/non_flood/building/building_000247.jpg,3.6597251892089844e-05,False
/Users/aanyasingh/Projects/imagevalidation2/data/FloodingDataset2/processed_data/binary/train/non_flood/park_walkway/park_walkway_000011.jpg,3.6597251892089844e-05,False
/Users/aanyasingh/Projects/imagevalidation2/data/FloodingDataset2/processed_data/binary/train/non_flood/river/river_000024.jpg,3.5643577575683594e-05,False
/Users/aanyasingh/Projects/imagevalidation2/data/FloodingDataset2/processed_data/binary/train/non_flood/building/building_000094.jpg,3.4928321838378906e-05,False
/Users/aanyasingh/Projects/imagevalidation2/data/FloodingDataset2/processed_data/binary/train/non_flood/park_walkway/park_walkway_000227.jpg,3.4928321838378906e-05,False
/Users/aanyasingh/Projects/imagevalidation2/data/FloodingDataset2/processed_data/binary/train/non_flood/park_walkway/park_walkway_000404.jpg,3.4809112548828125e-05,False
/Users/aanyasingh/Projects/imagevalidation2/data/FloodingDataset2/processed_data/binary/train/non_flood/vehicle/vehicle_000045.jpg,3.4689903259277344e-05,False
/Users/aanyasingh/Projects/imagevalidation2/data/FloodingDataset2/processed_data/binary/train/non_flood/animal/animal_000269.jpg,3.445148468017578e-05,False
/Users/aanyasingh/Projects/imagevalidation2/data/FloodingDataset2/processed_data/binary/train/non_flood/river/river_000045.jpg,3.063678741455078e-05,False
/Users/aanyasingh/Projects/imagevalidation2/data/FloodingDataset2/processed_data/binary/train/non_flood/park_walkway/park_walkway_000133.jpg,2.944469451904297e-05,False
/Users/aanyasingh/Projects/imagevalidation2/data/FloodingDataset2/processed_data/binary/train/non_flood/swimming_pool/swimming_pool_000052.jpg,2.765655517578125e-05,False
/Users/aanyasingh/Projects/imagevalidation2/data/FloodingDataset2/processed_data/binary/train/non_flood/street_clear/street_clear_000171.jpg,2.753734588623047e-05,False
/Users/aanyasingh/Projects/imagevalidation2/data/FloodingDataset2/processed_data/binary/train/non_flood/street_clear/street_clear_000308.jpg,2.7179718017578125e-05,False
/Users/aanyasingh/Projects/imagevalidation2/data/FloodingDataset2/processed_data/binary/train/non_flood/park_walkway/park_walkway_000380.jpg,2.5033950805664062e-05,False
/Users/aanyasingh/Projects/imagevalidation2/data/FloodingDataset2/processed_data/binary/train/non_flood/street_clear/street_clear_000448.jpg,2.4557113647460938e-05,False
/Users/aanyasingh/Projects/imagevalidation2/data/FloodingDataset2/processed_data/binary/train/non_flood/park_walkway/park_walkway_000355.jpg,2.4199485778808594e-05,False
/Users/aanyasingh/Projects/imagevalidation2/data/FloodingDataset2/processed_data/binary/train/non_flood/building/building_000045.jpg,2.396106719970703e-05,False
/Users/aanyasingh/Projects/imagevalidation2/data/FloodingDataset2/processed_data/binary/train/non_flood/plant/plant_000164.jpg,2.3603439331054688e-05,False
/Users/aanyasingh/Projects/imagevalidation2/data/FloodingDataset2/processed_data/binary/train/non_flood/street_clear/street_clear_000368.jpg,2.3245811462402344e-05,False
/Users/aanyasingh/Projects/imagevalidation2/data/FloodingDataset2/processed_data/binary/train/non_flood/street_clear/street_clear_000012.jpg,2.086162567138672e-05,False
/Users/aanyasingh/Projects/imagevalidation2/data/FloodingDataset2/processed_data/binary/train/non_flood/park_walkway/park_walkway_000094.jpg,2.0503997802734375e-05,False
/Users/aanyasingh/Projects/imagevalidation2/data/FloodingDataset2/processed_data/binary/train/non_flood/street_clear/street_clear_000264.jpg,2.0503997802734375e-05,False
/Users/aanyasingh/Projects/imagevalidation2/data/FloodingDataset2/processed_data/binary/train/non_flood/street_clear/street_clear_000349.jpg,1.990795135498047e-05,False
/Users/aanyasingh/Projects/imagevalidation2/data/FloodingDataset2/processed_data/binary/train/non_flood/swimming_pool/swimming_pool_000082.jpg,1.9550323486328125e-05,False
/Users/aanyasingh/Projects/imagevalidation2/data/FloodingDataset2/processed_data/binary/train/non_flood/swimming_pool/swimming_pool_000062.jpg,1.9073486328125e-05,False
/Users/aanyasingh/Projects/imagevalidation2/data/FloodingDataset2/processed_data/binary/train/non_flood/park_walkway/park_walkway_000101.jpg,1.8715858459472656e-05,False
/Users/aanyasingh/Projects/imagevalidation2/data/FloodingDataset2/processed_data/binary/train/non_flood/street_clear/street_clear_000369.jpg,1.823902130126953e-05,False
/Users/aanyasingh/Projects/imagevalidation2/data/FloodingDataset2/processed_data/binary/train/non_flood/park_walkway/park_walkway_000200.jpg,1.728534698486328e-05,False
/Users/aanyasingh/Projects/imagevalidation2/data/FloodingDataset2/processed_data/binary/train/non_flood/plant/plant_000016.jpg,1.728534698486328e-05,False
/Users/aanyasingh/Projects/imagevalidation2/data/FloodingDataset2/processed_data/binary/train/non_flood/swimming_pool/swimming_pool_000096.jpg,1.71661376953125e-05,False
/Users/aanyasingh/Projects/imagevalidation2/data/FloodingDataset2/processed_data/binary/train/non_flood/building/building_000089.jpg,1.6689300537109375e-05,False
/Users/aanyasingh/Projects/imagevalidation2/data/FloodingDataset2/processed_data/binary/train/non_flood/park_walkway/park_walkway_000229.jpg,1.4066696166992188e-05,False
/Users/aanyasingh/Projects/imagevalidation2/data/FloodingDataset2/processed_data/binary/train/non_flood/park_walkway/park_walkway_000359.jpg,1.3709068298339844e-05,False
/Users/aanyasingh/Projects/imagevalidation2/data/FloodingDataset2/processed_data/binary/train/non_flood/street_clear/street_clear_000580.jpg,1.3709068298339844e-05,False
/Users/aanyasingh/Projects/imagevalidation2/data/FloodingDataset2/processed_data/binary/train/non_flood/street_clear/street_clear_000584.jpg,1.3589859008789062e-05,False
/Users/aanyasingh/Projects/imagevalidation2/data/FloodingDataset2/processed_data/binary/train/non_flood/park_walkway/park_walkway_000151.jpg,1.2874603271484375e-05,False
/Users/aanyasingh/Projects/imagevalidation2/data/FloodingDataset2/processed_data/binary/train/non_flood/animal/animal_000184.jpg,1.1086463928222656e-05,False
/Users/aanyasingh/Projects/imagevalidation2/data/FloodingDataset2/processed_data/binary/train/non_flood/swimming_pool/swimming_pool_000040.jpg,1.0609626770019531e-05,False
/Users/aanyasingh/Projects/imagevalidation2/data/FloodingDataset2/processed_data/binary/train/non_flood/park_walkway/park_walkway_000155.jpg,1.0132789611816406e-05,False
/Users/aanyasingh/Projects/imagevalidation2/data/FloodingDataset2/processed_data/binary/train/non_flood/park_walkway/park_walkway_000249.jpg,1.0132789611816406e-05,False
/Users/aanyasingh/Projects/imagevalidation2/data/FloodingDataset2/processed_data/binary/train/non_flood/street_clear/street_clear_000081.jpg,1.0132789611816406e-05,False
/Users/aanyasingh/Projects/imagevalidation2/data/FloodingDataset2/processed_data/binary/train/non_flood/park_walkway/park_walkway_000025.jpg,8.940696716308594e-06,False
/Users/aanyasingh/Projects/imagevalidation2/data/FloodingDataset2/processed_data/binary/train/non_flood/building/building_000268.jpg,7.748603820800781e-06,False
/Users/aanyasingh/Projects/imagevalidation2/data/FloodingDataset2/processed_data/binary/train/non_flood/street_clear/street_clear_000410.jpg,7.152557373046875e-06,False
/Users/aanyasingh/Projects/imagevalidation2/data/FloodingDataset2/processed_data/binary/train/non_flood/park_walkway/park_walkway_000276.jpg,5.4836273193359375e-06,False
/Users/aanyasingh/Projects/imagevalidation2/data/FloodingDataset2/processed_data/binary/train/non_flood/park_walkway/park_walkway_000045.jpg,5.364418029785156e-06,False
/Users/aanyasingh/Projects/imagevalidation2/data/FloodingDataset2/processed_data/binary/train/non_flood/swimming_pool/swimming_pool_000045.jpg,5.245208740234375e-06,False
/Users/aanyasingh/Projects/imagevalidation2/data/FloodingDataset2/processed_data/binary/train/non_flood/plant/plant_000082.jpg,4.291534423828125e-06,False
/Users/aanyasingh/Projects/imagevalidation2/data/FloodingDataset2/processed_data/binary/train/non_flood/street_clear/street_clear_000154.jpg,3.814697265625e-06,False
/Users/aanyasingh/Projects/imagevalidation2/data/FloodingDataset2/processed_data/binary/train/non_flood/street_clear/street_clear_000532.jpg,2.2649765014648438e-06,False
/Users/aanyasingh/Projects/imagevalidation2/data/FloodingDataset2/processed_data/binary/train/non_flood/street_clear/street_clear_000237.jpg,1.6689300537109375e-06,False
/Users/aanyasingh/Projects/imagevalidation2/data/FloodingDataset2/processed_data/binary/train/non_flood/street_clear/street_clear_000229.jpg,8.344650268554688e-07,False
/Users/aanyasingh/Projects/imagevalidation2/data/FloodingDataset2/processed_data/binary/train/non_flood/street_clear/street_clear_000523.jpg,3.5762786865234375e-07,False
